canonical_smiles,pIC50,active
BrCC1CN=C(Nc2ccccn2)S1,3.9586073148417746,0
Brc1ccc(-[n+]2ccc3ccccc3c2)cc1,5.621602099051863,0
Brc1ccc(-c2nnc(N3CCN(c4ccccn4)CC3)o2)cc1,7.130768280269024,1
Brc1ccc(-c2nnc(Nc3ncccn3)o2)cc1,5.430000267796055,0
Brc1ccc(-c2nnc3sc(-c4ccoc4)nn23)cc1,5.7495799976911055,0
Brc1ccc(-c2nnn3c2C2c4ccccc4CCN2Cc2ccccc2-3)cc1,6.6020599913279625,1
Brc1ccc(-n2cc(COc3ccc(/C=N/Nc4c5c(nc6ccccc46)CCCC5)cc3)nn2)cc1,4.892790030352131,0
Brc1ccc(/C=C2/CNCC3=C2N=C2SC=C(c4ccc5ccccc5c4)N2C3c2ccc(Br)cc2)cc1,6.136677139879544,1
Brc1ccc(/C=C2/CNCC3=C2N=C2SC=C(c4ccccc4)N2C3c2ccc(Br)cc2)cc1,5.8297382846050425,0
Brc1ccc(/C=N\C2CCN(Cc3ccccc3)C2)cc1,5.885055584287415,0
Brc1ccc(CN2CCN(c3nccc(NCc4ccccc4)n3)CC2)cc1,4.5934598195660445,0
Brc1ccc(CNC2CCN(Cc3ccccc3)C2)cc1,6.876148359032914,1
Brc1ccc(CNc2ccnc(NC3CCN(Cc4ccccc4)CC3)n2)cc1,5.004364805402449,0
Brc1ccc(Cn2cc(CNC34CC5CC(CC(C5)C3)C4)nn2)cc1,7.036212172654444,1
Brc1ccc(Cn2cc(CNC3CCCCCC3)nn2)cc1,6.206908399823419,1
Brc1ccc([N+]2=Cc3ccccc3CC2)cc1,4.978810700930062,0
Brc1ccc2c(CCC3CCN(Cc4ccccc4)CC3)noc2c1,7.300821784066763,1
Brc1cccc(-c2nnc(Nc3ncccn3)o2)c1,5.480000159330324,0
Brc1cccc(-c2nnc3sc(-c4ccoc4)nn23)c1,6.46344155742847,1
C#CC(C)(C)OC[n+]1ccn(C)c1/C=N/O,4.616184634019569,0
C#CC(C)C(C)OC[n+]1ccn(C)c1/C=N/O,4.896196279044043,0
C#CC(C)NC1CCc2ccc(SC(=O)N(C)C)cc21,5.7447274948966935,0
C#CC(C)NCCc1cccc(OC(=O)N(C)C)c1,6.769551078621726,1
C#CC(C)NCCc1cccc(OC(=O)N(C)CC)c1,4.856985199745905,0
C#CC(C)OC[n+]1ccn(C)c1/C=N/O,4.924453038607469,0
C#CC(CC)OC[n+]1ccn(C)c1/C=N/O,5.1073489661227,0
C#CC(CCC)OC[n+]1ccn(C)c1/C=N/O,5.082494490447454,0
C#CC1(OC[n+]2ccn(C)c2/C=N/O)CCCC1,4.616184634019569,0
C#CC1CCCCC1OC[n+]1ccn(C)c1/C=N/O,4.692503962086787,0
C#CCC(C)OC[n+]1ccn(C)c1/C=N/O,5.059483515067432,0
C#CCC(CCC)OC[n+]1ccn(C)c1/C=N/O,5.283162276700475,0
C#CCC1CCCc2ccc(OC(=O)N(C)C)cc21,5.404503778174426,0
C#CCC1CCCc2ccc(OC(=O)N(C)CC)cc21,4.280668713016273,0
C#CCCCCCCCCCN(C)C(=O)Oc1cccc2c(CN(C)CCC3CCCCCC3)c[nH]c12,6.909389292171593,1
C#CCCCCCCN1CCc2cc(OC)c(OC)cc2C1c1ccc([N+](=O)[O-])cc1,5.534617148551582,0
C#CCCCCCCN1CCc2cc(OC)c(OC)cc2C1c1cccc([N+](=O)[O-])c1,5.092588639225413,0
C#CCCCC[n+]1ccc(/C=N/O)cc1,3.515700160653214,0
C#CCCCC[n+]1ccccc1/C=N/O,4.211124884224583,0
C#CCCCC[n+]1ccn(C(C)(C)C)c1/C=N/O,4.115771230367396,0
C#CCCCC[n+]1ccn(C)c1/C=N/O,5.070581074285707,0
C#CCCCC[n+]1ccn(COC)c1/C=N/O,3.7328282715969863,0
C#CCCCC[n+]1cn(C)c(/C=N/O)n1,4.204119982655925,0
C#CCCCN(C)C(=O)Oc1cccc2c(CN(C)CCC3CCCCCC3)c[nH]c12,5.966174306046689,0
C#CCCCOC[n+]1ccn(C)c1/C=N/O,4.554395796726403,0
C#CCCOC[n+]1ccc(/C=N/O)cc1,4.015472686656207,0
C#CCCOC[n+]1ccn(C(C)(C)C)c1/C=N/O,3.4698003017969175,0
C#CCCOC[n+]1ccn(C)c1/C=N/O,4.838631997765025,0
C#CCCOC[n+]1ccn(C)c1C,4.568636235841012,0
C#CCN(C(=O)Oc1cccc2c(CN(C)CCC3CCCCCC3)c[nH]c12)C(C)C,5.2713216331490855,0
C#CCN(C)C(=O)Oc1ccc2c(CN(C)CCC3CCCCCC3)c[nH]c2c1,5.836838625022981,0
C#CCN(C)C(=O)Oc1cccc2c(CN(C)CCC3CCCCCC3)c[nH]c12,6.468138050904191,1
C#CCN(C)C(C)Cc1cccc(OC(=O)N(C)C)c1,5.785156151952302,0
C#CCN(C)C(C)Cc1cccc(OC(=O)N(C)C2CCCCC2)c1,5.061980902523789,0
C#CCN(C)C(C)Cc1cccc(OC(=O)N(C)CC)c1,3.6307841425898575,0
C#CCN(C)C(C)Cc1cccc(OC(=O)N(C)CCC)c1,4.480172006224281,0
C#CCN(C)C(C)Cc1cccc(OC(=O)N(C)CCCCCC)c1,5.542065361569804,0
C#CCN(C)C1CCc2c(OC(=O)N(C)CC)cccc21,5.112376870129882,0
C#CCN(C)C1CCc2ccc(OC(=O)N(C)C)cc21,4.889410289700751,0
C#CCN(C)C1CCc2cccc(OC(=O)N(C)C)c21,4.145789549932644,0
C#CCN(C)C1CCc2cccc(OC(=O)N(C)CC)c21,3.3575354797578782,0
C#CCN(C)CCc1cccc(OC(=O)N(C)C)c1,6.070581074285707,1
C#CCN(C)CCc1cccc(OC(=O)N(C)CC)c1,4.779891911959945,0
C#CCN(C)Cc1cc2cc(OCCCC3CCN(Cc4ccc(OC(=O)N(C)C)c5ncccc45)CC3)ccc2n1C,5.075720713938118,0
C#CCN(C)Cc1cc2cc(OCCCC3CCN(Cc4ccccc4)CC3)ccc2[nH]1,4.8124792791635365,0
C#CCN(C)Cc1cc2cc(OCCCC3CCN(Cc4ccccc4)CC3)ccc2n1C,6.1032023975591185,1
C#CCN(C)Cc1cc2cc(OCCCC3CCN(Cc4ccccc4C)CC3)ccc2n1C,5.552841968657781,0
C#CCN(C)Cc1cc2cc(OCCCN3CCCCC3)ccc2n1C,6.275724130399211,1
C#CCN(C)Cc1ccc(C(=O)c2ccc(OC)c(OC)c2)cc1,4.565431095965801,0
C#CCN(C)Cc1ccc(O)c2ncccc12,5.7447274948966935,0
C#CCN(C)Cc1ccc(OC(=O)N(C)C)c2ncccc12,6.2839966563652006,1
C#CCN(C)[C@@H](C)Cc1cccc(OC(=O)N(C)C2CCCCC2)c1,5.200659450546418,0
C#CCN(C)[C@@H](C)Cc1cccc(OC(=O)N(C)CCCCCC)c1,5.468521082957745,0
C#CCN(C)[C@@H]1CCc2ccc(OC(=O)N(C)CC)cc21,2.920818753952375,0
C#CCN(C)[C@H](C)Cc1cccc(OC(=O)N(C)C2CCCCC2)c1,5.102372908709558,0
C#CCN(C)[C@H](C)Cc1cccc(OC(=O)N(C)CCCCCC)c1,5.698970004336019,0
C#CCN(CC#C)C(=O)Oc1cccc2c(CN(C)CCC3CCCCCC3)c[nH]c12,6.333388431580969,1
C#CCN(CC)C(=O)Oc1cccc2c(CN(C)CCC3CCCCCC3)c[nH]c12,5.123435786016154,0
C#CCN(CC)C1CCc2ccc(OC(=O)N(C)C)cc21,4.747146969020107,0
C#CCN(CCC1CCN(Cc2ccccc2)CC1)Cc1ccc2cccc(O)c2n1,5.3872161432802645,0
C#CCN(CCCC1CCN(Cc2ccccc2)CC1)Cc1ccc2cccc(O)c2n1,5.823908740944319,0
C#CCN(CCCN1C(=O)c2ccccc2C1=O)Cc1ccccc1,5.920818753952375,0
C#CCN(Cc1ccc(O)c2ncccc12)C(C#N)CCC1CCN(Cc2ccccc2)CC1,6.455931955649724,1
C#CCN(Cc1ccc2cccc(O)c2n1)C(C#N)C1CCN(Cc2ccccc2)CC1,4.192464971931146,0
C#CCN(Cc1ccc2cccc(O)c2n1)C(C#N)CC1CCN(Cc2ccccc2)CC1,5.481486060122112,0
C#CCN(Cc1ccc2cccc(O)c2n1)C(C#N)CCC1CCN(Cc2ccccc2)CC1,7.537602002101044,1
C#CCN(Cc1ccc2cccc(O)c2n1)CC1CCN(Cc2ccccc2)CC1,5.013228265733755,0
C#CCN1CCc2nc3nc(N4CCCC4)c(C#N)cc3c(N)c2C1,6.187086643357144,1
C#CCNC(C)Cc1cccc(OC(=O)N(C)C)c1,6.267606240177031,1
C#CCNC(C)Cc1cccc(OC(=O)N(C)C2CCCCC2)c1,5.443697499232712,0
C#CCNC(C)Cc1cccc(OC(=O)N(C)CC)c1,4.4698003017969175,0
C#CCNC(C)Cc1cccc(OC(=O)N(C)CCC)c1,4.718966632752273,0
C#CCNC(C)Cc1cccc(OC(=O)N(C)CCCC)c1,4.913640169325252,0
C#CCNC1CCCc2ccc(OC(=O)N(C)CC)cc21,4.280668713016273,0
C#CCNC1CCc2c(Cl)cc(OC(=O)N(C)CC)cc21,4.5934598195660445,0
C#CCNC1CCc2c(Cl)cc(OC(=O)N(C)CCC)cc21,4.357535479757878,0
C#CCNC1CCc2c(OC(=O)N(C)C)cccc21,5.670612839577822,0
C#CCNC1CCc2c(OC(=O)N(C)CC)cccc21,4.745735140514356,0
C#CCNC1CCc2cc(Cl)c(OC(=O)N(C)CCC)cc21,4.357535479757878,0
C#CCNC1CCc2ccc(OC(=O)N(C)C)cc21,5.537602002101044,0
C#CCNC1CCc2ccc(OC(=O)N(C)C)cc2C1,5.3872161432802645,0
C#CCNC1CCc2ccc(OC(=O)N(C)C3CCCCC3)cc21,4.3851027839668655,0
C#CCNC1CCc2ccc(OC(=O)N(C)CC)cc21,4.327902142064283,0
C#CCNC1CCc2ccc(OC(=O)N(C)CC)cc2C1,3.690369832574101,0
C#CCNC1CCc2ccc(OC(=O)N(C)CCC)cc21,4.835647144215563,0
C#CCNC1CCc2ccc(OC(=O)N(C)CCCC)cc21,4.94692155651658,0
C#CCNC1CCc2ccc(OC(=O)N(C)CCCCCC)cc21,4.804100347590766,0
C#CCNC1CCc2ccc(OC(=O)N(C)Cc3ccccc3)cc21,5.7495799976911055,0
C#CCNC1CCc2ccc(OC(=O)N(C)c3ccc(OC)cc3)cc21,6.065501548756432,1
C#CCNC1CCc2ccc(OC(=O)N(C)c3ccccc3)cc21,6.259637310505756,1
C#CCNC1CCc2ccc(OC(=O)N(CC)C3CCCCC3)cc21,4.747146969020107,0
C#CCNC1CCc2ccc(OC(=O)N(CC)CCCC)cc21,4.140261433802853,0
C#CCNC1CCc2ccc(OC(=O)NCC)cc21,4.863279432843593,0
C#CCNC1CCc2ccc(OC(=O)NCCC)cc21,5.623423042943488,0
C#CCNC1CCc2cccc(OC(=O)N(C)C)c21,5.6020599913279625,0
C#CCNC1CCc2cccc(OC(=O)N(C)CC)c21,3.279840696594043,0
C#CCNC1CCc2cccc(OC(=O)N(C)CCC)c21,4.33913452199613,0
C#CCNCC(=O)Nc1ccc2nc3n(c(=O)c2c1)CCC3,7.333482019445119,1
C#CCNCCc1cccc(OC(=O)N(C)C)c1,6.657577319177793,1
C#CCNCCc1cccc(OC(=O)N(C)CC)c1,4.519993057042849,0
C#CCNCCc1cccc(OC(=O)N(C)CCC)c1,4.8124792791635365,0
C#CCNCc1cc2cc(OCCCC3CCN(Cc4ccccc4)CC3)ccc2[nH]1,5.309803919971486,0
C#CCN[C@@H]1CCc2cc(Cl)c(OC(=O)N(C)CCC)cc21,4.357535479757878,0
C#CCN[C@@H]1CCc2ccc(OC(=O)N(C)C)cc21,5.7447274948966935,0
C#CCN[C@@H]1CCc2ccc(OC(=O)N(C)CC)cc21,4.111296637212736,0
C#CCN[C@@H]1CCc2ccc(OC(=O)N(C)CCC)cc21,4.966576244513051,0
C#CCN[C@@H]1CCc2ccc(OC(=O)N(C)CCCC)cc21,4.935542010773082,0
C#CCN[C@@H]1CCc2ccccc21,7.721246399047171,1
C#CCN[C@H]1CCc2ccc(OC(=O)N(C)C)cc21,5.647817481888637,0
C#CCN[C@H]1CCc2ccc(OC(=O)N(C)CC)cc21,4.45717457304082,0
C#CCN[C@H]1CCc2ccc(OC(=O)N(C)CCC)cc21,5.070581074285707,0
C#CCN[C@H]1CCc2ccc(OC(=O)N(C)CCCC)cc21,5.031517051446064,0
C#CCNc1c2c(nc3cc(Cl)ccc13)CCCC2,8.0268721464003,1
C#CCNc1c2c(nc3ccccc13)CCCC2,7.2949920406666635,1
C#CCNc1ccccc1-c1cc(-c2ccc(OCCN3CCCCC3)cc2)nc(N)n1,4.3979400086720375,0
C#CCNc1nc(NCCCCC2CCN(Cc3ccccc3)CC2)c(C#N)cc1C#N,9.0,1
C#CCOC(=O)C1=C(C)Nc2nc3c(c(N)c2C1c1cccc(F)c1)CC(C)(C)CC3,5.746661994673893,0
C#CCOC(=O)C1=C(C)Nc2nc3c(c(N)c2C1c1cccc([N+](=O)[O-])c1)CC(C)(C)CC3,5.714892970433188,0
C#CCOC[n+]1ccn(C)c1/C=N/O,4.661543506395395,0
C#CCOP(C)(=O)OC(C(=O)OC)C(F)(F)F,4.360513510731414,0
C#CCOP(C)(=O)OC(C(F)(F)F)C(F)(F)F,4.187086643357144,0
C#CCOc1ccc(-c2cc(-c3ccc(OCC#C)cc3)nc(N)n2)cc1,5.8696662315049934,0
C#CCOc1ccc(-c2cc(-c3ccc(OCCN4CCOCC4)cc3)nc(N)n2)cc1,7.516270100999976,1
C#CCOc1ccc(/C=N/Nc2c3c(nc4ccccc24)CCCC3)cc1,5.5638373529592435,0
C#CCOc1cccc(-c2cc(-c3ccc(OCCN4CCOCC4)cc3)nc(C)n2)c1,8.020451625295905,1
C#CCn1c2cc(OC)ccc2c2ccnc(C)c21,5.721246399047171,0
C(=C/C1CCN(Cc2ccccc2)CC1)\c1noc2ccccc12,6.678596051151363,1
C(=C/C[n+]1ccc2ccccc2c1)\C[n+]1ccc2ccccc2c1,5.154901959985743,0
C(=C/C[n+]1cccc2ccccc21)\C[n+]1cccc2ccccc21,5.221848749616356,0
C(=C/C[n+]1ccccc1)\C[n+]1ccccc1,2.6401645176601116,0
C(=C\C1CCN(Cc2ccccc2)CC1)\c1noc2ccccc12,6.6777807052660805,1
C(=C\C[n+]1ccc2ccccc2c1)\C[n+]1ccc2ccccc2c1,4.769551078621726,0
C(=C\C[n+]1cccc2ccccc21)\C[n+]1cccc2ccccc21,5.698970004336019,0
C(=C\C[n+]1ccccc1)\C[n+]1ccccc1,2.7011469235902936,0
C(=N/C1CCN(Cc2ccccc2)CC1)\c1ccccc1,5.6777807052660805,0
C(=N/Nc1c2c(nc3ccccc13)CCCC2)\c1ccc(OCc2cn(-c3ccccc3)nn2)cc1,6.045757490560675,1
C(=N/Nc1c2c(nc3ccccc13)CCCC2)\c1ccc(OCc2cn(Cc3ccccc3)nn2)cc1,5.978810700930062,0
C(=N\C1CCN(Cc2ccccc2)C1)\c1ccccc1,5.384997385475412,0
C/C(=C/CC[C@H](CO)c1cc2cc(O)c(O)cc2o1)CO,4.543633966870957,0
C/C(=C\C(=O)N(C)[C@H]1CC[C@@]2(C)[C@@H](CC[C@@H]3[C@@H]2CC[C@]2(C)C([C@H](C)N(C)C)=CC[C@@H]32)C1)C(C)C,5.210000001311123,0
C/C(=C\C(=O)N(C)[C@H]1CC[C@@]2(C)[C@@H](CC[C@@H]3[C@@H]2CC[C@]2(C)[C@@H]([C@H](C)N(C)C)CC[C@@H]32)C1)C(C)C,5.190000154058473,0
C/C(=C\C1=CCN(C(=O)CCc2ccccc2)C(=O)C1)N1C(=O)c2ccccc2C1=O,7.2575891194195075,1
C/C(=C\CC[C@@H](C)[C@H]1CC[C@@]2(C)C3=C(CC[C@]12C)[C@@]1(C)CC[C@H](O)C(C)(C)[C@@H]1CC3=O)CO,4.508218224415835,0
C/C(=C\CC[C@@H](C)[C@H]1CC[C@@]2(C)C3=CC[C@H]4C(C)(C)[C@@H](O)CC[C@]4(C)C3=CC[C@]12C)C(=O)O,4.675614655697325,0
C/C(=C\CC[C@@H](C)[C@H]1CC[C@@]2(C)C3=CC[C@H]4C(C)(C)[C@@H](O)CC[C@]4(C)C3=CC[C@]12C)CO,4.57218942732401,0
C/C(=C\C[C@]12C[C@H]3C[C@@H]4C(C)(C)CC[C@@]4(C1=O)C(=O)[C@](C(=O)c1ccccc1)(C2=O)C3(C)C)CC/C=C/C(C)C,5.008773924307505,0
C/C(=N\O)c1ccc(Cl)c(NC(=O)c2c(-c3ccccc3Cl)noc2C)c1,5.173925197299173,0
C/C(NCCCCNc1c2c(nc3ccccc13)CCCC2)=C(/N=N/c1ccc(C)cc1)C(=O)c1ccccc1,6.050609993355087,1
C/C=C(\C)C(=O)NC1=CC[C@@]2(C)[C@@H](CC[C@H]3C4CC[C@H]([C@H](C)N(C)C)[C@@]4(C)CC[C@@H]32)C1=O,4.860000083248981,0
C/C=C(\C)C(=O)N[C@@H]1C=C2CC[C@H]3C4=CC[C@H]([C@H](C)N(C)C)[C@@]4(C)CC[C@@H]3[C@@]2(C)CC1,5.110000065251387,0
C/C=C(\C)C(=O)N[C@@H]1C=C2CC[C@H]3[C@@H]4CC[C@H]([C@H](C)N(C)C)[C@@]4(C)CC[C@@H]3[C@@]2(C)C[C@@H]1O,4.800000052738446,0
C/C=C(\C)C(=O)N[C@@H]1[C@H](O)C2CC[C@H]3C4=CC[C@H]([C@H](C)N(C)C)[C@@]4(C)CC[C@@H]3[C@@]2(C)C[C@@H]1O,4.480000028175458,0
C/C=C(\C)C(=O)N[C@@H]1[C@H](OC(C)=O)[C@@H]2CC[C@@H]3[C@H](CC[C@]4(C)[C@@H]([C@H](C)N(C)C)CC[C@@H]34)[C@@]2(C)C[C@@H]1O,3.7399999901217527,0
C/C=C(\C)C(=O)N[C@@H]1[C@H](OC(C)=O)[C@@H]2CC[C@H]3C4=CC[C@H]([C@H](C)N(C)C)[C@@]4(C)CC[C@@H]3[C@@]2(C)C[C@@H]1O,4.210000001311122,0
C/C=C(\C)C(=O)N[C@H]1C(OC(C)=O)C[C@@]2(C)C(CC[C@H]3C4CC=C([C@H](C)N(C)C)[C@@]4(C)CC[C@@H]32)[C@H]1OC(C)=O,4.300000029139088,0
C/C=C(\C)C(=O)N[C@H]1CC[C@@]2(C)C(=CC[C@H]3C4=CC[C@H]([C@H](C)N(C)C)[C@@]4(C)CC[C@@H]32)C1=O,5.2399999527072705,0
C/C=C(\C)C(=O)N[C@H]1CC[C@@]2(C)C(=CC[C@H]3[C@@H]4CC[C@H]([C@H](C)N(C)C)[C@@]4(C)CC[C@@H]32)C1=O,5.149999867728904,0
C/C=C(\C)C(=O)N[C@H]1CC[C@@]2(C)C(=CC[C@H]3[C@@H]4CC[C@H]([C@H](C)N(C)C)[C@@]4(C)CC[C@@H]32)[C@H]1O,4.519999959791458,0
C/C=C(\C)C(=O)N[C@H]1CC[C@]2(C)[C@H]3CC[C@]4(C)[C@@H]([C@H](C)NC)CC[C@H]4[C@@H]3CC[C@H]2[C@H]1OC(C)=O,5.09151498112135,0
C/C=C1/C(=O)C[C@@]2(C)[C@@H]3CC[C@H]4C(C)(C)[C@@H](N(C)C)CC[C@@]45C[C@@]35CC[C@]12C,4.235077015350112,0
C/C=C1/CN2CCc3c([nH]c4ccccc34)[C@@H]2CC1/C(=C\C(=O)OC)OC,5.431798275933005,0
C/C=C1/[C@@H]2Cc3[nH]c(=O)ccc3[C@@]1(N)C[C@]1(C)O[C@H]21,4.916855856856948,0
C/C=C1\C2C=C(C(F)(F)F)CC1(N)c1ccc(O)nc1C2,6.3979400086720375,1
C/C=C1\C2C=C(C)CC1(NCC(=O)OC)c1ccc(=O)[nH]c1C2,5.1732774798310075,0
C/C=C1\[C@H]2C=C(C)C[C@]1(/N=C/C(=C/c1ccccc1)CCCCC)c1ccc(=O)[nH]c1C2,7.292429823902063,1
C/C=C1\[C@H]2C=C(C)C[C@]1(/N=C/C(C)=C/c1ccccc1)c1ccc(=O)[nH]c1C2,7.6020599913279625,1
C/C=C1\[C@H]2C=C(C)C[C@]1(/N=C/C=C/c1ccc(N(C)C)cc1)c1ccc(=O)[nH]c1C2,7.3979400086720375,1
C/C=C1\[C@H]2C=C(C)C[C@]1(/N=C/C=C/c1ccccc1)c1ccc(=O)[nH]c1C2,7.619788758288394,1
C/C=C1\[C@H]2C=C(C)C[C@]1(/N=C/c1cc(OC)cc(OC)c1)c1ccc(=O)[nH]c1C2,7.537602002101044,1
C/C=C1\[C@H]2C=C(C)C[C@]1(/N=C/c1ccc(C#N)cc1)c1ccc(=O)[nH]c1C2,7.657577319177793,1
C/C=C1\[C@H]2C=C(C)C[C@]1(/N=C/c1ccc(N(C)C)cc1)c1ccc(=O)[nH]c1C2,7.508638306165727,1
C/C=C1\[C@H]2C=C(C)C[C@]1(/N=C/c1ccc(O)c(OC)c1)c1ccc(=O)[nH]c1C2,7.795880017344075,1
C/C=C1\[C@H]2C=C(C)C[C@]1(/N=C/c1ccc(O)c(OCC)c1)c1ccc(=O)[nH]c1C2,7.6020599913279625,1
C/C=C1\[C@H]2C=C(C)C[C@]1(/N=C/c1ccc(OC)cc1)c1ccc(=O)[nH]c1C2,7.508638306165727,1
C/C=C1\[C@H]2C=C(C)C[C@]1(/N=C/c1ccc(OC)cc1OC)c1ccc(=O)[nH]c1C2,7.075720713938118,1
C/C=C1\[C@H]2C=C(C)C[C@]1(/N=C/c1ccccc1OS(=O)(=O)[O-])c1ccc(=O)[nH]c1C2,7.3872161432802645,1
C/C=C1\[C@H]2C=C(C)C[C@]1(N)c1ccc(=O)[nH]c1C2,7.09648784590773,1
C/C=C1\[C@H]2C=C(C)C[C@]1(NC1OCC3=C4CC(C)(C)C[C@H]4[C@@H](C)[C@H](O)CC31O)c1ccc(=O)[nH]c1C2,6.958607314841775,1
C/C=C1\[C@H]2C=C(C)C[C@]1(NC1OCC3=C4CC(C)(C)[C@H](O)[C@H]4[C@@H](C)CCC31O)c1ccc(=O)[nH]c1C2,7.221848749616356,1
C/C=C1\[C@H]2C=C(C)C[C@]1(N[C@H]1OC(=O)C3=C4CC(C)(C)C[C@H]4[C@@H](C)[C@@H](O)C[C@]31O)c1ccc(=O)[nH]c1C2,5.66354026615147,0
C/C=C1\[C@H]2C=C(C)C[C@]1(N[C@H]1OC(=O)C3=C4CC(C)(C)C[C@H]4[C@@H](C)[C@@H](O)C[C@]31OC)c1ccc(=O)[nH]c1C2,6.004364805402449,1
C/N=C1/CCc2c1n(C)c1cc(Cl)c(OC(=O)NC)cc21,6.173925197299173,1
C/N=C1/CCc2c1n(C)c1ccc(OC(=O)N(C)C)c(Br)c21,7.221848749616356,1
C/N=C1/CCc2c1n(C)c1ccc(OC(=O)NC)c(Br)c21,6.7447274948966935,1
C/N=C1/CCc2c1n(C)c1ccc(OC(=O)NC)c(Cl)c21,6.638272163982407,1
C/N=C1/CCc2c1n(C)c1ccc(OC(=O)NC)cc21,5.4736607226101555,0
C/N=C1/CCc2c1n(C)c1ccc(OC(=O)NCc3ccccc3)c(Br)c21,5.377785977033705,0
C/N=c1\c(O)c(O)\c1=N/CCNCc1ccc(CN2CCCCC2)o1,5.031517051446064,0
C=C(C)[C@@H](O)CC[C@]1(C)[C@@H](CC=C(C)C)C[C@]2(CC=C(C)C)C(=O)C3=C(O[C@H](C(C)(C)O)C3)[C@@]1(C(=O)C(C)C)C2=O,4.969805214643249,0
C=C(C)[C@@H](O)CC[C@]1(C)[C@@H](CC=C(C)C)C[C@]23C[C@@H](C(C)(C)O)OC2=C(CC=C(C)C)C(=O)[C@@]1(C(=O)C(C)C)C3=O,5.039529222465701,0
C=C(C)[C@H](CC=C(C)C)Cc1c(O)cc(OC)c2c1O[C@H](c1ccc(O)cc1O)CC2=O,4.375717904164332,0
C=C(C)[C@H](O)CC[C@]1(C)[C@@H](CC=C(C)C)C[C@@]2(CC=C(C)C)C(=O)[C@]1(C(=O)C(C)C)C(=O)C1=C2O[C@@H](C(C)(C)O)C1,4.600845666041783,0
C=C(C)[C@H](O)CC[C@]1(C)[C@@H](CC=C(C)C)C[C@@]2(CC=C(C)C)C(=O)[C@]1(C(=O)C(C)C)C(=O)C1=C2O[C@H](C(C)(C)O)C1,4.577902836868289,0
C=C(C)[C@H](O)CC[C@]1(C)[C@@H](CC=C(C)C)C[C@]2(CC=C(C)C)C(=O)C3=C(O[C@H](C(C)(C)O)C3)[C@@]1(C(=O)C(C)C)C2=O,4.707743928643524,0
C=C(C)[C@H](O)Cc1cc2ccc(=O)oc2cc1O,3.886056647693163,0
C=C(C)[C@H]1CC[C@@](C)(O)[C@@H](C2=C(O)C(CC=C(C)C)(CC=C(C)C)C(=O)C(C(=O)C(C)C)=C2O)C1,4.5951662833800615,0
C=C(C)[C@]1(O)CC[C@@]2(C)C3=Cc4c(cc(-c5cccnc5)oc4=O)O[C@]3(C)[C@@H](O)C[C@@H]2[C@@]12CCC(=O)OC2,4.856985199745905,0
C=C1C[C@]23C[C@H]1CC[C@H]2[C@]1(C)CCC[C@](C)(CO)[C@@H]1C[C@@H]3O,4.642065152999546,0
C=C1c2[nH]c3ccc(OC)cc3c2C2[C@@H](CC)C1CCN2C,3.5543957967264026,0
C=C1c2c(Cl)cccc2N=C2CCCCCN12,5.770000934050708,0
C=C1c2cc(Cl)ccc2N=C2CCCCCN12,6.299997602857746,1
C=C1c2ccc(Cl)cc2N=C2CCCCCN12,6.799998134593398,1
C=C1c2cccc(Cl)c2N=C2CCCCCN12,5.820000358220838,0
C=C1c2ccccc2N=C2CCCCCN12,5.430000267796055,0
C=CC(=O)N1C/C(=C\c2ccc(C)cc2)C(=O)/C(=C/c2ccc(C)cc2)C1,4.743282254022513,0
C=CC(=O)N1C/C(=C\c2ccc(C)cc2)C(=O)[C@@]2(C1)[C@H](c1ccc(C)cc1)CN(C)[C@]21C(=O)Nc2ccccc21,5.125518182300533,0
C=CC(=O)N1C/C(=C\c2ccc(Cl)cc2)C(=O)/C(=C/c2ccc(Cl)cc2)C1,4.656788409820252,0
C=CC(=O)N1C/C(=C\c2ccc(Cl)cc2)C(=O)[C@@]2(C1)[C@H](c1ccc(Cl)cc1)CN(C)[C@]21C(=O)Nc2ccccc21,5.075720713938118,0
C=CC(=O)N1C/C(=C\c2ccc(Cl)cc2Cl)C(=O)/C(=C/c2ccc(Cl)cc2Cl)C1,4.80271944187438,0
C=CC(=O)N1C/C(=C\c2ccc(Cl)cc2Cl)C(=O)[C@@]2(C1)[C@H](c1ccc(Cl)cc1Cl)CN(C)[C@]21C(=O)Nc2ccccc21,5.211831628858832,0
C=CC(=O)N1C/C(=C\c2ccc(F)cc2)C(=O)/C(=C/c2ccc(F)cc2)C1,4.820448208834812,0
C=CC(=O)N1C/C(=C\c2ccc(F)cc2)C(=O)[C@@]2(C1)[C@H](c1ccc(F)cc1)CN(C)[C@]21C(=O)Nc2ccccc21,5.107905397309519,0
C=CC(=O)N1C/C(=C\c2cccc([N+](=O)[O-])c2)C(=O)/C(=C/c2cccc([N+](=O)[O-])c2)C1,5.010550182333308,0
C=CC(=O)N1C/C(=C\c2cccc([N+](=O)[O-])c2)C(=O)[C@@]2(C1)[C@H](c1cccc([N+](=O)[O-])c1)CN(C)[C@]21C(=O)Nc2ccccc21,5.272458742971443,0
C=CC(=O)N1C/C(=C\c2cccc3ccccc23)C(=O)/C(=C/c2cccc3ccccc23)C1,4.858863909879261,0
C=CC(=O)N1C/C(=C\c2cccc3ccccc23)C(=O)[C@@]2(C1)[C@H](c1cccc3ccccc13)CN(C)[C@]21C(=O)Nc2ccccc21,5.119758224104519,0
C=CC(=O)N1C/C(=C\c2ccccc2)C(=O)/C(=C/c2ccccc2)C1,4.752517739322946,0
C=CC(=O)N1C/C(=C\c2ccccc2)C(=O)[C@@]2(C1)[C@H](c1ccccc1)CN(C)[C@]21C(=O)Nc2ccccc21,5.058488567365597,0
C=CC(=O)N1C/C(=C\c2ccccc2C)C(=O)/C(=C/c2ccccc2C)C1,4.759700417997288,0
C=CC(=O)N1C/C(=C\c2ccccc2C)C(=O)[C@@]2(C1)[C@H](c1ccccc1C)CN(C)[C@]21C(=O)Nc2ccccc21,5.401209493236885,0
C=CC(=O)N1C/C(=C\c2ccccc2Cl)C(=O)/C(=C/c2ccccc2Cl)C1,4.787279845582158,0
C=CC(=O)N1C/C(=C\c2ccccc2Cl)C(=O)[C@@]2(C1)[C@H](c1ccccc1Cl)CN(C)[C@]21C(=O)Nc2ccccc21,5.290730039024169,0
C=CC(=O)N1C/C(=C\c2ccccc2F)C(=O)/C(=C/c2ccccc2F)C1,4.927750102386486,0
C=CC(=O)N1C/C(=C\c2ccccc2F)C(=O)[C@@]2(C1)[C@H](c1ccccc1F)CN(C)[C@]21C(=O)Nc2ccccc21,5.162411561764489,0
C=CC(=O)N1C/C(=C\c2ccccc2OC)C(=O)/C(=C/c2ccccc2OC)C1,5.059483515067432,0
C=CC(=O)N1C/C(=C\c2ccccc2OC)C(=O)[C@@]2(C1)[C@H](c1ccccc1OC)CN(C)[C@]21C(=O)Nc2ccccc21,5.3872161432802645,0
C=CC(C)(C)c1cc([C@@H]2CC(=O)c3c(O)cc(O)c(CC=C(C)C)c3O2)c(O)cc1O,4.5379016188648444,0
C=CC(CBr)Nc1c2c(nc3ccc(OC)cc13)CCCC2,4.050122295963125,0
C=CCC1(O)OCc2c(OC)c(OC)cc3ccnc1c23,3.7594507517174005,0
C=CCC1(OC)OCc2c(OC)c(OC)cc3ccnc1c23,4.0,0
C=CCCCNc1c2c(nc3ccc(OC)cc13)CCCC2,5.657577319177793,0
C=CCCC[N+](C)(C)C,2.9470000017962272,0
C=CCCNCC(=O)Nc1ccc2nc3n(c(=O)c2c1)CCC3,7.876148359032914,1
C=CCC[N+](C)(C)C,3.072000002122498,0
C=CCC[N+](C)(C)c1ccccc1O,5.0,0
C=CCN1CC[C@@]2(C)c3cc(OC(=O)NC)ccc3N(C)[C@@H]12,7.420818753952375,1
C=CCNC(=S)NNc1c2c(nc3ccccc13)CCCC2,5.238824186844269,0
C=CCNCC(=O)Nc1ccc2nc3n(c(=O)c2c1)CCC3,7.176525770829699,1
C=CCNCC(O)COc1cc(C(C)C)ccc1C,6.866461091629782,1
C=CCNCc1cc2cc(OCCCC3CCN(Cc4ccccc4)CC3)ccc2[nH]1,5.337242168318426,0
C=CCOC(=O)C1=C(C)Nc2nc3c(c(N)c2C1c1cccc(F)c1)CC(C)(C)CC3,5.7495799976911055,0
C=CCOC(=O)C1=C(C)Nc2nc3c(c(N)c2C1c1cccc([N+](=O)[O-])c1)CC(C)(C)CC3,5.976747540366288,0
C=CCOc1ccc(/C=N/[C@@]23CC(C)=C[C@@H](Cc4[nH]c(=O)ccc42)/C3=C\C)cc1,7.508638306165727,1
C=CC[C@@H]1[C@H](O)[C@@H](OCc2ccccc2)[C@H](O)CN1CCCCCCCC,4.657577319177793,0
C=CC[N+](C)(C)C,2.5350000005956224,0
C=CC[N+](C)(C)c1ccc(CCC(=O)CCc2ccc([N+](C)(C)CC=C)cc2)cc1,7.718595869889799,1
C=CC[N+](C)(C)c1ccc(OCC(=O)c2ccc(OC)c(OC)c2)cc1,5.0,0
C=CC[N+](C)(C)c1cccc(O)c1,5.522878745280337,0
C=CC[N+](C)(C)c1cccc(OC(C)=O)c1,6.0,1
C=CC[N+](C)(C)c1ccccc1O,5.732828271596986,0
C=CC[N+](C)(C)c1ccccc1OC,6.0,1
C=CC[N+]1(C)CCN(c2ccc(/C=C3\Cc4cc(OC)c(OC)cc4C3=O)cc2)CC1,6.366531544420413,1
C=CC[n+]1ccc(CCC(=O)C2Cc3cc(OC)c(OC)cc3S2)cc1,8.202732459169283,1
C=CC[n+]1ccc(CCC(=O)c2cc3cc(OC)c(OC)cc3s2)cc1,6.267606240177031,1
C=C[C@@H]1[C@H]2C=C(C)C[C@]1(N)c1ccc(=O)[nH]c1C2,6.310691140876379,1
C=C[C@@H]1[C@H]2C=C(C)C[C@]1(NC)c1ccc(=O)[nH]c1C2,4.823908740944319,0
C=C[C@H]1C[N+]2=C(C[C@@H]1/C(=C\OC)C(=O)OC)c1[nH]c3cccc(OC)c3c1CC2,5.3872161432802645,0
C=C[C@H]1[C@@H](/C(=C/O)C(=O)OC)C[C@H]2c3[nH]c4ccccc4c3CCN2[C@H]1O[C@@H]1O[C@H](CO)[C@@H](O)[C@H](O)[C@H]1O,5.721246399047171,0
C=[N+]1N=C(CCC2CCN(Cc3ccccc3)CC2)c2ccccc21,6.468521082957745,1
CC#CC(C)(C)OC[n+]1ccn(C)c1/C=N/O,3.7569619513137056,0
CC#CC(C)OC[n+]1ccn(C)c1/C=N/O,3.8416375079047507,0
CC#CCCOC[n+]1ccn(C)c1/C=N/O,4.114638779968488,0
CC(=O)C1=CN(Cc2ccccc2C)C=CC1CC1Cc2cc(C)c(C)cc2C1=O,6.185086818724926,1
CC(=O)CCCCn1c(=O)c2c(ncn2C)n(C)c1=O,5.180456064458131,0
CC(=O)CCC[N+](C)(C)C,4.072000007248565,0
CC(=O)N(C)CCC1CCN(Cc2ccccc2)CC1,6.180456064458131,1
CC(=O)N(C)[C@@H](C)[C@H]1CC[C@H]2[C@@H]3CC=C4C[C@@H](N(C)C)CC[C@]4(C)[C@H]3CC[C@]12C,4.70000006855703,0
CC(=O)N(C)[C@@H](C)[C@H]1CC[C@H]2[C@@H]3CC[C@H]4C[C@@H](N(C)C)CC[C@]4(C)[C@H]3CC[C@]12C,4.300000029139088,0
CC(=O)N(C)[C@@H](C)[C@H]1[C@H](O)C[C@@]2(C)[C@@H]3CC[C@H]4[C@]5(C)CSC(C(C)C)=N[C@H]5CC[C@@]45C[C@@]35C(=O)C[C@]12C,6.525783735923745,1
CC(=O)N(C)[C@H]1CC[C@@]2(C)[C@@H](CC[C@@H]3[C@@H]2CC[C@]2(C)[C@@H]([C@H](C)N(C)C)CC[C@@H]32)C1,4.149999990420336,0
CC(=O)N(C)c1cccc2n1cc(-c1ccc(OC(=O)N(C)C)cc1)[n+]2C,4.610833915635467,0
CC(=O)N(CCC1CCN(Cc2ccccc2)CC1)c1ccc(F)cc1,6.688246138944246,1
CC(=O)N(CCC1CCN(Cc2ccccc2)CC1)c1cccc(F)c1,7.187086643357144,1
CC(=O)N(CCC1CCN(Cc2ccccc2)CC1)c1ccccc1,7.2839966563652006,1
CC(=O)N(CCC1CCN(Cc2ccccc2)CC1)c1ccncc1,6.96657624451305,1
CC(=O)N1CCC(NC(=O)Nc2ccc(OC(F)(F)F)cc2)CC1,3.939302159646388,0
CC(=O)N1CCN(c2nccc(NC(c3ccccc3)c3ccccc3)n2)CC1,4.5376020021010435,0
CC(=O)N1CCN(c2nccc(NCCc3ccccc3)n2)CC1,4.701146923590294,0
CC(=O)N1CCN(c2nccc(NCc3cccc4ccccc34)n2)CC1,4.860120913598763,0
CC(=O)N1CCN(c2nccc(NCc3ccccc3)n2)CC1,4.779891911959945,0
CC(=O)N1CC[C@@]2(O)c3cc(OC(=O)Nc4ccccc4)ccc3N[C@@H]12,6.6020599913279625,1
CC(=O)N1N=C(c2ccc(-c3ccccc3)cc2)CC1c1ccc(C(=O)O)cc1,2.812197361281581,0
CC(=O)N1N=C(c2ccc(-c3ccccc3)cc2)CC1c1ccc([N+](=O)[O-])cc1,2.80799040734633,0
CC(=O)N1N=C(c2ccc(-c3ccccc3)cc2)CC1c1ccc2c(c1)OCO2,6.005243055412372,1
CC(=O)N1N=C(c2ccc(-c3ccccc3)cc2)CC1c1ccc2ccccc2c1,6.097453220686008,1
CC(=O)N1N=C(c2ccc(-c3ccccc3)cc2)CC1c1cccc([N+](=O)[O-])c1,2.9880068853407433,0
CC(=O)N1N=C(c2ccc(-c3ccccc3)cc2)CC1c1ccccc1,2.8768019249680012,0
CC(=O)N1N=C(c2ccc(-c3ccccc3)cc2)CC1c1ccccc1[N+](=O)[O-],6.1938200260161125,1
CC(=O)N1N=C(c2ccc(Br)cc2)CC1c1ccc(-c2ccccc2)cc1,6.044312249686494,1
CC(=O)N1N=C(c2ccc(C)cc2)CC1c1ccc(-c2ccccc2)cc1,6.073143291050307,1
CC(=O)N1N=C(c2ccc3c(c2)OCO3)CC1c1ccc(-c2ccccc2)cc1,6.039529222465701,1
CC(=O)N1N=C(c2ccc3ccccc3c2)CC1c1ccc(-c2ccccc2)cc1,7.167491087293763,1
CC(=O)N1N=C(c2cccc3ccccc23)CC1c1ccc(-c2ccccc2)cc1,2.993533957750768,0
CC(=O)N1N=C(c2ccccc2[N+](=O)[O-])CC1c1ccc(-c2ccccc2)cc1,7.2839966563652006,1
CC(=O)N1OC(C)(C)CC(c2ccccc2)=C1CN1C(=O)c2ccccc2C1=O,5.6020599913279625,0
CC(=O)NC=C1C(=O)NC(=O)NC1=O,4.041388342235121,0
CC(=O)NCCc1c[nH]c2ccc(OC(=O)NCCCCCCCCCCCCNc3c4c(nc5cc(Cl)ccc35)CCCC4)cc12,7.59176003468815,1
CC(=O)NCCc1c[nH]c2ccc(OC(=O)NCCCCCCCCCCCCNc3c4c(nc5ccc(Cl)cc35)CCCC4)cc12,8.154901959985743,1
CC(=O)NCCc1c[nH]c2ccc(OC(=O)NCCCCCCCCCCCCNc3c4c(nc5ccccc35)CCCC4)cc12,8.42021640338319,1
CC(=O)NCCc1c[nH]c2ccc(OC(=O)NCCCCCCCCCCNc3c4c(nc5cc(Cl)ccc35)CCCC4)cc12,8.09151498112135,1
CC(=O)NCCc1c[nH]c2ccc(OC(=O)NCCCCCCCCCCNc3c4c(nc5ccc(Cl)cc35)CCCC4)cc12,8.844663962534938,1
CC(=O)NCCc1c[nH]c2ccc(OC(=O)NCCCCCCCCCCNc3c4c(nc5ccccc35)CCCC4)cc12,8.928117992693874,1
CC(=O)NCCc1c[nH]c2ccc(OC(=O)NCCCCCCCCNc3c4c(nc5ccccc35)CCCC4)cc12,8.336299074610352,1
CC(=O)NCCc1c[nH]c2ccc(OC(=O)NCCCCCCCNc3c4c(nc5cc(Cl)ccc35)CCCC4)cc12,8.113509274827518,1
CC(=O)NCCc1c[nH]c2ccc(OC(=O)NCCCCCCCNc3c4c(nc5ccc(Cl)cc35)CCCC4)cc12,7.399244850360382,1
CC(=O)NCCc1c[nH]c2ccc(OC(=O)NCCCCCCCNc3c4c(nc5ccccc35)CCCC4)cc12,7.471468939364589,1
CC(=O)NCCc1c[nH]c2ccc(OC(=O)NCCCCCCNc3c4c(nc5ccccc35)CCCC4)cc12,6.748653840411419,1
CC(=O)NCCc1c[nH]c2ccc(OC(=O)NCCCCCNc3c4c(nc5ccccc35)CCCC4)cc12,6.729460905739452,1
CC(=O)NCCc1c[nH]c2ccc(OC(=O)NCCCCNc3c4c(nc5ccccc35)CCCC4)cc12,6.423037028514311,1
CC(=O)NCCc1c[nH]c2ccc(OC(=O)NCCCNc3c4c(nc5ccccc35)CCCC4)cc12,6.569151260487084,1
CC(=O)NCCc1c[nH]c2ccc(OC(=O)NCCNc3c4c(nc5cc(Cl)ccc35)CCCC4)cc12,7.697885623043799,1
CC(=O)NCCc1c[nH]c2ccc(OC(=O)NCCNc3c4c(nc5ccc(Cl)cc35)CCCC4)cc12,5.484046719441121,0
CC(=O)NCCc1c[nH]c2ccc(OC(=O)NCCNc3c4c(nc5ccccc35)CCCC4)cc12,5.959924036727676,0
CC(=O)N[C@@H](Cc1c[nH]c2ccccc12)C(=O)NCCCCCCNc1c2c(nc3ccccc13)CCCC2,6.815308569182401,1
CC(=O)N[C@H]1CC[C@@]2(C)[C@@H](CC[C@@H]3[C@@H]2CC[C@]2(C)[C@@H]([C@H](C)N(C)C)CC[C@@H]32)C1,4.159999981744464,0
CC(=O)Nc1c(F)cc(C(=O)N[C@H]2CC[C@H](O)CC2)cc1O[C@@H](C)c1ccccc1,5.100000128334196,0
CC(=O)Nc1cc(-c2nc(OCC3CC3)c(C(=O)NCCCNc3c4c(nc5ccccc35)CCCC4)s2)ccn1,6.404944910240696,1
CC(=O)Nc1cc(C(=O)Nc2cncc(OCC3CCN(Cc4ccc(F)cc4)CC3)c2)ccn1,8.045757490560675,1
CC(=O)Nc1ccc(-c2c3ccccc3[n+](C)c3ccccc23)cc1,4.265200170411153,0
CC(=O)Nc1ccc([C@@]2(O)C[N+](C)(C)CCO2)cc1,2.683999999746373,0
CC(=O)Nc1ccc2c(CCC3CCN(Cc4ccccc4)CC3)noc2c1,8.552403997898603,1
CC(=O)Nc1ccc2c(c1)C(=O)N(CCC1CCN(Cc3ccccc3)CC1)C2=O,8.55284196865778,1
CC(=O)Nc1ccc2nc3c(c(N4CCCCC4)c2c1)CCCC3,6.521433504406156,1
CC(=O)Nc1ccc2nc3c(c(N4CCOCC4)c2c1)CCCC3,5.954677021213342,0
CC(=O)Nc1cccc([N+](C)(C)C)c1,3.0,0
CC(=O)Nc1cccc2n1cc(-c1ccc(OC(=O)N(C)C)cc1)[n+]2C,6.154901959985743,1
CC(=O)Nc1cccc2n1cc(-c1cccc(OC(=O)N(C)C)c1)[n+]2C,5.6020599913279625,0
CC(=O)Nc1nc(NCCc2ccccc2)c2ccccc2n1,5.154901959985743,0
CC(=O)Nc1nc(NCc2ccccc2)c2ccccc2n1,5.1249387366083,0
CC(=O)OC(C)(C)/C=C/C(=O)[C@](C)(O)[C@H]1[C@H](O)C[C@@]2(C)[C@@H]3CC=C(C(C)(C)C(=O)O)/C(=C\C(=O)O)[C@]3(C)C(=O)C[C@]12C,5.508638306165727,0
CC(=O)OC(C)(C)/C=C/C(=O)[C@](C)(O)[C@H]1[C@H](O)C[C@@]2(C)[C@@H]3CC=C(C(C)(C)C(=O)O)C4=CC(=O)O[C@](O)(C[C@]12C)[C@@]43C,5.585026652029182,0
CC(=O)O[C@@H]1C2CC[C@H]3C4CC=C([C@H](C)N(C)C)[C@@]4(C)CC[C@@H]3[C@@]2(C)CC[C@@H]1NC(=O)C=C(C)C,5.280000380871156,0
CC(=O)O[C@@H]1C[C@@]2(C)Oc3cc(C)oc(=O)c3C[C@@H]2[C@@]2(C)C=CC(=O)C(C)(C)[C@H]12,4.866461091629782,0
CC(=O)O[C@@H]1C[C@@]2(C)[C@@H]3CC[C@H]4[C@](C)(CO)[C@@H](NC(=O)c5ccccc5)C=C[C@]4(O)CC3=CC[C@]2(C)[C@H]1[C@H](C)N(C)C,4.519993057042849,0
CC(=O)O[C@@H]1C[C@@]2(C)[C@@H]3C[C@H]4OC[C@@]5(C)[C@@H](NC(=O)c6ccccc6)C=C[C@@](O)(CC3=CC[C@]2(C)[C@H]1[C@H](C)N(C)C)[C@@H]45,4.853871964321762,0
CC(=O)O[C@@]12CCN(C(C)=O)[C@@H]1N(C(C)=O)c1ccc(OC(=O)NCCCCCCNc3c4c(nc5ccccc35)CCCC4)cc12,7.434034182553333,1
CC(=O)O[C@H]1CC[C@@]2(C)[C@@H](CC[C@@]3(C)C[C@@]4(O)CC[C@H]5C(C)(C)[C@@H](OC(C)=O)CC[C@]5(C)[C@H]4CC[C@@H]32)C1(C)C,6.040958607678906,1
CC(=O)O[C@H]1C[C@@H]2C(=CC[C@]3(C)[C@@H]([C@H](C)N(C)C)[C@H](O)C[C@@]23C)C[C@@]23O[C@@H]2[C@H]2OC[C@](C)([C@H]2NC(=O)c2ccccc2)[C@H]13,5.522878745280337,0
CC(=O)O[C@H]1[C@@H](NC(=O)c2ccccc2)[C@@H](O)C[C@]2(C)[C@H]3CC[C@]4(C)[C@@H]([C@H](C)N(C)C)CC[C@H]4[C@@H]3CC[C@@H]12,3.639999991045884,0
CC(=O)O[C@H]1[C@H]2c3cc4c(cc3CN3CCC(=C[C@@H]1O)[C@H]23)OCO4,6.017728766960431,1
CC(=O)Oc1cc([N+](C)(C)C)ccc1C,6.181002566376073,1
CC(=O)Oc1ccc(C)c([N+](C)(C)C)c1,5.272999914895602,0
CC(=O)Oc1cccc([N+](C)(C)C)c1,5.5209994269268385,0
CC(=O)Oc1cccc([N+](C)(C)C)c1C,4.3889999854632515,0
CC(=O)Oc1cccc2nc3c(OC(C)=O)ccc(C/C=C(\C)CCC=C(C)C)c3nc12,5.6968039425795105,0
CC(=O)[C@@]12C(=O)C(CC=C(C)C)=C3O[C@H](C(C)(C)O)C[C@]3(C[C@H](CC=C(C)C)[C@@]1(C)CCC=C(C)C)C2=O,5.057991946977687,0
CC(=O)c1c(-c2ccc(OCCCCCCCN(C)Cc3ccccc3)cc2)oc2ccccc12,4.7594507517174005,0
CC(=O)c1c[n+](Cc2cccc(Cl)c2)ccc1CC1Cc2cc(O)ccc2C1=O,6.933674074637962,1
CC(=O)c1c[n+](Cc2ccccc2C)ccc1CC1Cc2cc(C)c(C)cc2C1=O,7.557520230935552,1
CC(=O)c1c[n+](Cc2ccccc2C)ccc1CC1Cc2cc(C)ccc2C1=O,7.040958607678906,1
CC(=O)c1c[n+](Cc2ccccc2C)ccc1CC1Cc2cc(Cl)ccc2C1=O,6.581698708680254,1
CC(=O)c1c[n+](Cc2ccccc2C)ccc1CC1Cc2cc(OCC(F)(F)F)ccc2C1=O,7.430626090384954,1
CC(=O)c1c[n+](Cc2ccccc2C)ccc1CC1Cc2cc3c(cc2C1=O)OCO3,7.221848749616356,1
CC(=O)c1cc[n+](CCC[n+]2ccc(/C=N/O)cc2)cc1,3.9788107009300617,0
CC(=O)c1ccc(N2CCN(CCC(=O)Nc3nc4c(C)cccc4s3)CC2)cc1,5.417936637088291,0
CC(=O)c1ccc(Oc2ccc3nc4c(c(N)c3c2)CCC4)cc1,5.239577516576787,0
CC(=O)n1c2c(c3ccccc31)Oc1nc(C)[nH]c(=O)c1C2c1ccc(Br)cc1,3.9442395353122652,0
CC(=O)n1c2c(c3ccccc31)Oc1nc(C)[nH]c(=O)c1C2c1ccc(C)cc1,3.557896678068544,0
CC(=O)n1c2c(c3ccccc31)Oc1nc(C)[nH]c(=O)c1C2c1ccccc1,5.268411234813261,0
CC(=O)n1c2c(c3ccccc31)Oc1nc(C)[nH]c(=O)c1C2c1ccccc1[N+](=O)[O-],4.318487413361038,0
CC(=O)n1cc(/C=C2\CN(Cc3ccccc3)CCC2=O)c2ccccc21,4.958607314841775,0
CC(C(=O)NCCCNCCCNC1=CC(=O)c2ccccc2C1=O)c1ccc(-c2ccccc2)c(F)c1,3.9706162223147903,0
CC(C)(C)C(=O)NCCCCNc1c2c(nc3ccccc13)CCCC2,7.665546248849069,1
CC(C)(C)CC(C)(C)c1ccc(OCCOCC[N+](C)(C)Cc2ccccc2)cc1,5.6485902480745604,0
CC(C)(C)OC(=O)C1=C(Nc2ccccc2)C[C@@H](c2ccccc2)N(c2ccccc2)[C@@H]1c1ccccc1,4.0541981970566905,0
CC(C)(C)OC(=O)N1CCN(c2nccc(NCc3cccc4ccccc34)n2)CC1,4.29413628771608,0
CC(C)(C)OC(=O)N1CCN(c2nccc(NCc3ccccc3)n2)CC1,4.72584215073632,0
CC(C)(C)OC(=O)N1Cc2[nH]c3ccccc3c2C[C@H]1C(=O)NCCCCCCNc1c2c(nc3ccccc13)CCCC2,6.7281583934635005,1
CC(C)(C)OC(=O)N[C@@H](Cc1c[nH]c2ccccc12)C(=O)NCCCCCCNc1c2c(nc3ccccc13)CCCC2,6.935542010773082,1
CC(C)(C)OC(=O)n1cc(/C=C2\CN(Cc3ccccc3)CCC2=O)c2ccccc21,4.522878745280337,0
CC(C)(C)[C@@]1(O)C[N+](C)(C)CCO1,2.4309999997452634,0
CC(C)(C)c1cc(/C=C/C(=O)NCCC2CCN(Cc3ccc(Br)cc3)CC2)cc(C(C)(C)C)c1O,5.41907502432438,0
CC(C)(C)c1cc(/C=C/C(=O)NCCC2CCN(Cc3ccc(C#N)cc3)CC2)cc(C(C)(C)C)c1O,5.555955204081924,0
CC(C)(C)c1cc(/C=C/C(=O)NCCC2CCN(Cc3ccc(F)c(F)c3)CC2)cc(C(C)(C)C)c1O,5.790484985457369,0
CC(C)(C)c1cc(/C=C/C(=O)NCCC2CCN(Cc3ccc(F)cc3)CC2)cc(C(C)(C)C)c1O,6.008773924307505,1
CC(C)(C)c1cc(/C=C/C(=O)NCCC2CCN(Cc3ccc(F)cc3F)CC2)cc(C(C)(C)C)c1O,5.7495799976911055,0
CC(C)(C)c1cc(/C=C/C(=O)NCCC2CCN(Cc3cccc(Cl)c3)CC2)cc(C(C)(C)C)c1O,5.5951662833800615,0
CC(C)(C)c1cc(/C=C/C(=O)NCCC2CCN(Cc3cccc(F)c3)CC2)cc(C(C)(C)C)c1O,5.876148359032914,0
CC(C)(C)c1cc(/C=C/C(=O)NCCC2CCN(Cc3cccc([N+](=O)[O-])c3)CC2)cc(C(C)(C)C)c1O,5.460923901207224,0
CC(C)(C)c1cc(/C=C/C(=O)NCCC2CCN(Cc3ccccc3)CC2)cc(C(C)(C)C)c1O,5.651695136951839,0
CC(C)(C)c1cc(/C=C/C(=O)NCCC2CCN(Cc3ccccc3Cl)CC2)cc(C(C)(C)C)c1O,5.61261017366127,0
CC(C)(C)c1cc(/C=C/C(=O)NCCC2CCN(Cc3ccccc3F)CC2)cc(C(C)(C)C)c1O,6.1249387366083,1
CC(C)(C)c1cc(C(=O)CNCC2CCN(Cc3ccccc3)CC2)cc(C(C)(C)C)c1O,5.61261017366127,0
CC(C)(C)c1cc(C(=O)CNCCC2CCN(Cc3ccccc3)CC2)cc(C(C)(C)C)c1O,5.860120913598763,0
CC(C)(C)c1cc(CCC(=O)NCCC2CCN(Cc3ccccc3)CC2)cc(C(C)(C)C)c1O,5.465973893943865,0
CC(C)(C)c1cc(CNCCNc2c3c(nc4ccccc24)CCCCC3)cc(C(C)(C)C)c1O,5.721246399047171,0
CC(C)(C)c1cc[n+](/C=C2\C=CC3=CC/C(=C\[n+]4ccc(C(C)(C)C)cc4)C=C3C2)cc1,7.619788758288394,1
CC(C)(C)c1cc[n+](C/C=C/C[n+]2ccc(C(C)(C)C)cc2)cc1,5.468521082957745,0
CC(C)(C)c1cc[n+](C/C=C\C[n+]2ccc(C(C)(C)C)cc2)cc1,5.698970004336019,0
CC(C)(C)c1cc[n+](CCCCCCCCCCCC[n+]2ccc(C(C)(C)C)cc2)cc1,8.154901959985743,1
CC(C)(C)c1cc[n+](CCCCCCCCCCC[n+]2ccc(C(C)(C)C)cc2)cc1,7.585026652029182,1
CC(C)(C)c1cc[n+](CCCCCCCCCC[n+]2ccc(C(C)(C)C)cc2)cc1,7.920818753952375,1
CC(C)(C)c1cc[n+](CCCCCCCCC[n+]2ccc(C(C)(C)C)cc2)cc1,7.431798275933005,1
CC(C)(C)c1cc[n+](CCCCCCCC[n+]2ccc(C(C)(C)C)cc2)cc1,8.301029995663981,1
CC(C)(C)c1cc[n+](CCCCCCC[n+]2ccc(C(C)(C)C)cc2)cc1,7.795880017344075,1
CC(C)(C)c1cc[n+](CCCCCC[n+]2ccc(C(C)(C)C)cc2)cc1,7.494850021680094,1
CC(C)(C)c1cc[n+](CCCCC[n+]2ccc(C(C)(C)C)cc2)cc1,4.619788758288394,0
CC(C)(C)c1cc[n+](CCCC[n+]2ccc(C(C)(C)C)cc2)cc1,5.431798275933005,0
CC(C)(C)c1cc[n+](CCC[n+]2ccc(C(C)(C)C)cc2)cc1,4.853871964321762,0
CC(C)(C)c1cc[n+](CCOCC[n+]2ccc(C(C)(C)C)cc2)cc1,4.721246399047171,0
CC(C)(C)c1cc[n+](CC[n+]2ccc(C(C)(C)C)cc2)cc1,4.769551078621726,0
CC(C)(C)c1cc[n+](COC[n+]2ccc(C(C)(C)C)cc2)cc1,4.920818753952375,0
CC(C)(C)c1cc[n+](C[n+]2ccc(C(C)(C)C)cc2)cc1,4.698970004336019,0
CC(C)(C)c1cc[n+](Cc2ccc(C[n+]3ccc(C(C)(C)C)cc3)cc2)cc1,6.522878745280337,1
CC(C)(C)c1cc[n+](Cc2cccc(C[n+]3ccc(C(C)(C)C)cc3)c2)cc1,6.154901959985743,1
CC(C)(C)c1cc[n+](Cc2ccccc2C[n+]2ccc(C(C)(C)C)cc2)cc1,5.0,0
CC(C)(C)c1ccc(C(=O)CCCN2CCC(OC(c3ccccc3)c3ccccc3)CC2)cc1,5.126104208250311,0
CC(C)(C)c1ccc(Oc2ccc3nc4c(c(N)c3c2)CCC4)cc1,5.555955204081924,0
CC(C)(C)c1ccc(Oc2ccc3nc4c(c(N)c3c2)CCCC4)cc1,5.707743928643524,0
CC(C)(C)c1ccc(Oc2ccc3nc4c(c(N)c3c2)CCCCC4)cc1,4.144905048841379,0
CC(C)(C)c1cccc(C(=O)C(F)(F)F)c1,8.068338569939772,1
CC(C)(C)c1cccc(C(=O)C(F)F)c1,8.139612424449432,1
CC(C)(C)c1cccc(C(=O)CF)c1,6.191883059889195,1
CC(C)(CN1C(=O)c2cccc3cccc(c23)C1=O)C[N+](C)(C)CCCCCCCCCC[N+](C)(C)CC#CCOC1=NOCC1,5.969999718407896,0
CC(C)(CO[N+](=O)[O-])C(=O)NCCCCNc1c2c(nc3ccccc13)CCCC2,6.645891560852599,1
CC(C)(CO[N+](=O)[O-])C(=O)NCCCNc1c2c(nc3ccccc13)CCCC2,7.158015195409886,1
CC(C)(O)C(=O)Cc1cc2ccc(=O)oc2cc1O,3.7447274948966935,0
CC(C)(O)[C@@H]1Cc2cc3ccc(=O)oc3cc2O1,4.173925197299173,0
CC(C)(O[C@@H]1O[C@H](CO)[C@@H](O)[C@H](O)[C@H]1O)[C@H]1Cc2cc3ccc(=O)oc3cc2O1,4.167491087293763,0
CC(C)(c1ccc(-c2cnc3[nH]c4cnc(C#N)cc4c3c2)cc1)N1CCCCC1,6.2949920406666635,1
CC(C)=CC(=O)C[C@H](C)c1ccc(C)cc1,3.7187393129449875,0
CC(C)=CC(=O)N[C@H]1CC[C@@]2(C)[C@@H](CC[C@@H]3[C@@H]2CC[C@]2(C)C([C@H](C)N(C)C)=CC[C@@H]32)[C@H]1O,4.314258261397736,0
CC(C)=CC(=O)O[C@H]1Cc2cc3ccc(=O)oc3cc2OC1(C)C,3.4089353929735005,0
CC(C)=CCC/C(C)=C/CC/C(C)=C\Cc1c(O)cc(O)c(CC=C(C)C)c1-c1cc2ccc(O)cc2o1,4.856360764725457,0
CC(C)=CCC/C(C)=C/Cc1c(O)cc2c(c1O)C(=O)C[C@@H](c1ccc(O)c(O)c1)O2,5.142667503568731,0
CC(C)=CCC/C(C)=C/Cc1c(O)cc2c(c1O)C(=O)C[C@@H](c1ccc(O)cc1)O2,4.0385789059335515,0
CC(C)=CCC/C(C)=C/Cc1c(O)ccc2cc(-c3cc(O)cc(O)c3CC=C(C)C)oc12,4.637329070274333,0
CC(C)=CCC/C(C)=C/Cc1cc(-c2cc(=O)c3c(O)cc(O)cc3o2)c(O)cc1O,4.790216985151485,0
CC(C)=CCC/C(C)=C/Cc1ccc(O)c2nc3cccc(O)c3nc12,5.581698708680254,0
CC(C)=CCC1=C2O[C@H](C(C)(C)O)C[C@@]23C[C@H](CC=C(C)C)[C@@](C)(CCC(=O)C(C)C)[C@@](C(=O)C(C)C)(C1=O)C3=O,4.615109203469446,0
CC(C)=CCCC1(C)C=Cc2c(ccc3cc(-c4cc(O)cc(O)c4CC=C(C)C)oc23)O1,5.336299074610352,0
CC(C)=CCC[C@]1(C)[C@@H](CC=C(C)C)C[C@@]2(CC=C(C)C)C(=O)[C@]1(C(=O)C(C)C)C(=O)C1=C2O[C@@H](C(C)(C)O)[C@@H]1O,4.9484616094846725,0
CC(C)=CCC[C@]1(C)[C@@H](CC=C(C)C)C[C@@]2(CC=C(C)C)C(=O)[C@]1(C(=O)C(C)C)C(=O)C1=C2O[C@H](C(C)(C)O)[C@H]1O,4.731656086048935,0
CC(C)=CCC[C@]1(C)[C@@H](CC=C(C)C)C[C@]2(CC=C(C)C)C(=O)C3=C(O[C@@H](C(C)(C)O)[C@@H]3O)[C@@]1(C(=O)C(C)C)C2=O,4.901356274182943,0
CC(C)=CCC[C@]1(C)[C@@H](CC=C(C)C)C[C@]2(CC=C(C)C)C(=O)C3=C(O[C@H](C(C)(C)O)[C@H]3O)[C@@]1(C(=O)C(C)C)C2=O,5.054039296422431,0
CC(C)=CCNCC(=O)Nc1ccc2nc3n(c(=O)c2c1)CCC3,7.586700235918748,1
CC(C)=CCOc1c2ccoc2cc2oc(=O)ccc12,4.161150909262744,0
CC(C)=CC[C@H]1C[C@@]2(CC=C(C)C)C(=O)O[C@@](CC=C(C)C)(C(=O)[C@@H](C(=O)C(C)C)[C@]1(C)C/C=C/C(C)(C)O)C2=O,5.017728766960431,0
CC(C)=CC[C@H]1C[C@@]2(CC=C(C)C)C(=O)[C@](C(=O)C(C)C)(C(=O)C3=C2O[C@H](C(C)(C)O)C3)[C@]1(C)CCC(=O)C(C)C,4.963371104637839,0
CC(C)=CC[C@H]1C[C@]2(CC=C(C)C)C(=O)[C@]3(CC=C(C)C)O[C@@]1(C(=O)C(C)C)[C@@]2(O)C(C)(C)C3=O,4.684029654543083,0
CC(C)=CC[C@]12C[C@@H]3[C@@H]4[C@@H](O)C(C)(C)[C@@H](C(C)C)CC4(C1=O)C(=O)[C@](C(=O)c1ccccc1)(C2=O)C3(C)C,4.578396073130169,0
CC(C)=CCc1c(O)cc(O)c2c1O[C@H](c1ccccc1)CC2=O,8.193820026016112,1
CC(C)=CCc1cc2ccc(=O)oc2cc1O,2.6197887582883936,0
CC(C)=NNc1cc(NCCSCc2ccc(CN(C)C)o2)c([N+](=O)[O-])cc1[N+](=O)[O-],6.356547323513812,1
CC(C)C1=N[C@H]2CC=C3CC4C(=O)C[C@]5(C)[C@@H]([C@H](C)N(C)C)[C@H](O)C[C@@]5(C)[C@@H]4CC[C@H]3[C@]2(C)CO1,6.52432881167557,1
CC(C)C1=N[C@H]2CC=C3C[C@H]4C(=O)C[C@]5(C)[C@@H]([C@H](C)N(C)C)[C@H](OC(=O)C(C)(C)C)C[C@@]5(C)[C@@H]4CC[C@H]3[C@]2(C)CO1,6.076238039171299,1
CC(C)C1=N[C@H]2CC[C@]34C[C@]35C(=O)C[C@]3(C)[C@@H]([C@H](C)N(C)C(=O)OC(C)(C)C)[C@H](O)C[C@@]3(C)[C@@H]5CC[C@H]4[C@]2(C)CS1,6.798602875679549,1
CC(C)C1=N[C@H]2CC[C@]34C[C@]35C(=O)C[C@]3(C)[C@@H]([C@H](C)N(C)C(=O)c6ccccc6)[C@H](O)C[C@@]3(C)[C@@H]5CC[C@H]4[C@]2(C)CS1,7.366531544420413,1
CC(C)C1=N[C@H]2CC[C@]34C[C@]35C(=O)C[C@]3(C)[C@@H]([C@H](C)N(C)C)[C@H](O)C[C@@]3(C)[C@@H]5CC[C@H]4[C@]2(C)C=C1,7.6020599913279625,1
CC(C)C1=N[C@H]2CC[C@]34C[C@]35C(=O)C[C@]3(C)[C@@H]([C@H](C)N(C)C)[C@H](O)C[C@@]3(C)[C@@H]5CC[C@H]4[C@]2(C)CC1,6.209011524911184,1
CC(C)C1=N[C@H]2CC[C@]34C[C@]35C(=O)C[C@]3(C)[C@@H]([C@H](C)N(C)C)[C@H](O)C[C@@]3(C)[C@@H]5CC[C@H]4[C@]2(C)CN1,5.507518989871123,0
CC(C)C1=N[C@H]2CC[C@]34C[C@]35C(=O)C[C@]3(C)[C@@H]([C@H](C)N(C)C)[C@H](O)C[C@@]3(C)[C@@H]5CC[C@H]4[C@]2(C)CS1,7.221848749616356,1
CC(C)C1=N[C@H]2CC[C@]34C[C@]35C(=O)C[C@]3(C)[C@@H]([C@H](C)N(C)CCCN6C(=O)c7ccccc7C6=O)[C@H](O)C[C@@]3(C)[C@@H]5CC[C@H]4[C@]2(C)CS1,7.853871964321762,1
CC(C)C1=N[C@H]2CC[C@]34C[C@]35C(=O)C[C@]3(C)[C@@H]([C@H](C)N(C)CCCc6ccccc6)[C@H](O)C[C@@]3(C)[C@@H]5CC[C@H]4[C@]2(C)CS1,7.119186407719209,1
CC(C)C1=N[C@H]2CC[C@]34C[C@]35C(=O)C[C@]3(C)[C@@H]([C@H](C)N(C)CCN6C(=O)c7ccccc7C6=O)[C@H](O)C[C@@]3(C)[C@@H]5CC[C@H]4[C@]2(C)CS1,7.154901959985743,1
CC(C)C1=N[C@H]2CC[C@]34C[C@]35C(=O)C[C@]3(C)[C@@H]([C@H](C)N(C)CCc6ccccc6)[C@H](O)C[C@@]3(C)[C@@H]5CC[C@H]4[C@]2(C)CS1,7.698970004336019,1
CC(C)C1=N[C@H]2CC[C@]34C[C@]35C(=O)C[C@]3(C)[C@@H]([C@H](C)N(C)Cc6ccc(C(F)(F)F)cc6)[C@H](O)C[C@@]3(C)[C@@H]5CC[C@H]4[C@]2(C)CS1,8.522878745280337,1
CC(C)C1=N[C@H]2CC[C@]34C[C@]35C(=O)C[C@]3(C)[C@@H]([C@H](C)N(C)Cc6cccc(C(F)(F)F)c6)[C@H](O)C[C@@]3(C)[C@@H]5CC[C@H]4[C@]2(C)CS1,8.522878745280337,1
CC(C)C1=N[C@H]2CC[C@]34C[C@]35C(=O)C[C@]3(C)[C@@H]([C@H](C)N(C)Cc6ccccc6)[C@H](O)C[C@@]3(C)[C@@H]5CC[C@H]4[C@]2(C)CS1,8.154901959985743,1
CC(C)C1=N[C@H]2CC[C@]34C[C@]35C(=O)C[C@]3(C)[C@@H]([C@H](C)N(C)Cc6ccccc6C(F)(F)F)[C@H](O)C[C@@]3(C)[C@@H]5CC[C@H]4[C@]2(C)CS1,7.958607314841775,1
CC(C)C1CCN(c2nccc(NC(c3ccccc3)c3ccccc3)n2)CC1,4.371611069949688,0
CC(C)C1CCN(c2nccc(NCc3cccc4ccccc34)n2)CC1,4.777283528852417,0
CC(C)C1CCN(c2nccc(NCc3ccccc3)n2)CC1,4.847711655616943,0
CC(C)CC/N=C(/C=N/O)N(C)C,4.769551078621726,0
CC(C)CCSC(=O)OCC[N+](C)(C)C,4.301029995663981,0
CC(C)C[C@@H](NC(=O)C1(C(F)(F)F)CCCCC1)C(=O)Nc1nnc(Cc2ccc(C#N)cc2)s1,5.118615343229427,0
CC(C)Cc1cc(N)c2c(C(F)(F)F)cc(-c3ccccc3)nc2n1,4.719194071606333,0
CC(C)Cc1ccc(/C=C2\Oc3ccccc3C2=O)cc1,6.008773924307505,1
CC(C)Cc1ccc(C(=O)CC(Sc2ccccc2N)c2cccc([N+](=O)[O-])c2)cc1,5.886056647693163,0
CC(C)Cc1ccc(C(C)C(=O)NCCCNCCCNC2=CC(=O)C(NCCCNCCCNC(=O)C(C)c3ccc(CC(C)C)cc3)=CC2=O)cc1,6.221848749616356,1
CC(C)Cc1ccc(C(C)C(=O)O)cc1,3.6287288985124153,0
CC(C)Cn1cc(C(=O)C(F)(F)F)cn1,6.198591412625841,1
CC(C)Cn1cc(C(=O)C(F)F)cn1,4.984134230027086,0
CC(C)N(C(=O)Oc1ccc2c(CN(C)CCC3CCCCCC3)c[nH]c2c1)C(C)C,6.473014931440004,1
CC(C)N(C(=O)Oc1cccc2c(CN(C)CCC3CCCCCC3)c[nH]c12)C(C)C,5.334512819217189,0
CC(C)N(C)C(=O)Oc1cccc2c(CN(C)CCC3CCCCCC3)c[nH]c12,5.547753425479563,0
CC(C)N(CCN1CC(=O)N(CCc2ccc(Cl)cc2Cl)CC1=O)C(C)C,4.698970004336019,0
CC(C)N(CCOc1ccc(-c2nc3cc(Cl)ccc3[nH]2)cc1)C(C)C,5.434152181326482,0
CC(C)N(CCOc1ccc(-c2nc3ccccc3[nH]2)cc1)C(C)C,4.630413109263656,0
CC(C)N(CCS/C(=N\O)C(=O)c1ccc(Cl)cc1)C(C)C,3.481486060122112,0
CC(C)N1CCN(c2ccc(OCC3COC(Cn4cncn4)(c4ccc(Cl)cc4Cl)O3)cc2)CC1,4.666089456527021,0
CC(C)N1CCN(c2nccc(NC(c3ccccc3)c3ccccc3)n2)CC1,4.692503962086787,0
CC(C)N1CCN(c2nccc(NCc3cccc4ccccc34)n2)CC1,4.801342913045577,0
CC(C)N1CCN(c2nccc(NCc3ccccc3)n2)CC1,4.6020599913279625,0
CC(C)N1Cc2cc(O)ccc2N(C)C1c1ccccc1,3.5968794788241825,0
CC(C)NC(=O)Oc1ccc2c(c1)[C@]1(C)CCN(C)C1N2C,4.455965957365368,0
CC(C)NC(=O)c1cc2c(OC(=O)N(C)C)cccc2[n+](C)c1,7.236572006437063,1
CC(C)NCc1cccc2[nH]c3ccccc3c12,4.7447274948966935,0
CC(C)NP(=O)(NC(C)C)OP(=O)(NC(C)C)NC(C)C,3.4685210829577446,0
CC(C)Nc1nc(NCCc2ccccc2)c2ccccc2n1,5.142667503568731,0
CC(C)Nc1nc(NCc2ccccc2)c2ccccc2n1,5.1938200260161125,0
CC(C)OC(=O)C(C)(C)Oc1ccc(C(=O)c2ccc(Cl)cc2)cc1,4.808241678629552,0
CC(C)OC[n+]1ccn(C)c1/C=N/O,4.309803919971486,0
CC(C)OP(=O)(F)OC(C)C,6.920818753952375,1
CC(C)c1cc(-c2ccccc2)n[nH]c1=NCCC1CCN(Cc2ccccc2)CC1,6.366531544420413,1
CC(C)c1ccc(COc2ccc3[nH]c(=O)oc(=O)c3c2)cc1,4.259637310505756,0
CC(C)c1ccc(N2C(=O)C3CN(C)C4(C(=O)c5ccccc5C4=O)C3C2=O)cc1,4.912218582190458,0
CC(C)c1ccc(NC(=O)OC2CCCN(C3Cc4ccccc4C3)C2)cc1,5.101603954069991,0
CC(C)c1ccc(NC(=O)OC2CCN(C3Cc4ccccc4C3)CC2)cc1,5.636764195516307,0
CC(C)c1ccc(NC(=O)OCC2CCCN(C3Cc4ccccc4C3)C2)cc1,4.728158393463501,0
CC(C)c1ccc(NC(=O)OCC2CCCN(Cc3ccccc3)C2)cc1,4.82102305270683,0
CC(C)c1ccc(NC(=O)OCC2CCN(C3Cc4ccccc4C3)CC2)cc1,5.389020620077003,0
CC(C)c1ccc(NC(=O)OCC2CCN(Cc3ccccc3)CC2)cc1,5.648203693102976,0
CC(C)c1ccc(NC(=O)Oc2ccc3c(c2)C2(C)CCOC2O3)cc1,5.576754126063192,0
CC(C)c1ccc(NC(=O)Oc2ccc3c(c2)C2(C)COC(C2)O3)cc1,5.366531544420413,0
CC(C)c1ccc(NC(=O)Oc2ccc3c(c2)C2(C)COC(O3)O2)cc1,5.366531544420413,0
CC(C)c1ccc(NC(=O)Oc2ccc3c(c2)[C@@]2(C)CCO[C@H]2O3)cc1,5.173925197299173,0
CC(C)c1ccc(NC(=O)Oc2ccc3c(c2)[C@]2(C)CCC(C)[C@@H]2C3C)cc1,6.119186407719209,1
CC(C)c1ccc(NC(=O)Oc2ccc3c(c2)[C@]2(C)CCN(C)C2N3)cc1,5.694648630553376,0
CC(C)c1ccc(NC(=O)Oc2ccc3c(c2)[C@]2(C)CCN(C)C2N3C)cc1,6.119567869935454,1
CC(C)c1ccc(NC(=O)Oc2ccc3c(c2)[C@]2(C)CCN(C)C2N3Cc2ccccc2)cc1,4.886056647693163,0
CC(C)c1ccc(NC(=O)Oc2ccc3c(c2)[C@]2(C)CCN(C)[C@@H]2N3C)cc1,6.408923723519947,1
CC(C)c1ccc(NC(=O)Oc2ccc3c(c2)[C@]2(C)CCN(CCc4ccccc4)[C@@H]2N3C)cc1,8.221848749616356,1
CC(C)c1ccc(NC(=O)Oc2ccc3c(c2)[C@]2(C)CCNC2N3)cc1,6.958607314841775,1
CC(C)c1ccc(NC(=O)Oc2ccc3c(c2)[C@]2(C)CCNC2N3C)cc1,6.489454989793388,1
CC(C)c1ccc(NC(=O)Oc2ccc3c(c2)[C@]2(C)CCN[C@@H]2N3)cc1,6.958607314841775,1
CC(C)c1ccc(NC(=O)Oc2ccc3c(c2)[C@]2(C)CCOC2N3C)cc1,5.413412695328245,0
CC(C)c1ccc(NC(=O)Oc2ccc3c(c2)[C@]2(C)CCOC2O3)cc1,7.568636235841012,1
CC(C)c1ccc(NC(=O)Oc2ccc3c(c2)[C@]2(C)CCO[C@@H]2N3C)cc1,5.413412695328245,0
CC(C)c1ccc(NC(=O)Oc2ccc3c(c2)[C@]2(C)CCO[C@@H]2O3)cc1,5.576754126063192,0
CC(C)c1ccc(NC(=O)Oc2ccc3c(c2)[C@]2(C)CC[N+](C)(C)C2N3C)cc1,6.838631997765026,1
CC(C)c1ccc(NC(=O)Oc2ccc3c(c2)[C@]2(C)CC[N+](C)(CCc4ccccc4)C2N3C)cc1,6.522878745280337,1
CC(C)c1ccc(NC(=O)Oc2ccc3c(c2)[C@]2(C)CO[C@@H](C2)O3)cc1,5.464705879957229,0
CC(C)c1ccc([C@@H]2CN(C)C3(C(=O)c4ccccc4C3=O)[C@]23CSc2ccccc2C3=O)cc1,4.703334809738469,0
CC(C)c1ccc([C@@H]2[C@H]3CSCN3C3(C(=O)c4ccccc4C3=O)[C@]23CSc2ccccc2C3=O)cc1,4.547600154088558,0
CC(C)c1ccccc1NC(=O)Oc1ccc2c(c1)[C@]1(C)CCN(C)[C@@H]1N2C,7.823908740944319,1
CC(C)n1c2ccccc2c2cc[n+](-c3ccccc3)cc21,5.888122273171379,0
CC(C)n1cc(C(=O)C(F)(F)F)cn1,7.013956463588619,1
CC(C)n1cc(C(=O)C(F)F)cn1,6.078402927633585,1
CC(CC(=O)C[C@@H](C)[C@H]1CC(=O)[C@@]2(C)C3=C(C(=O)C[C@]12C)[C@@]1(C)CC[C@H](O)C(C)(C)[C@@H]1C[C@@H]3O)C(=O)O,4.645315446045271,0
CC(CC(=O)C[C@@H](C)[C@H]1C[C@H](O)[C@@]2(C)C3=C(C(=O)C[C@]12C)[C@@]1(C)CCC(=O)C(C)(C)[C@@H]1CC3)C(=O)O,4.638839004804974,0
CC(CC(C)(C)C)OC[n+]1ccn(C)c1/C=N/O,4.488116639021126,0
CC(COC(=O)c1ccc(Oc2nc(Oc3ccc(C(=O)OCC(C)N(C)C)cc3)nc(Oc3ccc(C(=O)OCC(C)N(C)C)cc3)n2)cc1)N(C)C,4.092588639225414,0
CC(Cc1ccc(O)cc1)C1CCC(C)C(c2ccc(O)cc2)C1,6.207608310501746,1
CC(NC(=O)Oc1cccc2c1OCC1CCN(C)C21)c1ccccc1,5.7281583934635005,0
CC(OC[n+]1ccn(C)c1/C=N/O)C(C)(C)C,4.939302159646388,0
CC(OC[n+]1ccn(C)c1/C=N/O)C1CCCCC1,4.585026652029182,0
CC(c1cc(O)c2c(c1)oc(=O)c1ccccc12)N(C)C,4.723538195826756,0
CC(c1cc(O)cc2oc(=O)c3ccccc3c12)N(C)C,4.480172006224281,0
CC(c1ccc2c(c1)oc(=O)c1ccccc12)N(C)C,4.962573502059376,0
CC(c1cccc(OC(=O)N(C)C)c1)N(C)C,7.522878745280337,1
CC(c1cccc(OCCCNC(=O)CCCCC2CCSS2)c1)N(C)C,4.598599459218456,0
CC/C(=C(/CC)c1ccc(O)cc1)c1ccc(O)cc1,4.592609095529268,0
CC/N=C1/CCc2c1n(C)c1ccc(OC(=O)NC)c(Br)c21,6.853871964321762,1
CC/N=C1/CCc2c1n(C)c1ccc(OC(=O)NC)c(Cl)c21,6.795880017344075,1
CC/N=C1/CCc2c1n(C)c1ccc(OC(=O)NC)cc21,5.245651664288982,0
CC1(C)C(=O)CC[C@@]2(C)[C@H]1CC[C@@]1(C)CC3=CC(=O)[C@H]4C(C)(C)[C@H](O)CC[C@]4(C)[C@H]3CC[C@@H]12,4.97183558057553,0
CC1(C)C=Cc2c(ccc(C(=O)/C=C/c3ccc(O)cc3)c2O)O1,4.647642376345016,0
CC1(C)C=Cc2cc3ccc(=O)oc3cc2O1,3.8239087409443187,0
CC1(C)CC(=O)C2=C(C1)Nc1nc3c(c(N)c1C2c1ccc(F)cc1)CCCC3,5.795880017344075,0
CC1(C)CC(=O)C2=C(C1)Nc1nc3c(c(N)c1C2c1ccccc1)CCCC3,6.1487416512809245,1
CC1(C)CC(=O)C2=C(C1)Nc1nc3c(c(N)c1C2c1ccncc1)CCCC3,5.552841968657781,0
CC1(C)CC(=O)C2=C(C1)Nc1nc3c(c(N)c1[C@H]2c1ccc(F)cc1)CCCC3,6.270001452716578,1
CC1(C)CC(=O)C2=C(C1)Nc1nc3c(c(N)c1[C@H]2c1ccccc1)CCCC3,6.4900049079866005,1
CC1(C)CC(=O)C2=C(C1)Nc1nc3c(c(N)c1[C@H]2c1ccncc1)CCCC3,6.219999701663429,1
CC1(C)CC(=O)C2=C(C1)Oc1nc3c(c(N)c1[C@H]2c1ccc(F)cc1)CCCC3,4.159999981744464,0
CC1(C)CC(=O)C2=C(C1)Oc1nc3c(c(N)c1[C@H]2c1ccc([N+](=O)[O-])cc1)CCCC3,4.030000000370884,0
CC1(C)CC(=O)C2=C(C1)Oc1nc3c(c(N)c1[C@H]2c1cccc([N+](=O)[O-])c1)CCCC3,4.920000156997057,0
CC1(C)CC(=O)C2=C(C1)Oc1nc3c(c(N)c1[C@H]2c1ccccc1)CCCC3,4.3100000171743025,0
CC1(C)CC(=O)C2=C(C1)Oc1nc3c(c(N)c1[C@H]2c1ccccc1C(F)(F)F)CCCC3,4.750000100140428,0
CC1(C)CCCC2(C)OC(=O)C=C12,7.522444667801019,1
CC1(C)CCCN(Cc2ccc(-c3cnc4[nH]c5cnc(C#N)cc5c4c3)cc2)C1,5.47755576649368,0
CC1(C)CCN(Cc2ccc(-c3cnc4[nH]c5cnc(C#N)cc5c4c3)cc2)CC1,7.958607314841775,1
CC1(C)CNC2=C([N+](=O)[O-])C3(C(=O)Nc4ccc(F)cc43)C(C#N)=C(N)N2C1,5.97061622231479,0
CC1(C)CNC2=C([N+](=O)[O-])C3(C(=O)Nc4ccc([N+](=O)[O-])cc43)C(C#N)=C(N)N2C1,5.8124792791635365,0
CC1(C)CNC2=C([N+](=O)[O-])C3(C(=O)Nc4ccccc43)C(C#N)=C(N)N2C1,5.903089986991944,0
CC1(C)CNC2=C([N+](=O)[O-])C3(C(=O)c4ccc(Br)c5c(Br)ccc3c45)C(C#N)=C(N)N2C1,5.223298816011589,0
CC1(C)CNC2=C([N+](=O)[O-])C3(C(=O)c4cccc5cccc3c45)C(C#N)=C(N)N2C1,5.112945621949043,0
CC1(C)CNC2=C([N+](=O)[O-])C3(C(C#N)=C(N)N2C1)c1ccccc1-c1nc2ccc([N+](=O)[O-])cc2nc13,5.443697499232712,0
CC1(C)CNC2=C([N+](=O)[O-])C3(C(C#N)=C(N)N2C1)c1ccccc1-c1nc2ccccc2nc13,5.366531544420413,0
CC1(C)C[C@@H](c2ccccc2)C(CN2C(=O)c3ccccc3C2=O)=NO1,4.184953823935369,0
CC1(C)O[C@@H]2[C@@H](O)[C@H]3NC(=O)O[C@H]3C[C@@H]2O1,4.231361898752385,0
CC1(C)Oc2cc3oc(=O)ccc3cc2C[C@@H]1O,4.552841968657781,0
CC1(COc2ccc(CC3SC(=O)NC3=O)cc2)CCCCC1,4.823156615496261,0
CC1(c2nccc3cc4c(cc23)OCO4)OC(O)c2c1ccc1c2OCO1,4.930280862920916,0
CC12CC3CC(C)(C1)CC(N)(C3)C2,7.208854658640503,1
CC12CCC(c3c1nc1ccccc1c3N)C2(C)C,3.9586073148417746,0
CC1=C(C(=O)OC(C)C)C(c2cccc(Cl)c2)c2c(nc3c(c2N)CC(C)(C)CC3)N1,5.160019442321657,0
CC1=C(C(=O)OC(C)C)C(c2cccc(F)c2)c2c(nc3c(c2N)CC(C)(C)CC3)N1,6.253365801062421,1
CC1=C(C(=O)OC(C)C)C(c2ccccc2Cl)c2c(nc3c(c2N)CC(C)(C)CC3)N1,5.518557371497694,0
CC1=C(C(=O)OC(C)C)C(c2ccccc2F)c2c(nc3c(c2N)CC(C)(C)CC3)N1,5.861066059743076,0
CC1=C(C(=O)OC(C)C)C(c2cncnc2)c2c(nc3c(c2N)CC(C)(C)CC3)N1,6.0746879085003505,1
CC1=C(C(=O)OC2CCC2)C(c2ccccc2F)c2c(nc3c(c2N)CC(C)(C)CC3)N1,6.120904120499928,1
CC1=C(C(=O)OCC2CC2)C(c2ccccc2Cl)c2c(nc3c(c2N)CC(C)(C)CC3)N1,6.012780770091995,1
CC1=C(C(=O)OCCN(C)C)C(c2ccccc2)c2c(nc3c(c2N)CC(F)(F)CC3)N1,6.866461091629782,1
CC1=C(C)c2nc3ccccc3c(N)c2C1,5.455931955649724,0
CC1=C(CC(=O)NCCCNCCCNC2=CC(=O)C(NCCCNCCCNC(=O)CC3=C(C)/C(=C\c4ccc([S+](C)[O-])cc4)c4ccc(F)cc43)=CC2=O)c2cc(F)ccc2/C1=C/c1ccc([S+](C)[O-])cc1,5.020451625295905,0
CC1=C(CCN2CCN(C(c3ccc(F)cc3)c3ccc(F)cc3)CC2)C(=O)C2CCCCC2=N1,5.969481235156458,0
CC1=C(CO[C@@H]2O[C@H](CO[C@@H]3O[C@H](CO)[C@@H](O)[C@H](O)[C@H]3O)[C@@H](O)[C@H](O)[C@H]2O)C(C)(C)CCC1,5.494850021680094,0
CC1=C(NC2CCN(Cc3ccccc3)CC2)C(=O)c2ccccc2C1=O,4.323306390375134,0
CC1=CC2CC(C1)Cc1nc3ccccc3c(N)c12,6.360513510731414,1
CC1=CC2Cc3nc(O)ccc3C(N)(C1)/C2=C/C(F)(F)F,5.698970004336019,0
CC1=CC2Cc3nc4[nH]ncc4c(N)c3C(C1)C2,4.301029995663981,0
CC1=CC2Cc3nc4cc(Cl)ccc4c(Cl)c3C(C1)C2,4.649751981665837,0
CC1=CC2Cc3nc4cc(Cl)ccc4c(N)c3C(C1)C2,8.880864657564823,1
CC1=CC2Cc3nc4cc(Cl)ccc4c(N)c3C(C1)C2N,6.647817481888637,1
CC1=CC2Cc3nc4cc(Cl)ccc4c(N)c3C(C1)C2NC=O,7.008773924307505,1
CC1=CC2Cc3nc4cc(Cl)ccc4c(N)c3C(C1)C2NS(C)(=O)=O,7.392544976785332,1
CC1=CC2Cc3nc4cc(Cl)ccc4c(NC(=O)CCl)c3C(C1)C2,5.600326278518962,0
CC1=CC2Cc3nc4cc(Cl)ccc4c(NCCCCCCCCC(=O)N4CCNC(=O)C4)c3C(C1)C2,9.387216143280265,1
CC1=CC2Cc3nc4cc(Cl)ccc4c(NCCCCCCCCC(=O)NCc4cc[nH]c(=O)c4)c3C(C1)C2,9.200659450546418,1
CC1=CC2Cc3nc4cc(Cl)ccc4c(NCCCCCCCCC(=O)Nc4cn[nH]c4)c3C(C1)C2,8.621602099051863,1
CC1=CC2Cc3nc4cc(Cl)ccc4c(NCCCCCCCCCCCCNc4c5c(nc6cc(Cl)ccc46)CCCC5)c3C(C1)C2,8.460923901207224,1
CC1=CC2Cc3nc4cc(Cl)ccc4c(NCCCCCCCCCCCCNc4c5c(nc6ccccc46)CCCC5)c3C(C1)C2,8.71669877129645,1
CC1=CC2Cc3nc4cc(Cl)ccc4c(NCCCCCCCCCCCNC(=O)c4cc(O)c5c(c4)C(=O)c4cccc(O)c4C5=O)c3C(C1)C2,7.7594507517174005,1
CC1=CC2Cc3nc4cc(Cl)ccc4c(NCCCCCCCCCCNC(=O)c4cc(O)c5c(c4)C(=O)c4cccc(O)c4C5=O)c3C(C1)C2,8.118900875474317,1
CC1=CC2Cc3nc4cc(Cl)ccc4c(NCCCCCCCCCCNc4c5c(nc6cc(Cl)ccc46)CCCC5)c3C(C1)C2,8.041436116778033,1
CC1=CC2Cc3nc4cc(Cl)ccc4c(NCCCCCCCCCCNc4c5c(nc6ccccc46)CCCC5)c3C(C1)C2,8.377785977033705,1
CC1=CC2Cc3nc4cc(Cl)ccc4c(NCCCCCCCCCNC(=O)c4cc(O)c5c(c4)C(=O)c4cccc(O)c4C5=O)c3C(C1)C2,8.443697499232712,1
CC1=CC2Cc3nc4cc(Cl)ccc4c(NCCCCCCCCCNC(=O)c4cc(O)cc(O)c4)c3C(C1)C2,8.590066876668706,1
CC1=CC2Cc3nc4cc(Cl)ccc4c(NCCCCCCCCCNC(=O)c4ccc[nH]c4=O)c3C(C1)C2,8.739928612014925,1
CC1=CC2Cc3nc4cc(Cl)ccc4c(NCCCCCCCCCNS(=O)(=O)c4cn[nH]c4)c3C(C1)C2,8.619788758288394,1
CC1=CC2Cc3nc4cc(Cl)ccc4c(NCCCCCCCCCNc4c5c(nc6cc(Cl)ccc46)CCCC5)c3C(C1)C2,8.48678239993206,1
CC1=CC2Cc3nc4cc(Cl)ccc4c(NCCCCCCCCCNc4c5c(nc6ccccc46)CCCC5)c3C(C1)C2,8.452225294612177,1
CC1=CC2Cc3nc4cc(Cl)ccc4c(NCCCCCCCCNC(=O)c4cc(O)c5c(c4)C(=O)c4cccc(O)c4C5=O)c3C(C1)C2,8.358530417122612,1
CC1=CC2Cc3nc4cc(Cl)ccc4c(NCCCCCCCCNc4c5c(nc6cc(Cl)ccc46)CCCC5)c3C(C1)C2,9.138683038733094,1
CC1=CC2Cc3nc4cc(Cl)ccc4c(NCCCCCCCCNc4c5c(nc6ccccc46)CCCC5)c3C(C1)C2,7.518048833067486,1
CC1=CC2Cc3nc4cc(Cl)ccc4c(NCCCCCCCNC(=O)[C@@H](N)Cc4c[nH]c5ccccc45)c3C(C1)C2,7.91721462968355,1
CC1=CC2Cc3nc4cc(Cl)ccc4c(NCCCCCCCNC(=O)c4cc(O)c5c(c4)C(=O)c4cccc(O)c4C5=O)c3C(C1)C2,8.497572880015568,1
CC1=CC2Cc3nc4cc(Cl)ccc4c(NCCCCCCCNc4c5c(nc6cc(Cl)ccc46)CCCC5)c3C(C1)C2,8.93863000351882,1
CC1=CC2Cc3nc4cc(Cl)ccc4c(NCCCCCCCNc4c5c(nc6ccccc46)CCCC5)c3C(C1)C2,9.096029639392249,1
CC1=CC2Cc3nc4cc(Cl)ccc4c(NCCCCCCNC(=O)[C@@H](N)Cc4c[nH]c5ccccc45)c3C(C1)C2,7.931814138253838,1
CC1=CC2Cc3nc4cc(Cl)ccc4c(NCCCCCCNC(=O)c4cc(O)c5c(c4)C(=O)c4cccc(O)c4C5=O)c3C(C1)C2,8.818156412055227,1
CC1=CC2Cc3nc4cc(Cl)ccc4c(NCCCCCCNc4c5c(nc6cc(Cl)ccc46)CCCC5)c3C(C1)C2,9.23877788324684,1
CC1=CC2Cc3nc4cc(Cl)ccc4c(NCCCCCCNc4c5c(nc6ccccc46)CCCC5)c3C(C1)C2,9.175819994509535,1
CC1=CC2Cc3nc4cc(Cl)ccc4c(NCCCCCNC(=O)[C@@H](N)Cc4c[nH]c5ccccc45)c3C(C1)C2,7.6439741428068775,1
CC1=CC2Cc3nc4cc(Cl)ccc4c(NCCCCCNC(=O)c4cc(O)c5c(c4)C(=O)c4cccc(O)c4C5=O)c3C(C1)C2,8.97061622231479,1
CC1=CC2Cc3nc4cc(Cl)ccc4c(NCCCN(C)CCCNc4c5c(nc6cc(Cl)ccc46)CCCC5)c3C(C1)C2,9.508638306165727,1
CC1=CC2Cc3nc4cc(Cl)ccc4c(NCCCN(C)CCCNc4c5c(nc6ccccc46)CCCC5)c3C(C1)C2,9.3767507096021,1
CC1=CC2Cc3nc4cc(Cl)ccc4c(NCCCl)c3C(C1)C2,7.363512103646634,1
CC1=CC2Cc3nc4cc(Cl)ccc4c(NCCN=[N+]=[N-])c3C(C1)C2,8.060980223551333,1
CC1=CC2Cc3nc4cc(Cl)ccc4c(NCCO)c3C(C1)C2,8.015022873584506,1
CC1=CC2Cc3nc4cc(Cl)ccc4c(NCc4ccc(CNC(=O)c5cc(O)c6c(c5)C(=O)c5cccc(O)c5C6=O)cc4)c3C(C1)C2,7.739928612014925,1
CC1=CC2Cc3nc4cc(Cl)ccc4c(O)c3C(C1)C2,4.8326826652518236,0
CC1=CC2Cc3nc4cc(F)cc(F)c4c(N)c3C(C1)C2,8.657577319177793,1
CC1=CC2Cc3nc4cccc(F)c4c(N)c3C(C1)C2,7.450996737974212,1
CC1=CC2Cc3nc4ccccc4c(N)c3C(C1)C2,7.287350298372789,1
CC1=CC2Cc3nc4ccccc4c(NCCCCCCCCCCCCNc4c5c(nc6cc(Cl)ccc46)CCCC5)c3C(C1)C2,8.436518914605589,1
CC1=CC2Cc3nc4ccccc4c(NCCCCCCCCCCCCNc4c5c(nc6ccccc46)CCCC5)c3C(C1)C2,7.995678626217357,1
CC1=CC2Cc3nc4ccccc4c(NCCCCCCCCCCNc4c5c(nc6cc(Cl)ccc46)CCCC5)c3C(C1)C2,8.829738284605043,1
CC1=CC2Cc3nc4ccccc4c(NCCCCCCCCCCNc4c5c(nc6ccccc46)CCCC5)c3C(C1)C2,8.189767482004916,1
CC1=CC2Cc3nc4ncccc4c(N)c3C(C1)C2,6.09151498112135,1
CC1=CC2Cc3nc4oc(C)c(C)c4c(N)c3C(C1)C2,5.320572103387882,0
CC1=CC2Cc3nc4oc(C5CC5)nc4c(N)c3C(C1)C2,4.301029995663981,0
CC1=CC2Cc3nc4oc(C5CCC5)nc4c(N)c3C(C1)C2,4.567030709125595,0
CC1=C[C@@H]2Cc3[nH]c(=O)ccc3[C@]3(C1)NCCC[C@H]23,5.590066876668706,0
CC1=C[C@@H]2Cc3nc4cc(Cl)ccc4c(N)c3[C@H](C1)C2,9.248649912344717,1
CC1=C[C@@H]2Cc3nc4cc(Cl)ccc4c(NCCCCC(=O)N4CCC(NC(=O)Nc5ccc(OC(F)(F)F)cc5)CC4)c3[C@H](C1)C2,8.712198270069774,1
CC1=C[C@@H]2Cc3nc4cc(Cl)ccc4c(NCCCCCCCCCNC(=O)c4cc(O)c5c(c4)C(=O)c4cccc(O)c4C5=O)c3[C@H](C1)C2,8.620695428670128,1
CC1=C[C@@H]2Cc3nc4cc(Cl)ccc4c(NCCCCCCCNc4c5c(nc6cc(Cl)ccc46)CCCC5)c3[C@H](C1)C2,8.6903698325741,1
CC1=C[C@@H]2Cc3nc4cc(Cl)ccc4c(NCCCCCCCNc4c5c(nc6ccccc46)CCCC5)c3[C@H](C1)C2,8.876148359032914,1
CC1=C[C@@H]2Cc3nc4cc(Cl)ccc4c(NCCCN(C)CCCCNc4c5c(nc6cc(Cl)ccc46)CCCC5)c3[C@H](C1)C2,9.537602002101044,1
CC1=C[C@@H]2Cc3nc4cc(Cl)ccc4c(NCCCN(C)CCCCNc4c5c(nc6ccccc46)CCCC5)c3[C@H](C1)C2,9.494850021680094,1
CC1=C[C@@H]2Cc3nc4cc(F)ccc4c(N)c3[C@H](C1)C2,8.339134521996131,1
CC1=C[C@H]2Cc3[nH]c(=O)ccc3[C@@]3(C1)[C@@H]2[C@H](C)CN3C,4.91721462968355,0
CC1=C[C@H]2Cc3[nH]c(=O)ccc3[C@@]3(C1)[C@@H]2[C@H](Cl)CCN3C,4.679853713888946,0
CC1=C[C@H]2Cc3[nH]c(=O)ccc3[C@]3(C1)NCCC[C@H]23,7.522878745280337,1
CC1=C[C@H]2Cc3nc4cc(Cl)ccc4c(N)c3[C@@H](C1)C2,7.179978029612455,1
CC1=C[C@H]2Cc3nc4cc(Cl)ccc4c(NCCCCC(=O)N4CCC(NC(=O)Nc5ccc(OC(F)(F)F)cc5)CC4)c3[C@@H](C1)C2,5.779891911959945,0
CC1=C[C@H]2Cc3nc4cc(Cl)ccc4c(NCCCCCCCCCCCCNc4c5c(nc6cc(Cl)ccc46)C[C@@H]4C=C(C)C[C@H]5C4)c3[C@@H](C1)C2,6.3655227298392685,1
CC1=C[C@H]2Cc3nc4cc(Cl)ccc4c(NCCCCCCCCCCNc4c5c(nc6cc(Cl)ccc46)C[C@@H]4C=C(C)C[C@H]5C4)c3[C@@H](C1)C2,7.756961951313706,1
CC1=C[C@H]2Cc3nc4cc(Cl)ccc4c(NCCCCCCCCCNC(=O)c4cc(O)c5c(c4)C(=O)c4cccc(O)c4C5=O)c3[C@@H](C1)C2,5.53313237964589,0
CC1=C[C@H]2Cc3nc4cc(Cl)ccc4c(NCCCCCCCCNc4c5c(nc6cc(Cl)ccc46)C[C@@H]4C=C(C)C[C@H]5C4)c3[C@@H](C1)C2,7.139661993429006,1
CC1=C[C@H]2Cc3nc4cc(Cl)ccc4c(NCCCCCCCNc4c5c(nc6cc(Cl)ccc46)CCCC5)c3[C@@H](C1)C2,7.939302159646388,1
CC1=C[C@H]2Cc3nc4cc(Cl)ccc4c(NCCCCCCCNc4c5c(nc6ccccc46)CCCC5)c3[C@@H](C1)C2,8.164943898279883,1
CC1=C[C@H]2Cc3nc4cc(Cl)ccc4c(NCCCCCCNc4c5c(nc6cc(Cl)ccc46)C[C@@H]4C=C(C)C[C@H]5C4)c3[C@@H](C1)C2,6.71669877129645,1
CC1=C[C@H]2[C@H](O)C(=O)[C@H]3CCCN4CCC[C@H]2[C@]34C1,4.777283528852417,0
CC1=N[C@H]2CC=C3C[C@H]4C(=O)C[C@]5(C)[C@@H]([C@H](C)N(C)C)[C@H](O)C[C@@]5(C)[C@@H]4CC[C@H]3[C@]2(C)CO1,5.280502983389418,0
CC1CCCC(C)N1Cc1ccc(CNCCN2CCNC2=C(C#N)C#N)o1,5.346787486224656,0
CC1CCCCN1CCCN1CC(=O)N(CCc2ccc(F)cc2)CC1=O,4.698970004336019,0
CC1CCCCN1Cc1ccc(CNCCN2CCNC2=C(C#N)C#N)o1,6.267606240177031,1
CC1CCCCN1c1nc2ccccc2[nH]1,4.051000545973047,0
CC1CCCN(Cc2ccc(CNCCN3CCNC3=C(C#N)C#N)o2)C1,6.431798275933005,1
CC1CCN(C(=O)c2ccccc2)CC1,5.0,0
CC1CCN(CC2CCCCC2)CC1,8.050609993355087,1
CC1CCN(CC2Cc3ccccc3C2=O)CC1,6.318758762624412,1
CC1CCN(CCc2ccccc2)CC1,6.7447274948966935,1
CC1CCN(Cc2ccc(CNCCN3CCNC3=C(C#N)C#N)o2)CC1,6.537602002101044,1
CC1CCN(Cc2ccc3ccccc3c2)CC1,5.537602002101044,0
CC1CCN(Cc2cccc3ccccc23)CC1,6.657577319177793,1
CC1CCN(Cc2ccccc2)CC1,8.275724130399212,1
CC1CCN(Cc2ccccc2[N+](=O)[O-])CC1,6.795880017344075,1
CC1CCN(c2nccc(NC(c3ccccc3)c3ccccc3)n2)CC1,4.492144128304169,0
CC1CCN(c2nccc(NCCc3ccccc3)n2)CC1,5.055517327849831,0
CC1CCN(c2nccc(NCc3cccc4ccccc34)n2)CC1,4.58838029403677,0
CC1CCN(c2nccc(NCc3ccccc3)n2)CC1,4.735182176990463,0
CC1CC[C@@]2(C)c3cc(OC(=O)Nc4ccccc4)ccc3C(C)[C@@H]12,7.657577319177793,1
CC1CCc2c(nc3nc(-c4ccccc4)cc(C(F)(F)F)c3c2N)C1,5.488116639021126,0
CC1CCc2nc3nc(-c4ccccc4)cc(C(F)(F)F)c3c(N)c2C1,6.292429823902063,1
CC1Cc2c(nc3ccccc3c2N)C1(C)O,3.8728952016351927,0
CC1Cc2cc3c(cc2C1=O)OCO3,7.030095657096896,1
CC1Cc2ccc(F)cc2C1=O,6.560104100414689,1
CC1Cc2ccccc2C1=O,6.625109433158309,1
CC1Cc2nc3nc(-c4ccccc4)cc(C(F)(F)F)c3c(N)c2C1,5.028260409112222,0
CC1N[C@H](C(=O)NCCCCCCNc2c3c(nc4ccccc24)CCCC3)Cc2c1[nH]c1ccccc21,6.692503962086787,1
CC1c2[nH]c3ccccc3c2CCN1C(=O)/C=C/c1ccc(O)c(O)c1,4.6777807052660805,0
CC1c2[nH]c3ccccc3c2C[C@@H](C(=O)NCCCCCCNc2c3c(nc4ccccc24)CCCC3)N1C(=O)OC(C)(C)C,6.279014255846261,1
CC1c2ccccc2CCN1CCCCOc1ccc(-c2coc3cc(OCCCCN4CCc5ccccc5C4C)cc(O)c3c2=O)cc1,5.275724130399211,0
CCC(=O)CNC(=O)Nc1nc2ccc(-c3oc4c(OC)c(O)c(O)c(OC)c4c(=O)c3O)cc2s1,7.0,1
CCC(=O)N(CCC1CCN(Cc2ccccc2)CC1)c1ccccc1,6.080921907623926,1
CCC(=O)Oc1cc([N+](C)(C)C)ccc1C,5.4239997682525205,0
CCC(=O)Oc1ccc(C)c([N+](C)(C)C)c1,4.161000002416256,0
CCC(=O)Oc1cccc(CN(C)CCCCCCCOc2ccc3c(c2)O/C(=C\c2ccc4ccccc4c2)C3=O)c1,5.679853713888946,0
CCC(=O)Oc1cccc([N+](C)(C)C)c1,5.224000208466419,0
CCC(=O)Oc1cccc([N+](C)(C)C)c1C,3.1230000021524136,0
CCC(C)(C)NCC(O)c1cc(O)cc(OC(=O)N(C)C)c1,4.698970004336019,0
CCC(C)(C)SC(=O)OCC[N+](C)(C)C,4.3979400086720375,0
CCC(C)C(=O)[C@@H]1C(=O)[C@]2(CC=C(C)C)OC(=O)[C@](CC=C(C)C)(C[C@H](CC=C(C)C)[C@@]1(C)C/C=C/C(C)(C)O)C2=O,5.1487416512809245,0
CCC(C)C(=O)[C@]12C(=O)[C@]3(CC=C(C)C)C[C@H](CC=C(C)C)[C@@]1(C)CC[C@@H](C(C)(C)O)OC2=C(CC=C(C)C)C3=O,4.429457060118103,0
CCC(C)CSC(=O)OCC[N+](C)(C)C,3.0,0
CCC(C)n1cc(C(=O)C(F)(F)F)cn1,8.121321727159113,1
CCC(C)n1cc(C(=O)C(F)F)cn1,7.012307075505266,1
CCC(C)n1cc(C(=O)CF)cn1,4.75842039514151,0
CCC(CC)n1cc(C(=O)C(F)(F)F)cn1,8.533816396300542,1
CCC(CC)n1cc(C(=O)C(F)F)cn1,7.497032424381319,1
CCC(CC)n1cc(C(=O)CF)cn1,5.280688485058178,0
CCC(OC[n+]1ccn(C)c1/C=N/O)C(C)(C)C,4.619788758288394,0
CCC(c1ccc(O)c(OC)c1)c1ccc(OC)cc1O,5.3223930472795065,0
CCC(c1ccc(O)c(OC)c1)c1cccc(O)c1O,5.247183568811728,0
CCC/N=C1/CCc2c1n(C)c1ccc(OC(=O)NC)cc21,5.415668775632469,0
CCC1=CC2CC(C1)Cc1nc3ccccc3c(N)c12,7.114073660198569,1
CCC1=CC2Cc3nc4cc(C)cc(C)c4c(N)c3C(C1)C2,8.304518323509802,1
CCC1=CC2Cc3nc4cc(Cl)cc(Cl)c4c(N)c3C(C1)C2,8.856985199745905,1
CCC1=CC2Cc3nc4cc(Cl)ccc4c(Cl)c3C(C1)C2,4.716698771296451,0
CCC1=CC2Cc3nc4cc(Cl)ccc4c(N)c3C(C1)C2,9.489991487059765,1
CCC1=CC2Cc3nc4cc(Cl)ccc4c(N)c3[C@@H](C1)C2,8.803696023309506,1
CCC1=CC2Cc3nc4cc(Cl)ccc4c(NCCCN4CCC(CC5Cc6cc(OC)c(OC)cc6C5)CC4)c3C(C1)C2,8.306911096104557,1
CCC1=CC2Cc3nc4cc(Cl)ccc4c(NCCN4CCC(CC5Cc6cc(OC)c(OC)cc6C5)CC4)c3C(C1)C2,7.543633966870956,1
CCC1=CC2Cc3nc4cc(Cl)ccc4c(NCCN=[N+]=[N-])c3C(C1)C2,7.863279432843593,1
CCC1=CC2Cc3nc4cc(Cl)ccc4c(NCCO)c3C(C1)C2,8.170696227168975,1
CCC1=CC2Cc3nc4cc(Cl)ccc4c(NCCn4cc(CCCCCCN5CCc6cc(OC)c(OC)cc6C5c5cccc([N+](=O)[O-])c5)nn4)c3C(C1)C2,8.224753740259764,1
CCC1=CC2Cc3nc4cc(F)cc(F)c4c(N)c3C(C1)C2,8.75448733218585,1
CCC1=CC2Cc3nc4cc(F)ccc4c(N)c3C(C1)C2,8.18795850737229,1
CCC1=CC2Cc3nc4cc(OC)c(OC)cc4c(N)c3C(C1)C2,5.292429823902063,0
CCC1=CC2Cc3nc4ccc(Cl)cc4c(N)c3C(C1)C2,6.371611069949688,1
CCC1=CC2Cc3nc4cccc(Cl)c4c(N)c3C(C1)C2,7.931814138253838,1
CCC1=CC2Cc3nc4cccc(F)c4c(N)c3C(C1)C2,7.530177984021837,1
CCC1=CC2Cc3nc4ccccc4c(N)c3C(C1)C2,7.422508200162775,1
CCC1=CC2Cc3nc4ccccc4c(NCCCCCCCCNc4c5c(nc6ccccc46)CCCC5)c3C(C1)C2,9.086186147616283,1
CCC1=CC2Cc3nc4cnccc4c(N)c3C(C1)C2,6.1778319206319825,1
CCC1=CC2Cc3nc4ncccc4c(N)c3C(C1)C2,6.068033885271827,1
CCC1=CC2Cc3nc4oc(C)c(C)c4c(N)c3C(C1)C2,5.190440285364732,0
CCC1=CC2Cc3nc4oc(C5CC5)nc4c(N)c3C(C1)C2,4.301029995663981,0
CCC1C/C(=C\c2cc(OC)c(OC)c(OC)c2Br)C(=O)c2ccccc21,7.346787486224656,1
CCC1OCc2c[n+](C)c(C)c(OC(=O)N(C)C)c2CO1,3.5528419686577806,0
CCCC(=O)OCC[N+](C)(C)C,3.639999991045884,0
CCCC(=O)SCC[N+](C)(C)C,3.900000004068662,0
CCCC(C)n1cc(C(=O)C(F)(F)F)cn1,8.11148425010283,1
CCCC(C)n1cc(C(=O)C(F)F)cn1,6.814078322316652,1
CCCC(C)n1cc(C(=O)CF)cn1,4.68533598310271,0
CCCC/N=C(/C=N/O)N(C)C,4.267606240177032,0
CCCC1OCc2c[n+](C)c(C)c(OC(=O)N(C)C)c2CO1,3.853871964321762,0
CCCCC/C=C\C/C=C\CCCCCCCC(=O)OCCCc1cc(OC)c2oc(-c3ccc4c(c3)OCO4)cc2c1,5.769551078621726,0
CCCCC/C=C\C/C=C\CCCCCCCC(=O)OCCCc1ccc2oc(-c3ccc4c(c3)OCO4)cc2c1,5.568636235841012,0
CCCCC/N=C(/C=N/O)N(C)C,4.886056647693163,0
CCCCC1(O)c2nc3ccccc3c(N)c2CC1C,4.040958607678906,0
CCCCC1=C(C)Cc2c1nc1ccccc1c2N,4.6020599913279625,0
CCCCC1=NC2(CCCC2)C(=O)N1CC(=O)c1ccc(Cl)cc1,6.543026986364183,1
CCCCC1=NC2(CCCC2)C(=O)N1CCN1C(=O)c2ccccc2C1=O,6.636764195516307,1
CCCCC1=NC2(CCCC2)C(=O)N1Cc1cc(OC)c(OC)cc1Br,7.0835460514500745,1
CCCCC1=NC2(CCCC2)C(=O)N1Cc1cc2c(cc1C)OCO2,6.635449004646028,1
CCCCC1=NC2(CCCC2)C(=O)N1Cc1ccc(-c2ccccc2-n2nnnc2C(c2ccccc2)(c2ccccc2)c2ccccc2)cc1,6.416234631715,1
CCCCC1=NC2(CCCC2)C(=O)N1Cc1ccc(-c2ccccc2C#N)cc1,7.0835460514500745,1
CCCCC1=NC2(CCCC2)C(=O)N1Cc1ccc(-c2ccccc2C(=O)OC(C)(C)C)cc1,6.570570735618212,1
CCCCC1=NC2(CCCC2)C(=O)N1Cc1ccc(-c2ccccc2C(=O)OC)cc1,6.618704376996174,1
CCCCC1=NC2(CCCC2)C(=O)N1Cc1ccc(Br)cc1,7.154901959985743,1
CCCCC1=NC2(CCCC2)C(=O)N1Cc1ccc([N+](=O)[O-])cc1,6.8683813356508745,1
CCCCC1OC(=O)c2cc(OCc3ccc(CN(C)C)c(O)c3)ccc21,5.056505484093897,0
CCCCC1OC(=O)c2cc(OCc3ccc(CN(CC)CC)c(O)c3)ccc21,6.455931955649724,1
CCCCC1OC(=O)c2cc(OCc3ccc(CN4CCCC4)c(O)c3)ccc21,5.406713932979542,0
CCCCC1OC(=O)c2cc(OCc3ccc(CN4CCCCC4)c(O)c3)ccc21,7.3872161432802645,1
CCCCC1OC(=O)c2cc(OCc3ccc(CN4CCN(C)CC4)c(O)c3)ccc21,4.624153563690844,0
CCCCC1OC(=O)c2cc(OCc3ccc(CN4CCOCC4)c(O)c3)ccc21,5.478861916295964,0
CCCCCCCC/C=C\CCCCCCCC(=O)OCCCc1cc(OC)c2oc(-c3ccc4c(c3)OCO4)cc2c1,5.7447274948966935,0
CCCCCCCC/C=C\CCCCCCCC(=O)OCCCc1ccc2oc(-c3ccc4c(c3)OCO4)cc2c1,5.508638306165727,0
CCCCCCCC1OCc2c[n+](C)c(C)c(OC(=O)N(C)C)c2CO1,5.6777807052660805,0
CCCCCCCCC1OCc2c[n+](C)c(C)c(OC(=O)N(C)C)c2CO1,5.886056647693163,0
CCCCCCCCCC(C)C1OCc2c[n+](C)c(C)c(OC(=O)N(C)C)c2CO1,6.337242168318426,1
CCCCCCCCCCCC1=C(O)C(=O)C=C(NCCC2CCN(Cc3ccccc3)CC2)C1=O,6.823908740944319,1
CCCCCCCCCCCC1=CC(=O)C=CC1=O,5.101823516502323,0
CCCCCCCCCCCCCCCCNCC(=O)Nc1ccc2nc3n(c(=O)c2c1)CCC3,8.27490547891853,1
CCCCCCCCCCCCCCCC[n+]1ccccc1,5.56019378860667,0
CCCCCCCCCCCCCCCCc1c(C(=O)[O-])ccc[n+]1C,2.6777807052660805,0
CCCCCCCCCCCCCCCCc1cc[n+](C)cc1C(=O)[O-],2.585026652029182,0
CCCCCCCCCCCCCCCCc1ccc(C(=O)[O-])c[n+]1C,2.5528419686577806,0
CCCCCCCCCCCCCCNc1c2c(nc3ccc(OC)cc13)CCCC2,4.337242168318426,0
CCCCCCCCCCCCCNc1c2c(nc3ccc(OC)cc13)CCCC2,4.0,0
CCCCCCCCCCCCNCC(=O)Nc1ccc2nc3n(c(=O)c2c1)CCC3,7.435333935747911,1
CCCCCCCCCCCCNc1c2c(nc3ccc(OC)cc13)CCCC2,6.0,1
CCCCCCCCCCNCC(=O)Nc1ccc2nc3n(c(=O)c2c1)CCC3,7.617982957425132,1
CCCCCCCCCN(Cc1ccccc1OC)C(=O)CCCCCN(C)Cc1ccc(-c2ccc(CN(C)CCCCCC(=O)NCc3ccccc3OC)cc2)cc1,3.9800000199290153,0
CCCCCCCCCN(Cc1ccccc1OC)C(=O)CCCCCNCc1ccc(-c2ccc(-c3ccc(CNCCCCCC(=O)NCc4ccccc4OC)cc3)cc2)cc1,4.800000052738446,0
CCCCCCCCCNc1c2c(nc3ccc(OC)cc13)CCCC2,5.795880017344075,0
CCCCCCCCNC(=O)Oc1ccc2c(c1)[C@]1(C)CCN(C)C1N2C,6.958804811209142,1
CCCCCCCCNC(=O)Oc1ccc2c(c1)[C@]1(C)CCN(C)[C@@H]1N2C,7.809894379144197,1
CCCCCCCCNCC(=O)Nc1ccc2nc3n(c(=O)c2c1)CCC3,7.97469413473523,1
CCCCCCCCNc1c2c(nc3ccc(OC)cc13)CCCC2,6.443697499232712,1
CCCCCCCCOC[n+]1ccn(C)c1/C=N/O,5.022276394711152,0
CCCCCCCCc1ccc(O)cc1,4.940398720237246,0
CCCCCCCCc1noc(/C(=N/O)SCCN(CC)CC)n1,6.0,1
CCCCCCCNC(=O)Oc1ccc(-n2cc(COc3ccc4ccc(=O)oc4c3)nn2)cc1,3.8027194418743804,0
CCCCCCCNC(=O)Oc1ccc(Cc2nc3cc(C(=O)N(CC)CC)ccc3n2CCC(C)C)cc1,6.778480042953552,1
CCCCCCCNC(=O)Oc1ccc(Cc2nc3cc(C(=O)N(CC)CC)ccc3n2CCCCN2CCCCC2)cc1,5.683983113427749,0
CCCCCCCNC(=O)Oc1ccc(Cc2nc3cc(C(=O)N(CC)CC)ccc3n2CCN2CCCCC2)cc1,4.9974097437481095,0
CCCCCCCNC(=O)Oc1ccc(Cc2nc3cc(C(=O)N4CCCCC4)ccc3n2CCC(C)C)cc1,7.218271323596465,1
CCCCCCCNC(=O)Oc1ccc(Cn2cc(COc3ccc4ccc(=O)oc4c3)nn2)cc1,6.669586226650809,1
CCCCCCCNC(=O)Oc1ccc2c(c1)C1(C)CCN(CC)C2C1,6.798602875679549,1
CCCCCCCNC(=O)Oc1ccc2c(c1)C1CCN(C)C2C1,6.844663962534938,1
CCCCCCCNC(=O)Oc1ccc2c(c1)C1CCN(CC)C2C1,6.772113295386326,1
CCCCCCCNC(=O)Oc1ccc2c(c1)C1CCN(CCC)C1C2,6.201349354554731,1
CCCCCCCNC(=O)Oc1ccc2c(c1)CN(C)C(c1cc[nH]c1)N2C,6.0695604052333,1
CCCCCCCNC(=O)Oc1ccc2c(c1)CN(C)C(c1ccc(F)cc1)N2C,5.79317412396815,0
CCCCCCCNC(=O)Oc1ccc2c(c1)CN1CCc3ccccc3C1N2C,5.4201300231185225,0
CCCCCCCNC(=O)Oc1ccc2c(c1)[C@@H]1CCN(CC)C1C2,6.41907502432438,1
CCCCCCCNC(=O)Oc1ccc2c(c1)[C@@H]1CCN(CC)[C@@H]1C2,6.41907502432438,1
CCCCCCCNC(=O)Oc1ccc2c(c1)[C@@H]1CCN(CCC)C1C2,6.201349354554731,1
CCCCCCCNC(=O)Oc1ccc2c(c1)[C@]1(C)CCN(C)C1C2,6.943095148663527,1
CCCCCCCNC(=O)Oc1ccc2c(c1)[C@]1(C)CCN(C)[C@@H]1C2,6.943095148663527,1
CCCCCCCNC(=O)Oc1ccc2c(c1)[C@]1(C)CCN(C)[C@@H]1N2C,7.303937539671687,1
CCCCCCCNC(=O)Oc1ccc2c(c1)[C@]1(C)CCN(CC)C1C2,7.118662350124027,1
CCCCCCCNC(=O)Oc1ccc2c(c1)[C@]1(C)CCN(CC)[C@@H]1C2,7.236572006437063,1
CCCCCCCNC(=O)Oc1ccc2c(c1)[C@]1(C)CCN(CCC)C1C2,7.031517051446064,1
CCCCCCCNC(=O)Oc1ccc2c(c1)[C@]1(C)CCN(CCC)[C@@H]1C2,7.031517051446064,1
CCCCCCCNC(=O)Oc1ccc2c(c1)[C@]1(C)CCN(Cc3ccccc3)C1C2,6.2958494831602,1
CCCCCCCNC(=O)Oc1ccc2c(c1)[C@]1(C)CCN(Cc3ccccc3)[C@@H]1C2,6.2958494831602,1
CCCCCCCNC(=O)Oc1cccc(-n2cc(COc3ccc4ccc(=O)oc4c3)nn2)c1,6.153662887870195,1
CCCCCCCNC(=O)Oc1cccc(CN(C)CCCCCOc2ccc3c(c2)Oc2ncccc2C3)c1,8.159893905543242,1
CCCCCCCNC(=O)Oc1cccc(CN(C)CCCCCOc2ccc3c4c(c(=O)oc3c2)CCCC4)c1,7.73754891026957,1
CCCCCCCNC(=O)Oc1cccc(CN(C)CCCCCOc2ccc3ccc(=O)oc3c2)c1,7.94692155651658,1
CCCCCCCNC(=O)Oc1cccc(CN(C)CCCCOc2ccc3c(=O)c4ccccc4oc3c2)c1,7.0,1
CCCCCCCNC(=O)Oc1cccc(CN(C)CCCOc2ccc3c(=O)c4cccnc4oc3c2)c1,7.631403678647631,1
CCCCCCCNC(=O)Oc1cccc(CN(C)CCCOc2ccc3c4c(c(=O)oc3c2)CCCC4)c1,7.665546248849069,1
CCCCCCCNC(=O)Oc1cccc(CN(C)CCCOc2ccc3ccc(=O)oc3c2)c1,7.427128397799519,1
CCCCCCCNC(=O)Oc1cccc(CN(CCCOc2ccc3c(=O)c4ccccc4oc3c2)C(C)C)c1,6.769551078621726,1
CCCCCCCNC(=O)Oc1cccc(Cn2cc(COc3ccc4ccc(=O)oc4c3)nn2)c1,5.981299501333757,0
CCCCCCCNC(=O)Oc1cccc2c1OCC1CCN(C)C21,7.692503962086787,1
CCCCCCCNc1c2c(nc3cc(C)ccc13)CCCC2,6.887376666855478,1
CCCCCCCNc1c2c(nc3cc(Cl)ccc13)CCCC2,7.884065961709445,1
CCCCCCCNc1c2c(nc3cc(F)ccc13)CCCC2,7.34452125038666,1
CCCCCCCNc1c2c(nc3cc(OC)ccc13)CCCC2,6.33482660844016,1
CCCCCCCNc1c2c(nc3cc([N+](=O)[O-])ccc13)CCCC2,6.535068453994447,1
CCCCCCCNc1c2c(nc3ccc(C)cc13)CCCC2,6.4092884554318905,1
CCCCCCCNc1c2c(nc3ccc(OC)cc13)CCCC2,6.568636235841012,1
CCCCCCCSC(=O)OCC[N+](C)(C)C,3.8010299956639813,0
CCCCCCN(C)C(=O)Oc1ccc2c(c1)C(N)CC2,6.275724130399211,1
CCCCCCN(C)Cc1cc(N)ccc1O,2.977365460055881,0
CCCCCCNC(=O)Oc1ccc2c(c1)C1(C)CCN(CC)C2C1,6.876148359032914,1
CCCCCCNC(=O)Oc1ccc2c(c1)C1CCN(C)C2C1,7.142667503568731,1
CCCCCCNC(=O)Oc1ccc2c(c1)C1CCN(CC)C2C1,6.903089986991944,1
CCCCCCNC(=O)Oc1ccc2c(c1)C1CCN(CCC)C1C2,6.262807357295262,1
CCCCCCNC(=O)Oc1ccc2c(c1)N(CC)/C(=C/C(C)=O)S2,4.853871964321762,0
CCCCCCNC(=O)Oc1ccc2c(c1)[C@@H]1CCN(CC)C1C2,6.681936665037238,1
CCCCCCNC(=O)Oc1ccc2c(c1)[C@@H]1CCN(CC)[C@@H]1C2,6.681936665037238,1
CCCCCCNC(=O)Oc1ccc2c(c1)[C@@H]1CCN(CCC)C1C2,6.274238798775015,1
CCCCCCNC(=O)Oc1ccc2c(c1)[C@@]1(C)CCN(CC)[C@H]1C2,6.632644078973981,1
CCCCCCNC(=O)Oc1ccc2c(c1)[C@]1(C)CCN(C)C1C2,7.113509274827518,1
CCCCCCNC(=O)Oc1ccc2c(c1)[C@]1(C)CCN(C)[C@@H]1C2,8.0,1
CCCCCCNC(=O)Oc1ccc2c(c1)[C@]1(C)CCN(CC)C1C2,7.226133856511552,1
CCCCCCNC(=O)Oc1ccc2c(c1)[C@]1(C)CCN(CC)[C@@H]1C2,7.5815758316322315,1
CCCCCCNC(=O)Oc1ccc2c(c1)[C@]1(C)CCN(CCC)[C@@H]1C2,7.207608310501746,1
CCCCCCNC(=O)Oc1cccc(CN(C)CCCCCOc2ccc3c(=O)c4ccccc4oc3c2)c1,7.0,1
CCCCCCNC(=O)Oc1cccc(CN(C)CCCCOc2ccc3c(=O)c4ccccc4oc3c2)c1,7.0,1
CCCCCCNC(=O)Oc1cccc(CN(C)CCCOc2ccc3c(=O)c4cccnc4oc3c2)c1,7.376750709602099,1
CCCCCCNC(=O)Oc1cccc(CN(C)CCCOc2ccc3c(=O)cc(-c4ccccc4)oc3c2)c1,7.167491087293763,1
CCCCCCNC(=O)Oc1cccc(CN(C)CCCOc2ccc3c(=O)ccoc3c2)c1,7.6777807052660805,1
CCCCCCNC(=O)Oc1cccc(CN(C)CCCOc2ccc3ccc(=O)oc3c2)c1,7.886056647693163,1
CCCCCCNC(=O)Oc1cccc(CN(CC)CCCOc2ccc3c(=O)c4ccccc4oc3c2)c1,6.795880017344075,1
CCCCCCNC(=O)Oc1cccc(CN(CCC)CCCOc2ccc3c(=O)c4ccccc4oc3c2)c1,6.3979400086720375,1
CCCCCCNC(=O)Oc1cccc(CN(CCCOc2ccc3c(=O)c4ccccc4oc3c2)C(C)C)c1,6.769551078621726,1
CCCCCCNCC(=O)Nc1ccc2nc3n(c(=O)c2c1)CCC3,7.596879478824182,1
CCCCCCNc1c2c(nc3ccc(OC)cc13)CCCC2,7.0,1
CCCCCCOC(=O)[C@@H](CCC(=O)NCCC1CCN(Cc2ccccc2)CC1)NC(=O)c1ccccc1,6.050609993355087,1
CCCCCCOC(=O)[C@H](CCC(=O)NCCC1CCN(Cc2ccccc2)CC1)NC(=O)Cc1cc2ccc(Cl)cc2s1,7.0,1
CCCCCCOC(=O)[C@H](CCC(=O)NCCC1CCN(Cc2ccccc2)CC1)NC(=O)OC(C)(C)C,6.022276394711152,1
CCCCCCOC(=O)[C@H](CCC(=O)NCCC1CCN(Cc2ccccc2)CC1)NC(=O)OCc1ccccc1,6.6020599913279625,1
CCCCCCOC(=O)[C@H](CCC(=O)NCCC1CCN(Cc2ccccc2)CC1)NC(=O)c1c[nH]c2ccccc12,5.517126416391246,0
CCCCCCOC(=O)[C@H](CCC(=O)NCCC1CCN(Cc2ccccc2)CC1)NC(=O)c1cc(Br)cs1,6.7447274948966935,1
CCCCCCOC(=O)[C@H](CCC(=O)NCCC1CCN(Cc2ccccc2)CC1)NC(=O)c1cc2ccccc2s1,6.568636235841012,1
CCCCCCOC(=O)[C@H](CCC(=O)NCCC1CCN(Cc2ccccc2)CC1)NC(=O)c1cc2cccnc2s1,6.356547323513812,1
CCCCCCOC(=O)[C@H](CCC(=O)NCCC1CCN(Cc2ccccc2)CC1)NC(=O)c1cc2ccsc2s1,6.522878745280337,1
CCCCCCOC(=O)[C@H](CCC(=O)NCCC1CCN(Cc2ccccc2)CC1)NC(=O)c1ccccc1,6.275724130399211,1
CCCCCCOC(=O)[C@H](CCC(=O)NCCC1CCN(Cc2ccccc2)CC1)NC(=O)c1cccs1,6.301029995663981,1
CCCCCCOC[n+]1ccn(C)c1/C=N/O,4.6020599913279625,0
CCCCCCSC(=O)OCC[N+](C)(C)C,4.048455006504028,0
CCCCCCSc1nc(-c2ccc(C)cc2)nn1C(=O)N(C)C,6.698970004336019,1
CCCCCC[N+](C)(C)C,3.088000000722559,0
CCCCCC[N+]1(C)CCN(c2ccc(/C=C3\Cc4cc(OC)c(OC)cc4C3=O)cc2)CC1,5.371611069949688,0
CCCCCCc1ccc(NC(=O)Oc2cccc(CN(C)CCCOc3ccc4ccc(=O)oc4c3)c2)cc1,5.42021640338319,0
CCCCCN(C)Cc1cc(N)ccc1O,3.094150173357681,0
CCCCCN1CC(C)(C)CN=C1/C=N/O,4.050609993355087,0
CCCCCN1CCCN=C1/C=N/O,4.6777807052660805,0
CCCCCN1CCc2cc(C(=O)CCC3CCN(Cc4ccccc4)CC3)ccc21,7.327902142064282,1
CCCCCNc1c2c(nc3ccc(OC)cc13)CCCC2,5.173925197299173,0
CCCCCNc1cc(NCCSCc2ccc(CN(C)C)o2)c([N+](=O)[O-])cc1[N+](=O)[O-],5.920818753952375,0
CCCCCOc1nn(CCCCC)c2ccc([N+](=O)[O-])cc12,5.376750709602099,0
CCCCCSC(=O)OCC[N+](C)(C)C,5.198970004336019,0
CCCCC[N+]1(C)CCN(c2ccc(/C=C3\Cc4cc(OC)c(OC)cc4C3=O)cc2)CC1,6.267606240177031,1
CCCCCn1nc(OCc2ccc(OC)cc2)c2cc([N+](=O)[O-])ccc21,5.013228265733755,0
CCCCCn1nc(OCc2ccc3ccccc3c2)c2cc([N+](=O)[O-])ccc21,5.086186147616283,0
CCCCN(C)Cc1cc(N)ccc1O,3.902395671125589,0
CCCCN(CC(=O)NCc1ccccc1)C(=O)CCCCCn1cc[n+](C)c1/C=N\O,4.301029995663981,0
CCCCN(CCC1CCCCCC1)Cc1cc2ccccc2cc1O,4.729950356732839,0
CCCCN(CCC1CCCCCC1)Cc1ccc(OC(=O)N(C)C)c2ccccc12,6.994819487496219,1
CCCCN(CCC1CCCCCC1)Cc1cn(OC(=O)N(C)C)c2ccccc12,6.818442226137213,1
CCCCN(CCCC)CCCCCCOc1ccc(C(=O)/C=C/c2ccccc2)cc1,3.788906168941037,0
CCCCN(CCCC)CCCCCCOc1ccc(CC2NCCc3cc(OC)c(OC)cc32)cc1,5.414539270491499,0
CCCCN(CCCC)CCCCCOc1ccc(C(=O)/C=C/c2ccccc2)cc1,4.114243118930733,0
CCCCN(CCCC)CCCCOc1ccc(C(=O)/C=C/c2ccccc2)cc1,4.658763376761308,0
CCCCN(CCCC)CCCOc1ccc(C(=O)/C=C/c2ccccc2)cc1,3.8186424079715495,0
CCCCN(CCCC)CCOc1ccc(C(=O)/C=C/c2ccccc2)cc1,3.596948147411866,0
CCCCN(CCCc1c[nH]c2ccccc12)CCC1CCN(Cc2ccccc2)CC1,5.105850153232078,0
CCCCN(CCOc1cccc2c(OC(=O)N(C)C)cccc12)CCC1CCCCCC1,7.319664486585436,1
CCCCN(CCc1c[nH]c2c(OC(=O)C(C)C)cccc12)CCC1CCCCCC1,5.863913902615902,0
CCCCN(CCc1c[nH]c2cc(O)ccc12)CCC1CCCCCC1,4.150955457470634,0
CCCCN1CC(C)(C)CN=C1/C=N/O,4.031517051446065,0
CCCCN1CCC(CCC(=O)c2cc(Br)ccc2OC)CC1,6.351639989019068,1
CCCCN1CCC(CCC(=O)c2cc(Cl)c(N)cc2OC)CC1,6.39469495385889,1
CCCCN1CCC(CCC(=O)c2cc(I)c(N)cc2OC)CC1,6.181774106386044,1
CCCCN1CCC(CCC(=O)c2ccc(N)cc2OC)CC1,6.126098402135538,1
CCCCN1CCC(CCC(=O)c2ccc3[nH]ccc3c2)CC1,6.145086977692145,1
CCCCN1CCCN=C1/C=N/O,3.804100347590766,0
CCCCN1CCc2cc(C(=O)CCC3CCN(Cc4ccccc4)CC3)ccc21,7.537602002101044,1
CCCCNC(=O)Oc1ccc2c(c1)C1CCN(CC)C1C2,5.96818772866963,0
CCCCNC(=O)Oc1ccc2c(c1)C1CCN(CC)C2C1,6.686132779630847,1
CCCCNC(=O)Oc1ccc2c(c1)[C@@H]1CCN(CC)C1C2,5.96818772866963,0
CCCCNC(=O)Oc1ccc2c(c1)[C@]1(C)CCN(C)C1N2C,6.818084993787538,1
CCCCNC(=O)Oc1ccc2c(c1)[C@]1(C)CCN(CC)C1C2,7.045757490560675,1
CCCCNC(=O)Oc1ccc2c(c1)[C@]1(C)CCN(CC)[C@@H]1C2,7.045757490560675,1
CCCCNC(=O)Oc1ccc2c(c1Br)c1c(n2C)/C(=N\C)CC1,5.498940737782249,0
CCCCNC(=O)Oc1cccc(CN(C)CCCOc2ccc3c(=O)c4ccccc4oc3c2)c1,7.443697499232712,1
CCCCNC(=O)Oc1cccc(CN(C)CCCOc2ccc3c(=O)c4cccnc4oc3c2)c1,8.050609993355087,1
CCCCNC(=O)Oc1cccc(CN(C)CCCOc2ccc3c(=O)cc(-c4ccccc4)oc3c2)c1,7.508638306165727,1
CCCCNC(=O)Oc1cccc(CN(C)CCCOc2ccc3c(=O)ccoc3c2)c1,6.6020599913279625,1
CCCCNC(=O)Oc1cccc(CN(C)CCCOc2ccc3ccc(=O)oc3c2)c1,7.853871964321762,1
CCCCNC(=O)Oc1cccc(CN(CC)CCCOc2ccc3c(=O)c4ccccc4oc3c2)c1,8.065501548756432,1
CCCCNC(=O)Oc1cccc(CN(CCC)CCCOc2ccc3c(=O)c4ccccc4oc3c2)c1,7.154901959985743,1
CCCCNC(=O)Oc1cccc(CN(CCCOc2ccc3c(=O)c4ccccc4oc3c2)C(C)C)c1,7.0,1
CCCCNC1c2ccccc2-c2ccccc21,4.301812430133878,0
CCCCNCC(=O)Nc1ccc2nc3n(c(=O)c2c1)CCC3,7.673664139071248,1
CCCCN[C@@H](Cc1c[nH]c2ccccc12)C(=O)NCCC1CCCN(Cc2ccccc2)CC1,4.795880017344075,0
CCCCN[C@@H](Cc1c[nH]c2ccccc12)C(=O)NCCC1CCN(CC2CCN(C)CC2)CC1,4.527243550682788,0
CCCCN[C@@H](Cc1c[nH]c2ccccc12)C(=O)NCCC1CCN(Cc2ccccc2)CC1,4.5951662833800615,0
CCCCNc1c2c(nc3ccc(OC)cc13)CCCC2,4.6777807052660805,0
CCCCOC(=O)C(C)CC(=O)C[C@@H](C)[C@H]1CC(=O)[C@@]2(C)C3=C(C(=O)[C@@H](OC(C)=O)[C@]12C)[C@@]1(C)CC[C@H](O)C(C)(C)[C@@H]1CC3=O,5.026872146400301,0
CCCCOC(=O)CC[C@@H](C)[C@H]1CC[C@@]2(C)C3=C(C(=O)C[C@]12C)[C@@]1(C)CCC(=O)C(C)(C)[C@@H]1C[C@@H]3O,4.911509529817604,0
CCCCOC(=O)CC[C@@H](C)[C@H]1CC[C@@]2(C)C3=C(C(=O)C[C@]12C)[C@@]1(C)CC[C@H](O)C(C)(C)[C@@H]1C[C@@H]3O,4.936291440608582,0
CCCCOC[n+]1ccn(C)c1/C=N/O,4.560667306169737,0
CCCCOc1ccc(C(=O)CCN2CCCCC2)cc1,6.7423214251308154,1
CCCCSC(=O)OCC[N+](C)(C)C,3.1505149978319906,0
CCCC[C@@H](O)/C=C/C=C/C(=O)O,6.657577319177793,1
CCCC[N+](C)(CCCc1c[nH]c2ccccc12)CCC1CCCCCC1,4.63445585997053,0
CCCC[N+]1(C)CCN(c2ccc(/C=C3\Cc4cc(OC)c(OC)cc4C3=O)cc2)CC1,6.267606240177031,1
CCCN(C)C(=O)Oc1ccc2c(c1)C(N)CC2,5.136677139879544,0
CCCN(C)C(=O)Oc1cccc(CCN)c1,5.107905397309519,0
CCCN(C)Cc1cc(N)ccc1O,2.938924676370208,0
CCCN(C)c1ccc(/C=C2\Cc3cc(OC)c(OCCN4CCCCC4)cc3C2=O)cc1,6.408712734941501,1
CCCN(CCC)CCCCCCOc1ccc(C(=O)/C=C/c2ccccc2)cc1,4.356054087251933,0
CCCN(CCC)CCCCCCOc1ccc(CC2NCCc3cc(OC)c(OC)cc32)cc1,5.460923901207224,0
CCCN(CCC)CCCCCOc1ccc(C(=O)/C=C/c2ccccc2)cc1,4.530472520812986,0
CCCN(CCC)CCCCOc1ccc(C(=O)/C=C/c2ccccc2)cc1,5.228412519118745,0
CCCN(CCC)CCCOc1ccc(C(=O)/C=C/c2ccccc2)cc1,4.608535588160897,0
CCCN(CCC)CCOc1ccc(C(=O)/C=C/c2ccccc2)cc1,4.190103753397561,0
CCCN(CCC)Cc1cc(N)ccc1O,3.8823973083099155,0
CCCN(CCC)c1ccc(/C=C2\Cc3cc(OC)c(OCCN4CCCCC4)cc3C2=O)cc1,6.020360587777093,1
CCCN(CCCOc1ccc2c(=O)c3ccccc3oc2c1)Cc1cccc(OC(=O)NC)c1,8.397940008672037,1
CCCN1CCCC(c2cccc(OC(=O)NC(C)C)c2)C1,5.0,0
CCCN1CCCCc2ccc(C(=O)CCC3CCN(Cc4ccccc4)CC3)cc21,5.876148359032914,0
CCCN1CCN(c2nccc(NC(c3ccccc3)c3ccccc3)n2)CC1,4.835647144215563,0
CCCN1CCN(c2nccc(NCc3cccc4ccccc34)n2)CC1,4.721246399047171,0
CCCN1CCN(c2nccc(NCc3ccccc3)n2)CC1,4.815308569182402,0
CCCN1CCc2cc(C(=O)CCC3CCN(Cc4ccccc4)CC3)ccc21,7.657577319177793,1
CCCN1Cc2cc(O)ccc2N(C)C1c1ccccc1,3.5539290642989947,0
CCCNC(=O)COc1cc(C(C)C)ccc1C,5.714442690992226,0
CCCNC(=O)Oc1ccc2c(c1)C(N)CC2,5.8297382846050425,0
CCCNC(=O)Oc1ccc2c(c1)C1CCN(CC)C1C2,5.659159450187668,0
CCCNC(=O)Oc1ccc2c(c1)[C@@H]1CCN(CC)C1C2,5.659159450187668,0
CCCNC(=O)Oc1ccc2c(c1)[C@]1(C)CCN(CC)C1C2,6.8124792791635365,1
CCCNC(=O)Oc1ccc2c(c1)[C@]1(C)CCN(CC)[C@@H]1C2,6.8124792791635365,1
CCCNC(=O)Oc1cccc(CN(C)CCCOc2ccc3c(=O)c4ccccc4oc3c2)c1,7.552841968657781,1
CCCNC(=O)Oc1cccc(CN(C)CCCOc2ccc3c(=O)ccoc3c2)c1,6.6020599913279625,1
CCCNC(=O)c1sc(-c2ccnc(NC(=O)CNCCNc3c4c(nc5ccccc35)CCCC4)c2)nc1OCC1CC1,8.309803919971486,1
CCCNC1CCc2ccc(OC(=O)N(C)CC)cc21,5.443697499232712,0
CCCNCC(=O)Nc1ccc2nc3n(c(=O)c2c1)CCC3,6.508638306165727,1
CCCNc1c2c(nc3ccc(OC)cc13)CCCC2,5.036212172654444,0
CCCNc1cc(NCCSCc2ccc(CN(C)C)o2)c([N+](=O)[O-])cc1[N+](=O)[O-],6.585026652029182,1
CCCNc1nc(NCCc2ccc(OC)c(OC)c2)c2ccccc2n1,5.154901959985743,0
CCCNc1nc(NCCc2ccccc2)c2ccccc2n1,5.142667503568731,0
CCCNc1nc(NCc2ccc(OC)c(OC)c2)c2ccccc2n1,5.251811972993799,0
CCCNc1nc(NCc2ccccc2)c2ccccc2n1,5.107905397309519,0
CCCOCCn1c(=O)nc(NC2CCC(O)CC2)c2nnc(-c3ccc(OC)nc3)cc21,5.251811972993799,0
CCCOc1ccccc1CN(CC)CCCCCC(=O)N(C)CCCCCCCCN(C)C(=O)CCCCCN(CC)Cc1ccccc1OCCC,7.470056598341331,1
CCCOc1ccccc1C[N+](C)(CC)CCCCCC(=O)N(C)CCCCCCCCN(C)C(=O)CCCCC[N+](C)(CC)Cc1ccccc1OCCC,7.7599502278873524,1
CCCSc1nc(-c2ccc(Cl)cc2)nn1C(=O)N(C)C,6.522878745280337,1
CCCSc1nc2nc3c(c(N)c2s1)C1CC(C)=CC(C3)C1,5.114073660198569,0
CCCSc1nc2nc3c(c(N)c2s1)C1CC(CC)=CC(C3)C1,5.138465589140962,0
CCC[N+]1(C)CCN(c2ccc(/C=C3\Cc4cc(OC)c(OC)cc4C3=O)cc2)CC1,5.667561540084394,0
CCC[n+]1ccc(CCC(=O)C2Cc3cc(OC)c(OC)cc3S2)cc1,5.590066876668706,0
CCC[n+]1ccc(CCC(=O)c2cc3cc(OC)c(OC)cc3s2)cc1,5.590066876668706,0
CCCc1cc(=NCCC2CCN(Cc3ccccc3)CC2)[nH]nc1-c1ccccc1,7.214670164989233,1
CCCc1cc(N2CCC=N2)ccc1C(=O)O/N=C(\N)c1ccc(C(F)(F)F)cc1,4.886056647693163,0
CCCn1c2c(c3c(Br)c(OC(=O)NC)ccc31)CC/C2=N/CC,6.638272163982407,1
CCCn1cnc2c1c(=O)n(CCCCC(C)=O)c(=O)n2C,5.1938200260161125,0
CCN(C)C(=O)OCC1CCCN(Cc2ccccc2)C1,4.015022873584507,0
CCN(C)C(=O)OCC1CCN(Cc2ccccc2)CC1,4.142667503568732,0
CCN(C)C(=O)Oc1cc(C(C)N(C)C)cc2oc(=O)c3ccccc3c12,4.399574750954461,0
CCN(C)C(=O)Oc1ccc(-c2cc(=O)c3c(O)c(O)c(OC(=O)N[C@@H](Cc4ccccc4)C(=O)OC(C)(C)C)cc3o2)cc1,5.213481187882255,0
CCN(C)C(=O)Oc1ccc(-c2cc(=O)c3c(O)cc(OC(=O)N(C)CC)cc3o2)cc1,5.134931998001661,0
CCN(C)C(=O)Oc1ccc(-c2cc(=O)c3c(OC(=O)N(C)CC)cc(OC(=O)N(C)CC)cc3o2)cc1,4.973153530607523,0
CCN(C)C(=O)Oc1ccc(/C=C/C(=O)N(CC)Cc2ccccc2)cc1OC,4.684029654543083,0
CCN(C)C(=O)Oc1ccc(/C=C/C(=O)N2CCC(Cc3ccccc3)CC2)cc1,4.567030709125595,0
CCN(C)C(=O)Oc1ccc(/C=C/C(=O)N2CCC(Cc3ccccc3)CC2)cc1OC,4.761953896871205,0
CCN(C)C(=O)Oc1ccc(/C=C/C(=O)N2CCCCC2)cc1OC,4.97061622231479,0
CCN(C)C(=O)Oc1ccc(/C=C/C(=O)N2CCN(Cc3ccccc3)CC2)cc1,4.8297382846050425,0
CCN(C)C(=O)Oc1ccc(/C=C/C(=O)N2CCc3ccccc3C2)cc1,5.167491087293763,0
CCN(C)C(=O)Oc1ccc(/C=C/C(=O)N2CCc3ccccc3C2)cc1OC,4.97469413473523,0
CCN(C)C(=O)Oc1ccc(C(CCOc2ccc([N+](=O)[O-])cc2)NC)cc1,6.995678626217357,1
CCN(C)C(=O)Oc1ccc(C2CC(=O)c3c(O)cc(OC(=O)N(C)CC)cc3O2)cc1,5.013228265733755,0
CCN(C)C(=O)Oc1ccc(C2CC(=O)c3c(OC(=O)N(C)CC)cc(OC(=O)N(C)CC)cc3O2)cc1,4.97469413473523,0
CCN(C)C(=O)Oc1ccc2c(c1)C(N)CC2,4.721246399047171,0
CCN(C)C(=O)Oc1ccc2c(c1)C(N)CCC2,5.206209615309181,0
CCN(C)C(=O)Oc1ccc2c(c1)C(NC)CC2,4.413412695328245,0
CCN(C)C(=O)Oc1ccc2c(c1)C=CC(C)N(C)C2CCOc1ccc([N+](=O)[O-])cc1,7.853871964321762,1
CCN(C)C(=O)Oc1ccc2c(c1)CC(N)CC2,4.099086932262331,0
CCN(C)C(=O)Oc1ccc2c(c1)[C@H](N)CC2,5.211831628858832,0
CCN(C)C(=O)Oc1cccc(C(C)N(C)C)c1,4.453457336521869,0
CCN(C)C(=O)Oc1cccc(CCN)c1,4.449771646944906,0
CCN(C)C(=O)Oc1cccc(CCNC)c1,4.684029654543083,0
CCN(C)C(=O)Oc1cccc(CN2CCC(CCC(=O)c3cc(Cl)c(N)cc3OC)CC2)c1,5.3819519032879075,0
CCN(C)C(=O)Oc1cccc(CNCCc2c[nH]c3cc(F)ccc23)c1,4.769057610992362,0
CCN(C)C(=O)Oc1cccc([C@H](C)N(C)C)c1,5.598110284015266,0
CCN(C)C(=O)Oc1cccc2c(CN(C)CCC3CCCCCC3)c[nH]c12,5.1664704182413566,0
CCN(C)C(=O)Oc1cccc2c1C(N)CC2,4.978810700930062,0
CCN(C)C(=O)Oc1cccc2c1CCC2N,7.585026652029182,1
CCN(C)Cc1cc(N)ccc1O,3.015427684378368,0
CCN(C)Cc1ccc(CNCCN2CCNC2=C(C#N)C#N)o1,6.366531544420413,1
CCN(C)c1ccc(/C=C2\Cc3cc(OC)c(OCCN4CCCCC4)cc3C2=O)cc1,6.370590400897282,1
CCN(CC)C(=O)/C=C/c1ccc(OC(=O)N(C)C)c(OC)c1,4.882728704344236,0
CCN(CC)C(=O)COc1cc(C(C)C)ccc1C,5.714442690992226,0
CCN(CC)C(=O)Oc1ccc(-c2cc(=O)c3c(O)c(O)c(O)cc3o2)cc1,5.920818753952375,0
CCN(CC)C(=O)Oc1ccc(/C=C/C(=O)N2CCC(Cc3ccccc3)CC2)cc1OC,4.705533773838407,0
CCN(CC)C(=O)Oc1ccc(/C=C/C(=O)N2CCN(Cc3ccccc3)CC2)cc1OC,4.774690718274137,0
CCN(CC)C(=O)Oc1ccc(/C=C/C(=O)N2CCc3ccccc3C2)cc1OC,4.804100347590766,0
CCN(CC)C(=O)Oc1ccc2c(c1)[C@]1(C)CCN(C)C1N2C,4.397970031353465,0
CCN(CC)C(=O)Oc1cccc2c(CN(C)CCC3CCCCCC3)c[nH]c12,5.252588192113577,0
CCN(CC)C(=O)c1ccc2c(c1)nc(Cc1ccc(OC(=O)N(C)C)cc1)n2CCC(C)C,5.081241118158425,0
CCN(CC)C(=O)c1ccc2c(c1)nc(Cc1ccc(OC(=O)N(C)Cc3ccccc3)cc1)n2CCC(C)C,5.022637604510469,0
CCN(CC)C(=O)c1ccc2c(c1)nc(Cc1ccc(OC(=O)N(C)c3ccccc3)cc1)n2CCC(C)C,5.480461789932145,0
CCN(CC)C(=O)c1ccc2c(c1)nc(Cc1ccc(OC(=O)N3CCC3)cc1)n2CCC(C)C,6.16562340757773,1
CCN(CC)C(=O)c1ccc2c(c1)nc(Cc1ccc(OC(=O)NCCCCCCN3CCc4ccccc4C3)cc1)n2CCC(C)C,5.010635911430754,0
CCN(CC)C(=O)c1ccc2c(c1)nc(Cc1ccc(OC(=O)NCc3ccccc3)cc1)n2CCC(C)C,5.373393836140618,0
CCN(CC)C(=O)c1ccc2c(c1)nc(Cc1ccccc1)n2CCC(C)C,5.42021640338319,0
CCN(CC)C(=S)SCCOc1ccc2c(C)cc(=O)oc2c1,5.7121982700697735,0
CCN(CC)C(C)C(=O)N1c2ccccc2Sc2ccccc21,5.4723700991286615,0
CCN(CC)C(C)CN1c2ccccc2Sc2ccccc21,4.846879616420308,0
CCN(CC)CC(=O)Nc1ccc(C(=O)c2ccc(CN(C)Cc3ccccc3)cc2)cc1,6.6777807052660805,1
CCN(CC)CC(O)COc1cc(C(C)C)ccc1C,6.866461091629782,1
CCN(CC)CC/N=C(\NO)c1nc(-c2ccccc2)no1,3.585026652029182,0
CCN(CC)CCCC(C)Nc1c2ccc(Cl)cc2nc2ccc(OC)cc12,5.573976984310123,0
CCN(CC)CCCCCCCCCCOc1ccc(/C=C/C(=O)Nc2ccccc2)cc1OC,4.82623117686335,0
CCN(CC)CCCCCCCCOc1ccc(/C=C/C(=O)Nc2ccccc2)cc1OC,5.866461091629782,0
CCN(CC)CCCCCCCCOc1ccc(/C=C/C(=O)O)cc1OC,5.497572880015568,0
CCN(CC)CCCCCCCOc1ccc(C(=O)c2ccc(CN(C)Cc3ccccc3)cc2)cc1,6.09151498112135,1
CCN(CC)CCCCCCCOc1ccc2c(c1)C(=O)/C(=C/c1ccc(CN(C)Cc3ccccc3)cc1)C2,6.292429823902063,1
CCN(CC)CCCCCCOc1ccc(/C=C/C(=O)Nc2ccccc2)cc1OC,5.73754891026957,0
CCN(CC)CCCCCCOc1ccc(/C=C/C(=O)O)cc1OC,5.573488738635424,0
CCN(CC)CCCCCCOc1ccc(/C=C2\COc3ccccc3C2=O)cc1,5.732828271596986,0
CCN(CC)CCCCCCOc1ccc(C(=O)/C=C/c2ccccc2)cc1,4.297224922098956,0
CCN(CC)CCCCCCOc1ccc(C(=O)c2ccc(CN(C)Cc3ccccc3)cc2)cc1,6.590066876668706,1
CCN(CC)CCCCCCOc1ccc(CC2NCCc3cc(OC)c(OC)cc32)cc1,5.30189945437661,0
CCN(CC)CCCCCCOc1ccc2c(c1)C(=O)/C(=C/c1ccc(CN(C)Cc3ccccc3)cc1)C2,6.42021640338319,1
CCN(CC)CCCCCOc1ccc(/C=C/C(=O)Nc2ccccc2)cc1OC,4.721703791908726,0
CCN(CC)CCCCCOc1ccc(C(=O)/C=C/c2ccccc2)cc1,4.466736483221285,0
CCN(CC)CCCCCOc1ccc(C(=O)c2ccc(CN(C)Cc3ccccc3)cc2)cc1,6.84163750790475,1
CCN(CC)CCCCCOc1ccc2c(c1)C(=O)/C(=C/c1ccc(CN(C)Cc3ccccc3)cc1)C2,6.721246399047171,1
CCN(CC)CCCCCOc1ccc2c(c1)CC/C(=C\c1ccc(CN(C)Cc3ccccc3)cc1)C2=O,7.251811972993799,1
CCN(CC)CCCCN1N=C2c3sccc3CCC2CC1=O,5.53313237964589,0
CCN(CC)CCCCOc1cc(O)c2c(=O)c(-c3ccc(O)cc3)coc2c1,7.0,1
CCN(CC)CCCCOc1ccc(/C=C/C(=O)Nc2ccccc2)cc1OC,4.380593589113222,0
CCN(CC)CCCCOc1ccc(/C=C/C(=O)c2c(O)cc(OCCCCN(CC)CC)cc2O)cc1,5.327902142064282,0
CCN(CC)CCCCOc1ccc(/C=C2\COc3ccccc3C2=O)cc1,4.85078088734462,0
CCN(CC)CCCCOc1ccc(C(=O)/C=C/c2ccccc2)cc1,4.6343248595440825,0
CCN(CC)CCCCOc1ccc2c(c1)C(=O)/C(=C/c1ccc(CN(C)Cc3ccccc3)cc1)C2,6.050609993355087,1
CCN(CC)CCCCOc1ccc2c(c1)C/C(=C\c1ccc(CN(C)Cc3ccccc3)cc1)C2=O,5.403402904373539,0
CCN(CC)CCCN1CC(=O)N(C2CC2)CC1=O,4.698970004336019,0
CCN(CC)CCCOc1ccc(/C=C/C(=O)Nc2ccccc2)cc1OC,4.624885315307775,0
CCN(CC)CCCOc1ccc(C(=O)/C=C/c2ccccc2)cc1,4.64762450499948,0
CCN(CC)CCCOc1ccc(C(=O)c2ccc(CN(C)Cc3ccccc3)cc2)cc1,7.6020599913279625,1
CCN(CC)CCCOc1ccc2c(c1)C(=O)/C(=C/c1ccc(CN(C)Cc3ccccc3)cc1)C2,5.8794260687941495,0
CCN(CC)CCCOc1ccc2c(c1)C/C(=C\c1ccc(CN(C)Cc3ccccc3)cc1)C2=O,5.79317412396815,0
CCN(CC)CCCOc1ccc2nc3n(c(=O)c2c1)CCC3,5.912910181655601,0
CCN(CC)CCCOc1ccc2nc3n(c(=O)c2c1)CCCC3,5.819454010474249,0
CCN(CC)CCCOc1ccc2nc3n(c(=O)c2c1)CCCCC3,4.917607285196391,0
CCN(CC)CCCOc1ccc2nc3n(c(=O)c2c1)CCCc1ccccc1-3,5.377875545348084,0
CCN(CC)CCCOc1ccc2nc3n(c(=O)c2c1)CCc1ccccc1-3,6.174288435292116,1
CCN(CC)CCCOc1ccc2nc3n(c(=O)c2c1)Cc1ccccc1-3,6.697984225340088,1
CCN(CC)CCN1CC(=O)N(CCc2ccccc2)CC1=O,4.698970004336019,0
CCN(CC)CCNC(=O)c1c(C)[nH]c(/C=C2\C(=O)Nc3ccc(F)cc32)c1C,5.231361898752386,0
CCN(CC)CCNC(=O)c1ccc(N)cc1,6.0,1
CCN(CC)CCOC(=O)/C=C/c1ccc2oc(C(=O)Nc3ccc(C)c(C)c3)cc(=O)c2c1,5.607303046740334,0
CCN(CC)CCOC(=O)/C=C/c1ccc2oc(C(=O)Nc3ccc(C)cc3)cc(=O)c2c1,5.005682847330363,0
CCN(CC)CCOC(=O)/C=C/c1ccc2oc(C(=O)Nc3ccc(Cl)cc3)cc(=O)c2c1,6.065501548756432,1
CCN(CC)CCOC(=O)/C=C/c1ccc2oc(C(=O)Nc3ccc(OC)cc3)cc(=O)c2c1,5.943095148663527,0
CCN(CC)CCOC(=O)/C=C/c1ccc2oc(C(=O)Nc3cccc(Cl)c3)cc(=O)c2c1,5.351639989019068,0
CCN(CC)CCOC(=O)/C=C/c1ccc2oc(C(=O)Nc3ccccc3)cc(=O)c2c1,5.459670525209127,0
CCN(CC)CCOC(=O)/C=C/c1ccc2occ(C(=O)Nc3ccc(C)cc3)c(=O)c2c1,5.046240308266771,0
CCN(CC)CCOC(=O)/C=C/c1ccc2occ(C(=O)Nc3ccc(Cl)cc3)c(=O)c2c1,5.114638779968487,0
CCN(CC)CCOC(=O)/C=C/c1ccc2occ(C(=O)Nc3ccc(OC)cc3)c(=O)c2c1,5.265200170411153,0
CCN(CC)CCOC(=O)/C=C/c1ccc2occ(C(=O)Nc3cccc(Cl)c3)c(=O)c2c1,5.068542129310995,0
CCN(CC)CCOc1ccc(-c2nc3cc(C)ccc3[nH]2)cc1,4.292600168866751,0
CCN(CC)CCOc1ccc(-c2nc3cc(Cl)ccc3[nH]2)cc1,5.057991946977687,0
CCN(CC)CCOc1ccc(/C=C/C(=O)Nc2ccccc2)cc1OC,4.3865810549654265,0
CCN(CC)CCOc1ccc(/C=C2\COc3ccccc3C2=O)cc1,5.482804102050025,0
CCN(CC)CCOc1ccc(C(=O)/C=C/c2ccccc2)cc1,5.117475462045119,0
CCN(CC)CCOc1ccc(C(=O)c2c(-c3ccc(OCCCCCCCN(C)Cc4ccccc4)cc3)oc3ccccc23)cc1,4.107905397309519,0
CCN(CC)CCOc1ccc2c(=O)cc(-c3ccc(OC)cc3)oc2c1,7.567030709125595,1
CCN(CC)CCOc1ccc2c(c1)C(=O)/C(=C/c1ccc(CN(C)Cc3ccccc3)cc1)C2,5.815308569182401,0
CCN(CC)CCOc1ccc2c(c1)C/C(=C\c1ccc(CN(C)Cc3ccccc3)cc1)C2=O,5.537602002101044,0
CCN(CC)CCOc1cccc(/C=C2\COc3ccccc3C2=O)c1,4.518557371497695,0
CCN(CC)CCOc1cccc(C(=O)c2c(-c3ccc(OCCCCCCCN(C)Cc4ccccc4)cc3)oc3ccccc23)c1,4.430626090384954,0
CCN(CC)CCS/C(=N\O)C(=O)c1ccc(Br)cc1,3.6777807052660805,0
CCN(CC)CCS/C(=N\O)C(=O)c1ccc(C#N)cc1,3.7447274948966935,0
CCN(CC)CCS/C(=N\O)C(=O)c1ccc(Cl)cc1,3.2839966563652006,0
CCN(CC)CCS/C(=N\O)C(=O)c1ccc(OC)cc1,3.585026652029182,0
CCN(CC)CCS/C(=N\O)c1nc(-c2ccccc2)no1,5.221848749616356,0
CCN(CC)CCS/C(=N\O)c1nc(C(C)(C)C)no1,3.4089353929735005,0
CCN(CC)CCS/C(=N\O)c1nc(C)no1,4.045757490560675,0
CCN(CC)CCS/C(=N\O)c1nc(Cc2ccccc2)no1,4.522878745280337,0
CCN(CC)CCc1ccc(Oc2ccc(C(=O)c3ccc(CN(C)Cc4ccccc4)cc3)cc2)cc1,6.886056647693163,1
CCN(CC)Cc1cc(N)ccc1O,4.532816433469797,0
CCN(CC)Cc1cc2cc(c1O)Oc1ccc(cc1)C[C@H]1c3cc(c(OC)cc3CCN1C)Oc1c(OC)c(OC)cc3c1[C@@H](C2)N(C)CC3,4.167491087293763,0
CCN(CC)Cc1ccc(/C=C2/Cc3cc(OC)ccc3C2=O)cc1,5.939302159646388,0
CCN(CC)Cc1ccc(/C=C2\Cc3cc(OC)c(OC)cc3C2=O)cc1,7.200659450546418,1
CCN(CC)Cc1ccc(/C=C2\Cc3cc(OC)ccc3C2=O)cc1,6.94692155651658,1
CCN(CC)Cc1ccc(/C=C2\Cc3ccc(OC)cc3C2=O)cc1,6.015922966097169,1
CCN(CC)Cc1ccc(/C=C2\Cc3ccccc3C2=O)cc1,6.213248577854438,1
CCN(CC)Cc1ccc(/C=C2\Oc3cc(OC)c(OC)cc3C2=O)cc1O,6.154901959985743,1
CCN(CC)Cc1ccc(C(=O)c2c(-c3ccc(OCCCCCCCN(C)Cc4ccccc4)cc3)oc3ccccc23)cc1,4.0,0
CCN(CC)Cc1ccc(C(=O)c2ccc(OC)c(OC)c2)cc1,4.434152181326482,0
CCN(CC)Cc1ccc(C=C2Cc3cc(OC)c(OC)cc3C2=O)cc1,6.596879478824182,1
CCN(CC)Cc1ccc(C=C2Cc3cc(OC)ccc3C2=O)cc1,6.296708621881338,1
CCN(CC)Cc1ccc(C=C2Cc3ccc(OC)cc3C2=O)cc1,5.958607314841775,0
CCN(CC)Cc1ccc(C=C2Cc3ccccc3C2=O)cc1,5.882728704344236,0
CCN(CC)Cc1ccc(CNCCN2CCNC2=C(C#N)C#N)o1,6.221848749616356,1
CCN(CC)Cc1ccc(NC(=O)c2ccccc2)c(C(=O)C(=O)N(CC)CC)c1,7.349984047528162,1
CCN(CC)Cc1cccc(C(=O)c2c(-c3ccc(OCCCCCCCN(C)Cc4ccccc4)cc3)oc3ccccc23)c1,4.275724130399211,0
CCN(CC)c1cc(/C=C2/OC(=O)c3cc(OC)c(OC)cc32)ccc1O,8.892790030352131,1
CCN(CC)c1cc(/C=C2\OC(=O)c3cc(OC)c(OC)cc32)ccc1O,8.809668301829708,1
CCN(CC)c1ccc(-c2c3ccccc3[n+](C)c3ccccc23)cc1,4.598599459218456,0
CCN(CC)c1ccc(/C=C/c2cc(N3CCCCC3)c3ccccc3n2)cc1,4.193141970481182,0
CCN(CC)c1ccc(/C=C/c2ccc3ccccc3[n+]2C)c(Cl)c1,6.221848749616356,1
CCN(CC)c1ccc(/C=C/c2ccc3ccccc3[n+]2C)c(O)c1,5.823908740944319,0
CCN(CC)c1ccc(/C=C/c2ccc3ccccc3[n+]2C)c(OC)c1,6.154901959985743,1
CCN(CC)c1ccc(/C=C/c2ccc3ccccc3[n+]2C)c(OC)n1,6.0,1
CCN(CC)c1ccc(/C=C/c2ccc3ccccc3[n+]2C)cc1,6.3979400086720375,1
CCN(CC)c1ccc(/C=C2\Cc3cc(OC)c(OCCN4CCCCC4)cc3C2=O)cc1,6.270511230820439,1
CCN(CCC(=O)N1CCN(CCNc2c3c(nc4ccccc24)CCCC3)CC1)C1CCCCC1,8.303643611266669,1
CCN(CCC(=O)NCCCCNc1c2c(nc3ccccc13)CCCC2)C1CCCCC1,7.025949097207123,1
CCN(CCC(=O)NCCCNc1c2c(nc3ccccc13)CCCC2)C1CCCCC1,7.580044251510242,1
CCN(CCC(=O)NCCNc1c2c(nc3ccccc13)CCCC2)C1CCCCC1,6.632644078973981,1
CCN(CCC1CCN(Cc2ccccc2)CC1)c1ccccc1,4.920818753952375,0
CCN(CCCCCC(=O)N(C)CCCCCCCCN(C)C(=O)CCCCCN(CC)Cc1ccccc1)Cc1ccccc1,7.309981219211305,1
CCN(CCCCCC(=O)N(C)CCCCCCCCN(C)C(=O)CCCCCN(CC)Cc1ccccc1C(F)(F)F)Cc1ccccc1C(F)(F)F,5.3400001801593495,0
CCN(CCCCCC(=O)N(C)CCCCCCCCN(C)C(=O)CCCCCN(CC)Cc1ccccc1C)Cc1ccccc1C,7.250031916490597,1
CCN(CCCCCC(=O)N(C)CCCCCCCCN(C)C(=O)CCCCCN(CC)Cc1ccccc1Cl)Cc1ccccc1Cl,6.950007143079858,1
CCN(CCCCCC(=O)N(C)CCCCCCCCN(C)C(=O)CCCCCN(CC)Cc1ccccc1OC)Cc1ccccc1OC,7.755522412007399,1
CCN(CCCCCC(=O)N(C)CCCCCCCCN(C)C(=O)CCCCCN(CC)Cc1ccccc1[N+](=O)[O-])Cc1ccccc1[N+](=O)[O-],6.697501248550859,1
CCN(CCCCCC(=O)N(CCCCCCCCN(C(=O)CCCCCN(CC)Cc1ccccc1OC)C(C)C)C(C)C)Cc1ccccc1OC,7.739928612014925,1
CCN(CCCCCC(=O)N1CCC(C2CCN(C(=O)CCCCCN(CC)Cc3ccccc3OC)CC2)CC1)Cc1ccccc1OC,8.480129598555337,1
CCN(CCCCCC(=O)N1CCC(CC2CCN(C(=O)CCCCCN(CC)Cc3ccccc3OC)CC2)CC1)Cc1ccccc1OC,8.480040819247932,1
CCN(CCCCCC(=O)N1CCC(CCC2CCN(C(=O)CCCCCN(CC)Cc3ccccc3OC)CC2)CC1)Cc1ccccc1OC,8.130005999878257,1
CCN(CCCCCC(=O)N1CCC(CCCC2CCN(C(=O)CCCCCN(CC)Cc3ccccc3OC)CC2)CC1)Cc1ccccc1OC,8.179995693191682,1
CCN(CCCCCC(=O)N1CCN(C(=O)CCCCCN(CC)Cc2ccccc2OC)CC1)Cc1ccccc1OC,7.590066876668706,1
CCN(CCCCCC(=O)N1Cc2ccc3c4c(ccc(c24)C1)CN(C(=O)CCCCCN(CC)Cc1ccccc1OC)C3)Cc1ccccc1OC,8.316052869248487,1
CCN(CCCCCC(=O)N[C@H]1CCCC[C@@H]1NC(=O)CCCCCN(CC)Cc1ccccc1OC)Cc1ccccc1OC,5.262012673666569,0
CCN(CCCCCC(=O)N[C@H]1CCCC[C@H]1NC(=O)CCCCCN(CC)Cc1ccccc1OC)Cc1ccccc1OC,5.380906669373257,0
CCN(CCCCCC(=O)N[C@H]1CC[C@H](NC(=O)CCCCCN(CC)Cc2ccccc2OC)CC1)Cc1ccccc1OC,5.068033885271827,0
CCN(CCCCCC(=O)Nc1ccc(-c2ccc(NC(=O)CCCCCN(CC)Cc3ccccc3OC)cc2)cc1)Cc1ccccc1OC,7.440033563025498,1
CCN(CCCCCC(=O)Nc1ccc(CCc2ccc(NC(=O)CCCCCN(CC)Cc3ccccc3OC)cc2)cc1)Cc1ccccc1OC,6.770011163455189,1
CCN(CCCCCC(=O)Nc1ccc(Cc2ccc(NC(=O)CCCCCN(CC)Cc3ccccc3OC)cc2)cc1)Cc1ccccc1OC,7.199970640755866,1
CCN(CCCCCCCCCCCCn1cc(C=O)c2cc(OC)ccc21)Cc1cccc(O)c1,4.371713268910486,0
CCN(CCCCCCCCc1cccc(OC)c1)Cc1ccccc1OC,5.247951552180561,0
CCN(CCCCCCCNC1=CC(=O)C(NCCCCCCCN(CC)Cc2ccccc2OC)=CC1=O)Cc1ccccc1OC,8.108462542327436,1
CCN(CCCCCCCOc1ccc2c(=O)c3ccccc3oc2c1)Cc1ccccc1OC,5.501689446210399,0
CCN(CCCCCCN1C(=O)c2ccc(-c3ccc4c(c3)C(=O)N(CCCCCCN(CC)Cc3ccccc3OC)C4=O)cc2C1=O)Cc1ccccc1OC,7.853871964321762,1
CCN(CCCCCCN1C(=O)c2ccc3c4c(ccc(c24)C1=O)C(=O)N(CCCCCCN(CC)Cc1ccccc1OC)C3=O)Cc1ccccc1OC,7.2608538651694685,1
CCN(CCCCCCN1C(=O)c2cccc3cccc(c23)C1=O)Cc1ccccc1OC,7.2716462179787715,1
CCN(CCCCCCN1C(=O)c2ccccc2C1=O)Cc1ccccc1,5.431798275933005,0
CCN(CCCCCCN1C(=O)c2ccccc2C1=O)Cc1ccccc1OC,6.229147988357855,1
CCN(CCCCCCN1CC(=O)N(CCCCCCN(CC)Cc2ccccc2OC)CC1=O)Cc1ccccc1OC,7.798602875679548,1
CCN(CCCCCCN1CCN(CCCCCCN(CC)Cc2ccccc2OC)C(=O)C1=O)Cc1ccccc1OC,7.161780778092374,1
CCN(CCCCCCN1CCN(CCCCCCN(CC)Cc2ccccc2OC)C1=O)Cc1ccccc1OC,7.140261433802853,1
CCN(CCCCCCNC(=O)CCCCC1CCSS1)Cc1ccccc1OC,6.59176003468815,1
CCN(CCCCCCNC(=O)COc1ccc(-c2cc(=O)c3c(O)c(OC)c(OC)cc3o2)cc1)Cc1ccccc1OC,5.863279432843593,0
CCN(CCCCCCNC(=O)COc1ccc(-c2cc(=O)c3c(OC)c(OC)c(OC)cc3o2)cc1)Cc1ccccc1OC,5.903089986991944,0
CCN(CCCCCCNC1=C(Br)C(=O)C(NCCCCCCN(CC)Cc2ccccc2OC)=C(Br)C1=O)Cc1ccccc1OC,8.575118363368933,1
CCN(CCCCCCNC1=C(C)C(=O)C(NCCCCCCN(CC)Cc2ccccc2OC)=C(C)C1=O)Cc1ccccc1OC,8.022276394711152,1
CCN(CCCCCCNC1=C(Cl)C(=O)C(NCCCCCCN(CC)Cc2ccccc2OC)=C(Cl)C1=O)Cc1ccccc1OC,8.515700160653214,1
CCN(CCCCCCNC1=C(F)C(=O)C(NCCCCCCN(CC)Cc2ccccc2OC)=C(F)C1=O)Cc1ccccc1OC,8.286509456906057,1
CCN(CCCCCCNC1=C(c2ccccc2)C(=O)C(NCCCCCCN(CC)Cc2ccccc2OC)=C(c2ccccc2)C1=O)Cc1ccccc1OC,6.910094888560602,1
CCN(CCCCCCNC1=CC(=O)C(C)=C(C)C1=O)Cc1ccccc1OC,7.537602002101044,1
CCN(CCCCCCNC1=CC(=O)C(NCCCCCCN(CC)CCc2ccccc2OC)=CC1=O)CCc1ccccc1OC,7.761953896871205,1
CCN(CCCCCCNC1=CC(=O)C(NCCCCCCN(CC)Cc2ccc(OC)cc2)=CC1=O)Cc1ccc(OC)cc1,7.291579099865287,1
CCN(CCCCCCNC1=CC(=O)C(NCCCCCCN(CC)Cc2cccc(OC)c2)=CC1=O)Cc1cccc(OC)c1,7.860120913598763,1
CCN(CCCCCCNC1=CC(=O)C(NCCCCCCN(CC)Cc2ccccc2)=CC1=O)Cc1ccccc1,7.134896025358872,1
CCN(CCCCCCNC1=CC(=O)C(NCCCCCCN(CC)Cc2ccccc2C)=CC1=O)Cc1ccccc1C,7.1432711096171175,1
CCN(CCCCCCNC1=CC(=O)C(NCCCCCCN(CC)Cc2ccccc2Cl)=CC1=O)Cc1ccccc1Cl,6.226945306635738,1
CCN(CCCCCCNC1=CC(=O)C(NCCCCCCN(CC)Cc2ccccc2OC)=CC1=O)Cc1ccccc1OC,6.959665048119933,1
CCN(CCCCCCNC1=CC(=O)C(NCCCCCCN(CC)Cc2ccccc2[N+](=O)[O-])=CC1=O)Cc1ccccc1[N+](=O)[O-],5.636388020107855,0
CCN(CCCCCCNC1=CC(=O)C(NCCCCCCN(CC)Cc2ccccn2)=CC1=O)Cc1ccccn1,6.903089986991944,1
CCN(CCCCCCNC1=CC(=O)C(NCCCCCCN(CC)Cc2cccnc2)=CC1=O)Cc1cccnc1,6.876148359032914,1
CCN(CCCCCCNC1=CC(=O)C(NCCCCCCN(CC)Cc2ccco2)=CC1=O)Cc1ccco1,6.84163750790475,1
CCN(CCCCCCNC1=CC(=O)C(NCCCCCCN(CC)Cc2cccs2)=CC1=O)Cc1cccs1,7.218963061378869,1
CCN(CCCCCCNC1=CC(=O)C(NCCCCCCN(CC)Cc2ccncc2)=CC1=O)Cc1ccncc1,6.71669877129645,1
CCN(CCCCCCNC1=CC(=O)C(NCCCCCCN(CC)[C@@H](C)c2ccccc2OC)=CC1=O)[C@@H](C)c1ccccc1OC,6.7482592351806066,1
CCN(CCCCCCNC1=CC(=O)C(NCCCCCCN(CC)[C@@H](C)c2ccccc2OC)=CC1=O)[C@H](C)c1ccccc1OC,7.2011524070372435,1
CCN(CCCCCCNC1=CC(=O)C(NCCCCCCN(CC)[C@H](C)c2ccccc2OC)=CC1=O)[C@H](C)c1ccccc1OC,7.165341559716944,1
CCN(CCCCCCNC1=CC(=O)C(NCCCCCCNC(=O)CCCCC2CCSS2)=CC1=O)Cc1ccccc1OC,7.0,1
CCN(CCCCCCNC1=CC(=O)C(NCCCNC(=O)CCCCC2CCSS2)=CC1=O)Cc1ccccc1OC,6.823908740944319,1
CCN(CCCCCCNC1=CC(=O)C(OC)=CC1=O)Cc1ccccc1OC,7.185086818724926,1
CCN(CCCCCCNC1=CC(=O)c2ccccc2C1=O)Cc1ccccc1OC,6.179337322978152,1
CCN(CCCCCCNC1=CC(=O)c2ncccc2C1=O)Cc1ccccc1OC,7.554395796726403,1
CCN(CCCCCCNc1ccc(-c2ccc(NCCCCCCN(CC)Cc3ccccc3OC)cc2)cc1)Cc1ccccc1OC,5.579999668433626,0
CCN(CCCCCCNc1ccc(CCc2ccc(NCCCCCCN(CC)Cc3ccccc3OC)cc2)cc1)Cc1ccccc1OC,4.510000060783275,0
CCN(CCCCCCNc1ccc(Cc2ccc(NCCCCCCN(CC)Cc3ccccc3OC)cc2)cc1)Cc1ccccc1OC,5.969999718407896,0
CCN(CCCCCCNc1ccc(NCCCCCCN(CC)Cc2ccccc2OC)cc1)Cc1ccccc1OC,7.371611069949688,1
CCN(CCCCCCOCCCCCCCCOCCCCCCN(CC)Cc1ccccc1OC)Cc1ccccc1OC,6.69000807121882,1
CCN(CCCCCCOc1cc(O)c2c(=O)c(-c3ccc(O)cc3)coc2c1)Cc1ccccc1,5.236572006437063,0
CCN(CCCCCCOc1ccc(-c2cc(=O)c3c(O)c(OC)c(OC)cc3o2)cc1)Cc1ccccc1OC,5.698970004336019,0
CCN(CCCCCCOc1ccc(-c2cc(=O)c3c(OC)c(OC)c(OC)cc3o2)cc1)Cc1ccccc1OC,6.366531544420413,1
CCN(CCCCCCOc1ccc2c(C)c(C)c(=O)oc2c1)Cc1ccccc1,6.356547323513812,1
CCN(CCCCCCn1c(=O)c(=O)n(CCCCCCN(CC)Cc2ccccc2OC)c2ccccc21)Cc1ccccc1OC,8.85078088734462,1
CCN(CCCCCCn1c(=O)c2cc3c(=O)n(CCCCCCN(CC)Cc4ccccc4OC)c(=O)c3cc2c1=O)Cc1ccccc1OC,8.113509274827518,1
CCN(CCCCCNC1=CC(=O)C(NCCCCCN(CC)Cc2ccccc2OC)=CC1=O)Cc1ccccc1OC,8.627087997029893,1
CCN(CCCCCOc1cc(O)c2c(c1)OC(c1ccc(O)cc1)CC2=O)Cc1ccccc1,6.040958607678906,1
CCN(CCCCCOc1ccc2c(=O)c3ccccc3oc2c1)Cc1cccc(OC(=O)NC)c1,9.086186147616283,1
CCN(CCCCN1C(=O)c2ccccc2C1=O)Cc1ccccc1,6.167491087293763,1
CCN(CCCCN1C(=O)c2ccccc2C1=O)Cc1ccccc1OC,6.552841968657781,1
CCN(CCCCNC(=O)COc1ccc(-c2cc(=O)c3c(O)c(OC)c(OC)cc3o2)cc1)Cc1ccccc1OC,7.4089353929735005,1
CCN(CCCCNC(=O)COc1ccc(-c2cc(=O)c3c(OC)c(OC)c(OC)cc3o2)cc1)Cc1ccccc1OC,7.200659450546418,1
CCN(CCCCNC1=CC(=O)C(NCCCCN(CC)Cc2ccccc2OC)=CC1=O)Cc1ccccc1OC,7.866461091629782,1
CCN(CCCCOc1ccc(-c2cc(=O)c3c(O)c(OC)c(OC)cc3o2)cc1)Cc1ccccc1OC,6.6020599913279625,1
CCN(CCCCOc1ccc(-c2cc(=O)c3c(O)cc(OCCCCN(CC)Cc4ccccc4)cc3o2)cc1)Cc1ccccc1,6.443697499232712,1
CCN(CCCCOc1ccc(-c2cc(=O)c3c(OC)c(OC)c(OC)cc3o2)cc1)Cc1ccccc1,5.866461091629782,0
CCN(CCCCOc1ccc(-c2cc(=O)c3c(OC)c(OC)c(OC)cc3o2)cc1)Cc1ccccc1OC,7.096910013008056,1
CCN(CCCCOc1ccc(-c2coc3cc(O)cc(O)c3c2=O)cc1)Cc1ccccc1OC,5.411168274405792,0
CCN(CCCCOc1ccc(-c2coc3cc(OCCCCN(CC)Cc4ccccc4)cc(O)c3c2=O)cc1)Cc1ccccc1,5.6777807052660805,0
CCN(CCCCOc1ccc(-c2coc3cc(OCCCCN(CC)Cc4ccccc4OC)cc(O)c3c2=O)cc1)Cc1ccccc1OC,6.455931955649724,1
CCN(CCCCOc1ccc(/C=C/C(=O)c2c(O)cc(OCCCCN(CC)Cc3ccccc3OC)cc2O)cc1)Cc1ccccc1OC,5.886056647693163,0
CCN(CCCCOc1ccc(C2CC(=O)c3c(O)cc(OCCCCN(CC)Cc4ccccc4OC)cc3O2)cc1)Cc1ccccc1OC,5.366531544420413,0
CCN(CCCN1C(=O)c2ccccc2C1=O)Cc1ccccc1OC,5.346787486224656,0
CCN(CCCN1CCN(CCNc2c3c(nc4ccccc24)CCCC3)CC1)C1CCCCC1,6.7121982700697735,1
CCN(CCCNC1=CC(=O)C(NCCCCCCNC(=O)CCCCC2CCSS2)=CC1=O)Cc1ccccc1OC,6.795880017344075,1
CCN(CCCNC1=CC(=O)C(NCCCN(CC)Cc2ccccc2OC)=CC1=O)Cc1ccccc1OC,8.647817481888637,1
CCN(CCCNC1=CC(=O)C(NCCCNC(=O)CCCCC2CCSS2)=CC1=O)Cc1ccccc1OC,6.721246399047171,1
CCN(CCCOc1ccc(-c2cc(=O)c3c(O)c(OC)c(OC)cc3o2)cc1)Cc1ccccc1OC,6.045757490560675,1
CCN(CCCOc1ccc(-c2cc(=O)c3c(OC)c(OC)c(OC)cc3o2)cc1)Cc1ccccc1OC,6.698970004336019,1
CCN(CCCOc1ccc2c(=O)c3ccccc3oc2c1)Cc1cccc(OC(=O)NC)c1,9.2518119729938,1
CCN(CCCOc1ccc2c(C)c(C)c(=O)oc2c1)Cc1cccc(F)c1,5.920818753952375,0
CCN(CCNC1=CC(=O)C(NCCN(CC)Cc2ccccc2OC)=CC1=O)Cc1ccccc1OC,7.211124884224583,1
CCN(CCOCCNC(=O)NCc1ccccc1)CC1CCCCC1,5.0,0
CCN(CCOc1ccc(/C=C2\COc3ccccc3C2=O)cc1)Cc1ccccc1,4.651695136951839,0
CCN(Cc1ccc(/C=C2\Oc3cc(OC)c(OC)cc3C2=O)cc1O)Cc1ccccc1N(C)C,5.174573882232177,0
CCN(Cc1cccc2[nH]c3cc(Cl)ccc3c12)C(=O)/C=C/c1ccc(O)c(OC)c1,5.161150909262744,0
CCN(Cc1ccccc1)C(=O)/C=C/c1ccc(OC(=O)N(c2ccccc2)c2ccccc2)c(OC)c1,4.55129368009492,0
CCN(Cc1ccccc1)Cc1ccc(-c2cc3cc(OC)c(OC)cc3oc2=O)cc1,7.739941771811945,1
CCN(Cc1ccccc1)Cc1ccc(-c2cc3cc(OCCNC(=O)/C=C/c4cc(F)cc(F)c4)ccc3oc2=O)cc1,6.645086977692145,1
CCN(Cc1ccccc1)Cc1ccc(-c2cc3cc(OCCNC(=O)/C=C/c4ccc(Cl)c(Cl)c4)ccc3oc2=O)cc1,3.573488738635425,0
CCN(Cc1ccccc1)Cc1ccc(-c2cc3cc(OCCNC(=O)CCc4ccc(F)c(F)c4)ccc3oc2=O)cc1,5.557520230935552,0
CCN(Cc1ccccc1)Cc1ccc(-c2cc3cc(OCCNC(=O)Cc4cc(F)cc(F)c4)ccc3oc2=O)cc1,6.2588484011482155,1
CCN(Cc1ccccc1)Cc1ccc(-c2cc3ccc(OCCNC(=O)/C=C/c4cc(F)cc(F)c4)cc3oc2=O)cc1,5.34008379993015,0
CCN(Cc1ccccc1)Cc1ccc(-c2cc3ccc(OCCNC(=O)/C=C/c4ccc(Cl)c(Cl)c4)cc3oc2=O)cc1,5.373659632624958,0
CCN(Cc1ccccc1)Cc1ccc(-c2cc3ccc(OCCNC(=O)CCc4ccc(F)c(F)c4)cc3oc2=O)cc1,6.485452247339714,1
CCN(Cc1ccccc1)Cc1ccc(-c2cc3ccc(OCCNC(=O)Cc4cc(F)cc(F)c4)cc3oc2=O)cc1,6.7423214251308154,1
CCN(Cc1ccccc1)Cc1ccc(/C=C2\Cc3ccc(OC)cc3C2=O)cc1,5.30715308072277,0
CCN(Cc1ccccc1)Cc1ccc(C(=O)c2ccc(OC)c(OC)c2)cc1,6.2441251443275085,1
CCN(Cc1ccccc1)Cc1ccc(NC(=O)Cc2ccc(O)c(O)c2)cc1,5.139063379299906,0
CCN(Cc1ccccc1)Cc1ccc(NC(=O)Cc2ccc(O)cc2)cc1,5.187086643357144,0
CCN(Cc1ccccc1)Cc1ccc(NC(=O)Cc2ccc(OC)c(O)c2)cc1,5.559090917934782,0
CCN(Cc1ccccc1)Cc1ccc(NC(=O)Cc2ccc(OC)c(OC)c2)cc1,5.492144128304169,0
CCN(Cc1ccccc1)Cc1cccc(-c2coc3cc(OC)c(OC)cc3c2=O)c1,5.798602875679549,0
CCN(Cc1ccccc1OC)C(=O)CCCCCNC1=CC(=O)C(NCCCCCC(=O)N(CC)Cc2ccccc2OC)=CC1=O,4.935542010773082,0
CCN1/C(=C/C(C)=O)Sc2ccc(OC(=O)NC3CCCCC3)cc21,4.958607314841775,0
CCN1/C(=C/C(C)=O)Sc2ccc(OC(=O)NCCc3ccccc3)cc21,4.698970004336019,0
CCN1/C(=C/C(C)=O)Sc2ccc(OC(=O)NCc3cccnc3)cc21,4.468521082957745,0
CCN1/C(=C/C(C)=O)Sc2ccc(OC(=O)OCCOCCNC(=O)c3cc4c(OC(=O)N(C)C)cccc4[n+](C)c3)cc21,7.089375595110798,1
CCN1CCC2CC1c1ccc(OC(=O)NC)cc12,6.767003889607846,1
CCN1CCC2c3cc(OC(=O)NC)ccc3CC21,6.596879478824182,1
CCN1CCCC1CNc1ccc(-c2ccccc2)nn1,4.207608310501746,0
CCN1CCCCc2ccc(C(=O)CCC3CCN(Cc4ccccc4)CC3)cc21,6.424812155072339,1
CCN1CCN(C2CCN(C(=O)COc3ccc(-c4ccc(OC)cc4)cc3)CC2)CC1,4.7447274948966935,0
CCN1CCN(C2CCN(C(=O)COc3ccc(-c4ccc([N+](=O)[O-])cc4)cc3)CC2)CC1,5.6777807052660805,0
CCN1CCN(C2CCN(C(=O)COc3ccc(-c4ccccc4)cc3)CC2)CC1,4.508638306165727,0
CCN1CCN(C2CCN(C(=O)COc3ccc(-c4ccccc4F)cc3)CC2)CC1,4.721246399047171,0
CCN1CCN(C2CCN(C(=O)COc3ccc(I)cc3)CC2)CC1,4.698970004336019,0
CCN1CCN(C2CCN(C(=O)COc3ccc4c(c3)CCC4=O)CC2)CC1,5.309803919971486,0
CCN1CCN(CCC(=O)Nc2nc3c(C)cccc3s2)CC1,4.686554629573586,0
CCN1CCN(CCCNC(=O)COc2ccc(-c3ccc(OC)cc3)cc2)CC1,3.9586073148417746,0
CCN1CCN(CCCNC(=O)COc2ccc(-c3ccccc3)cc2)CC1,3.94692155651658,0
CCN1CCN(CCCNC(=O)COc2ccc(I)cc2)CC1,4.060480747381382,0
CCN1CCN(Cc2ccc(/C=C3\Oc4cc(OC)c(OC)cc4C3=O)cc2O)CC1,4.493494967595128,0
CCN1CCN(c2ccc(-c3nc4ccccc4[nH]3)cc2)CC1,5.285670240254767,0
CCN1CCN(c2ccc(C3CC(c4ccc(OC)c(OC)c4)=NN3C(C)=O)cc2)CC1,4.319664486585436,0
CCN1CCN(c2ccc(C3CC(c4ccc(OC)cc4)=NN3C(C)=O)cc2)CC1,3.6552148773673396,0
CCN1CC[C@@]2(C)c3cc(OC(=O)NC(C)(C)C)ccc3CC12,4.903541888282547,0
CCN1CC[C@@]2(C)c3cc(OC(=O)NC(C)(C)C)ccc3C[C@@H]12,4.903541888282547,0
CCN1CC[C@@]2(C)c3cc(OC(=O)NC(C)c4ccccc4)ccc3C[C@@H]12,5.876148359032914,0
CCN1CC[C@@]2(C)c3cc(OC(=O)NC)ccc3CC12,7.42021640338319,1
CCN1CC[C@@]2(C)c3cc(OC(=O)NC)ccc3C[C@@H]12,7.42021640338319,1
CCN1CC[C@@]2(C)c3cc(OC(=O)NCc4ccccc4)ccc3CC12,7.161150909262744,1
CCN1CC[C@@]2(C)c3cc(OC(=O)NCc4ccccc4)ccc3C[C@@H]12,7.161150909262744,1
CCN1CC[C@@]2(C)c3cc(OC(=O)N[C@@H](C)c4ccccc4)ccc3CC12,5.876148359032914,0
CCN1CC[C@@]2(C)c3cc(OC(=O)Nc4ccccc4)ccc3CC12,6.75448733218585,1
CCN1CC[C@@]2(C)c3cc(OC(=O)Nc4ccccc4)ccc3C[C@@H]12,6.75448733218585,1
CCN1CC[C@H]2c3cc(OC(=O)NC)ccc3CC21,6.596879478824182,1
CCN1CCc2cc(-c3cnc4[nH]c5cnc(C#N)cc5c4c3)ccc2C1,6.795880017344075,1
CCN1CCc2cc(C(=O)CCC3CCN(Cc4ccccc4)CC3)ccc21,7.958607314841775,1
CCN1CCc2sc(-c3cnc4[nH]c5cnc(C#N)cc5c4c3)cc2C1,6.586700235918748,1
CCNC(=O)Oc1ccc2c(c1)C(N)CC2,4.752026733638194,0
CCNC(=O)Oc1ccc2c(c1)C1(C)CCOC1O2,6.443697499232712,1
CCNC(=O)Oc1ccc2c(c1)C1(C)COC(C1)O2,6.080921907623926,1
CCNC(=O)Oc1ccc2c(c1)C1(C)COC(O2)O1,6.411728293157671,1
CCNC(=O)Oc1ccc2c(c1)[C@@]1(C)CCO[C@H]1O2,6.313363730737707,1
CCNC(=O)Oc1ccc2c(c1)[C@@]1(C)CO[C@H](C1)O2,6.214670164989233,1
CCNC(=O)Oc1ccc2c(c1)[C@]1(C)CCN(C)C1N2C,7.026872146400301,1
CCNC(=O)Oc1ccc2c(c1)[C@]1(C)CCN(C)[C@@H]1N2C,7.026872146400301,1
CCNC(=O)Oc1ccc2c(c1)[C@]1(C)CCOC1N2C,7.086186147616283,1
CCNC(=O)Oc1ccc2c(c1)[C@]1(C)CCOC1O2,8.221848749616356,1
CCNC(=O)Oc1ccc2c(c1)[C@]1(C)CCO[C@@H]1N2C,7.086186147616283,1
CCNC(=O)Oc1ccc2c(c1)[C@]1(C)CCO[C@@H]1O2,7.221848749616356,1
CCNC(=O)Oc1ccc2c(c1)[C@]1(C)CO[C@@H](C1)O2,5.616184634019569,0
CCNC(=O)Oc1cccc(CN(C)CCCOc2ccc3c(=O)c4ccccc4oc3c2)c1,7.886056647693163,1
CCNC(=O)Oc1cccc2c1CCC1CCN(C)C21,6.405607449624574,1
CCNC(=O)Oc1cccc2c1OCC1CCN(C)C21,6.376750709602099,1
CCNC(=O)c1ccc2nc(-c3ccc(Cl)cc3)c3c(c2c1)N(Cc1ccccc1)CCC3,6.096367483915762,1
CCNC(=O)c1ccc2nc(-c3ccc(Cl)cc3)c3c(c2c1)NCCC3,7.187086643357144,1
CCNC(=O)c1sc(-c2ccnc(NC(=O)CNCCNc3c4c(nc5ccccc35)CCCC4)c2)nc1OCC1CC1,7.3448615651886175,1
CCNC(=S)N/N=C/c1c(OC)cc(OC)c2c(-c3ccccc3)c[nH]c12,4.226432951073941,0
CCNC1CCc2ccc(OC(=O)N(C)C)cc21,4.610833915635467,0
CCNCC(=O)Nc1ccc2nc3n(c(=O)c2c1)CCC3,6.2541448048262716,1
CCNCc1ccc2nc(-c3ccc(Cl)cc3)c3c(c2c1)N(Cc1ccccc1)CCC3,6.025949097207123,1
CCNCc1ccc2nc(-c3ccc(Cl)cc3)c3c(c2c1)NCCC3,6.2549252084179425,1
CCNCc1ccc2nc(-c3cccnc3)c3c(c2c1)NCCC3,4.801342913045577,0
CCNCc1cccc2[nH]c3cc(Cl)ccc3c12,5.292429823902063,0
CCNc1c2c(nc3ccc(OC)cc13)CCCC2,4.180456064458132,0
CCNc1nc(NCCc2ccc(OC)c(OC)c2)c2ccccc2n1,5.1249387366083,0
CCNc1nc(NCCc2ccccc2)c2ccccc2n1,5.119186407719209,0
CCNc1nc(NCc2ccc(OC)c(OC)c2)c2ccccc2n1,5.200659450546418,0
CCNc1nc(NCc2ccccc2)c2ccccc2n1,5.1249387366083,0
CCOC(=O)/C(=N\Nc1ccc(Br)cc1)C(=O)C(F)(F)F,5.866461091629782,0
CCOC(=O)/C(=N\Nc1ccc(C(=O)OCC)cc1)C(=O)C(F)(F)F,5.421360790031928,0
CCOC(=O)/C(=N\Nc1ccc(C)cc1)C(=O)C(F)(F)F,5.135488918941608,0
CCOC(=O)/C(=N\Nc1ccc(F)cc1)C(=O)C(F)(F)F,5.573488738635424,0
CCOC(=O)/C(=N\Nc1ccc(OC)cc1)C(=O)C(F)(F)F,5.335358024443874,0
CCOC(=O)/C(=N\Nc1cccc(C)c1)C(=O)C(F)(F)F,4.517126416391246,0
CCOC(=O)/C(=N\Nc1ccccc1)C(=O)C(F)(F)F,5.492144128304169,0
CCOC(=O)/C(=N\Nc1ccccc1C(=O)OCC)C(=O)C(F)(F)F,6.317854923626168,1
CCOC(=O)/C(=N\Nc1ccccc1[N+](=O)[O-])C(=O)C(F)(F)F,6.119758224104519,1
CCOC(=O)/C=C/c1ccc(OCCCCCCCCN(CC)CC)c(OC)c1,5.806875401645538,0
CCOC(=O)/C=C/c1ccc(OCCCCCCN(CC)CC)c(OC)c1,5.7121982700697735,0
CCOC(=O)/C=C/c1ccc(OCCCCCCN2CCCC2)c(OC)c1,5.296708621881338,0
CCOC(=O)/C=C/c1ccc(OCCCCCCN2CCCCC2)c(OC)c1,5.576754126063192,0
CCOC(=O)C1=C(C(F)(F)F)Nc2nc3c(c(N)c2C1c1cccc([N+](=O)[O-])c1)CC(C)(C)CC3,6.267606240177031,1
CCOC(=O)C1=C(C)N(C)c2nc3c(c(N)c2C1c1ccccc1Cl)CC(C)(C)CC3,5.730487055782083,0
CCOC(=O)C1=C(C)N(CCC2CCN(Cc3ccccc3)CC2)C(=O)NC1c1coc2c(Cl)cc(Cl)cc2c1=O,7.221848749616356,1
CCOC(=O)C1=C(C)Nc2nc3c(c(N)c2C1c1ccc(-c2ccccc2)cc1)CCCC3,7.1487416512809245,1
CCOC(=O)C1=C(C)Nc2nc3c(c(N)c2C1c1ccc(C(F)(F)F)cc1)CC(C)CC3,6.114638779968487,1
CCOC(=O)C1=C(C)Nc2nc3c(c(N)c2C1c1ccc(C)cc1)CCCC3,6.771259223131459,1
CCOC(=O)C1=C(C)Nc2nc3c(c(N)c2C1c1ccc(F)cc1)CCCC3,6.716710593677209,1
CCOC(=O)C1=C(C)Nc2nc3c(c(N)c2C1c1ccc(OC)c(OC)c1)CCCC3,7.346787486224656,1
CCOC(=O)C1=C(C)Nc2nc3c(c(N)c2C1c1ccc(OC)cc1)CCCC3,7.0657540507316385,1
CCOC(=O)C1=C(C)Nc2nc3c(c(N)c2C1c1ccc([N+](=O)[O-])cc1)CCCC3,6.510041520575165,1
CCOC(=O)C1=C(C)Nc2nc3c(c(N)c2C1c1cccc(C(F)(F)F)c1)CC(C)(C)CC3,5.948847477552619,0
CCOC(=O)C1=C(C)Nc2nc3c(c(N)c2C1c1cccc(Cl)c1)CC(C)(C)CC3,6.113509274827518,1
CCOC(=O)C1=C(C)Nc2nc3c(c(N)c2C1c1cccc(F)c1)CC(C)(C)CC3,5.7361273231347765,0
CCOC(=O)C1=C(C)Nc2nc3c(c(N)c2C1c1cccc(OC)c1)CCCC3,7.236572006437063,1
CCOC(=O)C1=C(C)Nc2nc3c(c(N)c2C1c1cccc([N+](=O)[O-])c1)CC(C)(C)CC3,5.2247537402597635,0
CCOC(=O)C1=C(C)Nc2nc3c(c(N)c2C1c1cccc([N+](=O)[O-])c1)CC(Cl)(Cl)CC3,6.47755576649368,1
CCOC(=O)C1=C(C)Nc2nc3c(c(N)c2C1c1cccc([N+](=O)[O-])c1)CC(F)(F)CC3,6.297569463554474,1
CCOC(=O)C1=C(C)Nc2nc3c(c(N)c2C1c1cccc([N+](=O)[O-])c1)CCCC3,6.718966632752272,1
CCOC(=O)C1=C(C)Nc2nc3c(c(N)c2C1c1ccccc1)CCCC3,6.916033030867626,1
CCOC(=O)C1=C(C)Nc2nc3c(c(N)c2C1c1ccccc1C(F)(F)F)CCCC3,6.645891560852599,1
CCOC(=O)C1=C(C)Nc2nc3c(c(N)c2C1c1ccccc1OC)CC(C)CC3,6.7495799976911055,1
CCOC(=O)C1=C(C)Nc2nc3c(c(N)c2C1c1ccccc1OC)CCCC3,6.630784142589857,1
CCOC(=O)C1=C(C)Nc2nc3c(c(N)c2C1c1ccccc1[N+](=O)[O-])CCCC3,6.471083299722345,1
CCOC(=O)C1=C(C)Nc2nc3c(c(N)c2C1c1cccnc1)CCCC3,6.801342913045577,1
CCOC(=O)C1=C(C)Nc2nc3c(c(N)c2C1c1ccncc1)CCCC3,6.651695136951839,1
CCOC(=O)C1=C(C)Nc2nc3c(c(N)c2[C@@H]1c1ccc(OC)cc1)CCCC3,6.422508200162774,1
CCOC(=O)C1=C(C)Nc2nc3c(c(N)c2[C@@H]1c1ccccc1OC)CCCC3,6.799998134593398,1
CCOC(=O)C1=C(C)Nc2nc3c(c(N)c2[C@H]1c1ccc(C)cc1)CCCC3,7.0400051616715835,1
CCOC(=O)C1=C(C)Nc2nc3c(c(N)c2[C@H]1c1ccc(F)cc1)CCCC3,7.280006173632396,1
CCOC(=O)C1=C(C)Nc2nc3c(c(N)c2[C@H]1c1ccc(OC)cc1)CCCC3,7.396840773380437,1
CCOC(=O)C1=C(C)Nc2nc3c(c(N)c2[C@H]1c1ccc([N+](=O)[O-])cc1)CCCC3,6.219999701663429,1
CCOC(=O)C1=C(C)Nc2nc3c(c(N)c2[C@H]1c1cccc(OC)c1)CCCC3,7.209996479609511,1
CCOC(=O)C1=C(C)Nc2nc3c(c(N)c2[C@H]1c1cccc([N+](=O)[O-])c1)CCCC3,6.959991363986458,1
CCOC(=O)C1=C(C)Nc2nc3c(c(N)c2[C@H]1c1ccccc1)CCCC3,7.100015437450609,1
CCOC(=O)C1=C(C)Nc2nc3c(c(N)c2[C@H]1c1ccccc1[N+](=O)[O-])CCCC3,6.51999305704285,1
CCOC(=O)C1=C(C)Oc2nc3c(c(N)c2C1c1ccc(C)cc1)CCCC3,6.739928612014925,1
CCOC(=O)C1=C(C)Oc2nc3c(c(N)c2C1c1ccc(OC)cc1)CCCC3,6.400704443419216,1
CCOC(=O)C1=C(C)Oc2nc3c(c(N)c2[C@H]1c1ccc(C#N)cc1)CCCC3,5.459999812689,0
CCOC(=O)C1=C(C)Oc2nc3c(c(N)c2[C@H]1c1ccc(C)cc1)CCCC3,5.740000204918113,0
CCOC(=O)C1=C(C)Oc2nc3c(c(N)c2[C@H]1c1ccc(Cl)cc1)CCCC3,5.710001024518515,0
CCOC(=O)C1=C(C)Oc2nc3c(c(N)c2[C@H]1c1ccc(OC)c(OC)c1)CCC3,4.569999968362492,0
CCOC(=O)C1=C(C)Oc2nc3c(c(N)c2[C@H]1c1ccc(OC)c(OC)c1)CCCC3,5.3400001801593495,0
CCOC(=O)C1=C(C)Oc2nc3c(c(N)c2[C@H]1c1ccc(OC)c(OC)c1)CCCCC3,4.480000028175458,0
CCOC(=O)C1=C(C)Oc2nc3c(c(N)c2[C@H]1c1ccc(OC)cc1)CCCC3,6.060001790087838,1
CCOC(=O)C1=C(C)Oc2nc3c(c(N)c2[C@H]1c1cccc(OC)c1)CCC3,4.619999985338959,0
CCOC(=O)C1=C(C)Oc2nc3c(c(N)c2[C@H]1c1cccc(OC)c1)CCCC3,5.110000065251387,0
CCOC(=O)C1=C(C)Oc2nc3c(c(N)c2[C@H]1c1cccc(OC)c1)CCCCC3,4.889999848866887,0
CCOC(=O)C1=C(C)Oc2nc3c(c(N)c2[C@H]1c1cccc([N+](=O)[O-])c1)CCCC3,5.72000016363892,0
CCOC(=O)C1=C(C)Oc2nc3c(c(N)c2[C@H]1c1ccccc1)CCC3,5.410000161858408,0
CCOC(=O)C1=C(C)Oc2nc3c(c(N)c2[C@H]1c1ccccc1)CCCC3,5.809999051930337,0
CCOC(=O)C1=C(C)Oc2nc3c(c(N)c2[C@H]1c1ccccc1OC)CCCCC3,4.68000002720016,0
CCOC(=O)C1=C(C)Oc2nc3c(c(N)c2[C@H]1c1cccnc1)CCCC3,5.149999867728904,0
CCOC(=O)C1=C(C)Oc2nc3c(c(N)c2[C@H]1c1cccnc1)CCCCC3,4.489999942195333,0
CCOC(=O)C1=C(C)Oc2nc3c(c(N)c2[C@H]1c1cccnc1Br)CCCC3,5.7299993321845495,0
CCOC(=O)C1=C(C)Oc2nc3c(c(N)c2[C@H]1c1cccnc1Cl)CCCC3,5.670000424450807,0
CCOC(=O)C1=C(C)Oc2nc3c(c(N)c2[C@H]1c1cccnc1OC)CCCC3,5.410000161858408,0
CCOC(=O)C1=C(C)Oc2nc3c(c(N)c2[C@H]1c1ccco1)CCCC3,5.770000934050708,0
CCOC(=O)C1=C(C)Oc2nc3c(c(N)c2[C@H]1c1cccs1)CCC3,4.559999953221535,0
CCOC(=O)C1=C(C)Oc2nc3c(c(N)c2[C@H]1c1cccs1)CCCC3,4.609999985082743,0
CCOC(=O)C1=C(C)Oc2nc3c(c(N)c2[C@H]1c1cccs1)CCCCC3,4.8399999311187,0
CCOC(=O)C1=C(C)Oc2nc3c(c(N)c2[C@H]1c1ccncc1)CCC3,5.180000294489514,0
CCOC(=O)C1=C(C)Oc2nc3c(c(N)c2[C@H]1c1ccncc1)CCCC3,5.520000247408364,0
CCOC(=O)C1=C(C)Oc2nc3c(c(N)c2[C@H]1c1ccncc1)CCCCC3,5.070000019492822,0
CCOC(=O)C1=C(Nc2ccc(C)cc2)C[C@@H](c2ccc(Cl)cc2)N(c2ccc(C)cc2)[C@@H]1c1ccc(Cl)cc1,3.76820546547307,0
CCOC(=O)C1=C(Nc2ccc(C)cc2)C[C@@H](c2ccccc2)N(c2ccc(C)cc2)[C@@H]1c1ccccc1,3.78583504962703,0
CCOC(=O)C1=C(Nc2ccc(Cl)cc2)C[C@@H](c2ccc(OC)cc2)N(c2ccc(Cl)cc2)[C@@H]1c1ccc(OC)cc1,4.920107856897075,0
CCOC(=O)C1=C(Nc2ccc(Cl)cc2)C[C@@H](c2ccccc2)N(c2ccc(Cl)cc2)[C@@H]1c1ccccc1,3.8371208829766674,0
CCOC(=O)C1=C(Nc2ccc(F)cc2)CC(c2ccc(C(F)(F)F)cc2)N(c2ccc(F)cc2)C1c1ccc(C(F)(F)F)cc1,6.030584087646019,1
CCOC(=O)C1=C(Nc2ccc(F)cc2)CC(c2ccc(Cl)cc2)N(c2ccc(F)cc2)C1c1ccc(Cl)cc1,6.03810452633215,1
CCOC(=O)C1=C(Nc2ccc(F)cc2)CC(c2ccc(F)cc2)N(c2ccc(F)cc2)C1c1ccc(F)cc1,6.111259039317107,1
CCOC(=O)C1=C(Nc2ccc(F)cc2)CC(c2cccc(F)c2)N(c2ccc(F)cc2)C1c1cccc(F)c1,5.9511699134716505,0
CCOC(=O)C1=C(Nc2ccc(F)cc2)C[C@@H](c2ccc(Cl)cc2)N(c2ccc(F)cc2)[C@@H]1c1ccc(Cl)cc1,4.759819000551894,0
CCOC(=O)C1=C(Nc2ccc(OC)cc2)C[C@@H](c2ccc(C)cc2)N(c2ccc(OC)cc2)[C@@H]1c1ccc(C)cc1,3.8028853656938164,0
CCOC(=O)C1=C(Nc2ccc(OC)cc2)C[C@@H](c2ccccc2)N(c2ccc(OC)cc2)[C@@H]1c1ccccc1,4.147909185640305,0
CCOC(=O)C1=C(Nc2cccc(F)c2)CC(c2ccc(C(F)(F)F)cc2)N(c2cccc(F)c2)C1c1ccc(C(F)(F)F)cc1,5.923723744595782,0
CCOC(=O)C1=C(Nc2cccc(F)c2)CC(c2ccc(Cl)cc2)N(c2cccc(F)c2)C1c1ccc(Cl)cc1,5.895512888687605,0
CCOC(=O)C1=C(Nc2cccc(F)c2)CC(c2ccc(F)cc2)N(c2cccc(F)c2)C1c1ccc(F)cc1,5.848323769152952,0
CCOC(=O)C1=C(Nc2ccccc2)CC(c2ccc(F)cc2)N(c2ccccc2)C1c1ccc(F)cc1,5.865822892423234,0
CCOC(=O)C1=C(Nc2ccccc2)C[C@@H](c2ccc(C)cc2)N(c2ccccc2)[C@@H]1c1ccc(C)cc1,3.753182976249796,0
CCOC(=O)C1=C(Nc2ccccc2)C[C@@H](c2ccc(F)cc2)N(c2ccccc2)[C@@H]1c1ccc(F)cc1,4.908968802811392,0
CCOC(=O)C1=C(Nc2ccccc2)C[C@@H](c2ccccc2)N(c2ccccc2)[C@@H]1c1ccccc1,4.030088935109755,0
CCOC(=O)C1=CN(C)c2cccc(OC(=O)N(C)C)c2C1,8.154901959985743,1
CCOC(=O)CC[C@@H](NC(=O)OCc1ccccc1)C(=O)NCCC1CCN(Cc2ccccc2)CC1,5.522878745280337,0
CCOC(=O)CC[C@H](NC(=O)OCc1ccccc1)C(=O)NCCC1CCN(Cc2ccccc2)CC1,5.30189945437661,0
CCOC(=O)Cc1csc(NC(=O)C[n+]2ccc(/C=N/O)cc2)n1,2.6439741428068775,0
CCOC(=O)[C@@H](CCC(=O)NCCC1CCN(Cc2ccccc2)CC1)NC(=O)c1ccccc1,6.301029995663981,1
CCOC(=O)[C@H](CCC(=O)NCCC1CCN(Cc2ccccc2)CC1)NC(=O)c1c[nH]c2ccccc12,5.721246399047171,0
CCOC(=O)[C@H](CCC(=O)NCCC1CCN(Cc2ccccc2)CC1)NC(=O)c1ccc2cc(OC)ccc2c1,6.050609993355087,1
CCOC(=O)[C@H](CCC(=O)NCCC1CCN(Cc2ccccc2)CC1)NC(=O)c1ccccc1,6.070581074285707,1
CCOC(=O)[n+]1ccc2c([nH]c3cc(OC)ccc32)c1C,6.6020599913279625,1
CCOC(=O)c1c(C)nc(N2CCN(S(=O)(=O)c3ccc(N)c(Cl)c3)CC2)nc1-c1ccc(OC)c(OC)c1,7.289374984939203,1
CCOC(=O)c1c(C)nc(N2CCN(S(=O)(=O)c3ccc(N)c(Cl)c3)CC2)nc1-c1ccc(OC)cc1,7.108406795651035,1
CCOC(=O)c1c(C)nc(N2CCN(S(=O)(=O)c3ccc(N)c(Cl)c3)CC2)nc1-c1ccccc1,7.101713721410877,1
CCOC(=O)c1c(C)nc(N2CCN(S(=O)(=O)c3ccc(N)c(F)c3)CC2)nc1-c1ccc(OC)c(OC)c1,7.179995693191682,1
CCOC(=O)c1c(C)nc(N2CCN(S(=O)(=O)c3ccc(N)c(F)c3)CC2)nc1-c1ccc(OC)cc1,6.997402019280091,1
CCOC(=O)c1c(C)nc(N2CCN(S(=O)(=O)c3ccc(N)c(OC)c3)CC2)nc1-c1ccc(OC)c(OC)c1,7.067627717852086,1
CCOC(=O)c1c(C)nc(N2CCN(S(=O)(=O)c3ccc(N)c(OC)c3)CC2)nc1-c1ccc(OC)cc1,7.164309428507575,1
CCOC(=O)c1c(C)nc(N2CCN(S(=O)(=O)c3ccc(N)c(OC)c3)CC2)nc1-c1ccccc1,7.072373037555046,1
CCOC(=O)c1c(C)nc(N2CCN(S(=O)(=O)c3ccc(N)cc3)CC2)nc1-c1ccc(OC)c(OC)c1,7.167363372403297,1
CCOC(=O)c1c(C)nc(N2CCN(S(=O)(=O)c3ccc(N)cc3)CC2)nc1-c1ccc(OC)cc1,7.143331516388465,1
CCOC(=O)c1c(C)nc(N2CCN(S(=O)(=O)c3ccc(NC(C)=O)c(Cl)c3)CC2)nc1-c1ccc(OC)c(OC)c1,7.324863495532006,1
CCOC(=O)c1c(C)nc(N2CCN(S(=O)(=O)c3ccc(NC(C)=O)c(Cl)c3)CC2)nc1-c1ccc(OC)cc1,7.057396751157843,1
CCOC(=O)c1c(C)nc(N2CCN(S(=O)(=O)c3ccc(NC(C)=O)c(Cl)c3)CC2)nc1-c1ccccc1,6.843117835560623,1
CCOC(=O)c1c(C)nc(N2CCN(S(=O)(=O)c3ccc(NC(C)=O)c(F)c3)CC2)nc1-c1ccc(OC)c(OC)c1,7.116225038644742,1
CCOC(=O)c1c(C)nc(N2CCN(S(=O)(=O)c3ccc(NC(C)=O)c(F)c3)CC2)nc1-c1ccc(OC)cc1,7.036684488613888,1
CCOC(=O)c1c(C)nc(N2CCN(S(=O)(=O)c3ccc(NC(C)=O)c(F)c3)CC2)nc1-c1ccccc1,7.011307297450183,1
CCOC(=O)c1c(C)nc(N2CCN(S(=O)(=O)c3ccc(NC(C)=O)c(OC)c3)CC2)nc1-c1ccc(OC)c(OC)c1,7.101494214465641,1
CCOC(=O)c1c(C)nc(N2CCN(S(=O)(=O)c3ccc(NC(C)=O)c(OC)c3)CC2)nc1-c1ccc(OC)cc1,7.101000729110211,1
CCOC(=O)c1c(C)nc(N2CCN(S(=O)(=O)c3ccc(NC(C)=O)c(OC)c3)CC2)nc1-c1ccccc1,7.10242788617427,1
CCOC(=O)c1c(C)nc(N2CCN(S(=O)(=O)c3ccc(NC(C)=O)cc3)CC2)nc1-c1ccc(OC)c(OC)c1,7.051635944011631,1
CCOC(=O)c1c(C)nc(N2CCN(S(=O)(=O)c3ccc(NC(C)=O)cc3)CC2)nc1-c1ccc(OC)cc1,6.879261594457057,1
CCOC(=O)c1c(C)nc(N2CCN(S(=O)(=O)c3ccc(NC(C)=O)cc3)CC2)nc1-c1ccccc1,6.928854709548917,1
CCOC(=O)c1c(C)nc2nc3c(c(N)c2c1-c1ccc(C)cc1)CCCCC3,4.889999848866887,0
CCOC(=O)c1c(C)nc2nc3c(c(N)c2c1-c1ccc(Cl)cc1)CCCC3,5.889999848866887,0
CCOC(=O)c1c(C)nc2nc3c(c(N)c2c1-c1ccc(Cl)cc1)CCCCC3,4.719999935717911,0
CCOC(=O)c1c(C)nc2nc3c(c(N)c2c1-c1ccc(F)cc1)CCCC3,6.149997413907538,1
CCOC(=O)c1c(C)nc2nc3c(c(N)c2c1-c1ccc(F)cc1)CCCCC3,5.269999835325843,0
CCOC(=O)c1c(C)nc2nc3c(c(N)c2c1-c1ccc(OC)c(OC)c1)CCCC3,5.889999848866887,0
CCOC(=O)c1c(C)nc2nc3c(c(N)c2c1-c1ccc(OC)c(OC)c1)CCCCC3,5.190000154058473,0
CCOC(=O)c1c(C)nc2nc3c(c(N)c2c1-c1ccc(OC)cc1)CCC3,4.860000083248981,0
CCOC(=O)c1c(C)nc2nc3c(c(N)c2c1-c1ccc(OC)cc1)CCCC3,5.049999969853415,0
CCOC(=O)c1c(C)nc2nc3c(c(N)c2c1-c1ccc(OC)cc1)CCCCC3,5.8700009280425745,0
CCOC(=O)c1c(C)nc2nc3c(c(N)c2c1-c1ccc(OC)cc1)CCCCCC3,4.769999911123512,0
CCOC(=O)c1c(C)nc2nc3c(c(N)c2c1-c1cccc(OC)c1)CCCC3,5.920001601921648,0
CCOC(=O)c1c(C)nc2nc3c(c(N)c2c1-c1cccc([N+](=O)[O-])c1)CCCC3,6.030002001401658,1
CCOC(=O)c1c(C)nc2nc3c(c(N)c2c1-c1cccc([N+](=O)[O-])c1)CCCCC3,4.849999859991125,0
CCOC(=O)c1c(C)nc2nc3c(c(N)c2c1-c1ccccc1)CCC3,4.920000156997057,0
CCOC(=O)c1c(C)nc2nc3c(c(N)c2c1-c1ccccc1)CCCC3,6.090000275786018,1
CCOC(=O)c1c(C)nc2nc3c(c(N)c2c1-c1ccccc1)CCCCC3,4.68000002720016,0
CCOC(=O)c1c(C)nc2nc3c(c(N)c2c1-c1ccccc1)CCCCCC3,4.769999911123512,0
CCOC(=O)c1c(C)nc2nc3c(c(N)c2c1-c1ccccc1OC)CCCCC3,4.659999925349902,0
CCOC(=O)c1c(C)nc2nc3c(c(N)c2c1-c1ccncc1)CCC3,5.089999741487069,0
CCOC(=O)c1c(C)nc2nc3c(c(N)c2c1-c1ccncc1)CCCC3,5.849999245077862,0
CCOC(=O)c1c(C)nc2nc3c(c(N)c2c1-c1ccncc1)CCCCC3,5.290000325166602,0
CCOC(=O)c1cc2c(N)c3c(nc2nc1C)CCC3,5.6777807052660805,0
CCOC(=O)c1cc2c(N)c3c(nc2nc1C)CCCC3,6.107905397309519,1
CCOC(=O)c1cc2c(N)c3c(nc2nc1C)CCCCC3,5.698970004336019,0
CCOC(=O)c1cc2c(N)c3c(nc2nc1C)CCCCCC3,5.7447274948966935,0
CCOC(=O)c1cc2c(OC(=O)N(C)C)cccc2[n+](C)c1,8.154901959985743,1
CCOC(=O)c1cc2cc(OCCCC3CCN(Cc4ccccc4)CC3)ccc2[nH]1,5.017728766960431,0
CCOC(=O)c1ccc2nc(-c3ccc(Cl)cc3)c3c(c2c1)N(Cc1ccccc1)C(=O)CC3,5.3819519032879075,0
CCOC(=O)c1ccc2nc(-c3cccnc3)c3c(c2c1)N(Cc1ccccc1)C(=O)CC3,4.886056647693163,0
CCOC(=O)c1ccc2nc(-c3cccnc3)c3c(c2c1)N(Cc1ccccc1)CCC3,5.97469413473523,0
CCOC(=O)c1ccc2nc(-c3cccnc3)c3c(c2c1)NCCC3,4.642065152999546,0
CCOC(=O)c1csc(NC(=O)C[n+]2ccc(/C=N/O)cc2)n1,2.6038006529042637,0
CCOC(=O)c1sc(-c2ccnc(NC(=O)C3CC3)c2)nc1OCCNc1c2c(nc3ccccc13)CCCC2,6.508638306165727,1
CCOC(OCC)c1ccc(/C=C/C(=O)/C=C/c2ccc(C(OCC)OCC)cc2)cc1,4.256960845195067,0
CCOC(OCC)c1ccc(/C=C/C(=O)C2CCc3ccccc3C2=O)cc1,4.113904267562252,0
CCOC(OCC)c1ccc(/C=C2\CC/C(=C\c3ccc(C(OCC)OCC)cc3)C2=O)cc1,4.115544503929512,0
CCOC(OCC)c1ccc(/C=C2\CCC/C(=C\c3ccc(C(OCC)OCC)cc3)C2=O)cc1,4.905528871358356,0
CCOC(OCC)c1ccc(/C=C2\CN(C)C/C(=C\c3ccc(C(OCC)OCC)cc3)C2=O)cc1,7.376750709602099,1
CCOC(OCC)c1ccc(/C=C2\CN(Cc3ccccc3)C/C(=C\c3ccc(C(OCC)OCC)cc3)C2=O)cc1,4.560036064079095,0
CCOC(OCC)c1ccc(/C=C2\CNC/C(=C\c3ccc(C(OCC)OCC)cc3)C2=O)cc1,6.036212172654444,1
CCOC(OCC)c1ccc(/C=C2\COC/C(=C\c3ccc(C(OCC)OCC)cc3)C2=O)cc1,4.384892012556806,0
CCOC1(c2cc(O)ccc2O)C=C(CC/C=C(\C)CCC=C(C)C)C(=O)O1,5.132532512140949,0
CCOCCN1CCN(CCC(=O)Nc2nc3c(C)cccc3s2)CC1,4.697236291527018,0
CCOCC[N+](C)(C)C,2.9359999985589917,0
CCOCC[n+]1ccc(CCC(=O)C2Cc3cc(OC)c(OC)cc3S2)cc1,8.154901959985743,1
CCOCC[n+]1ccc(CCC(=O)c2cc3cc(OC)c(OC)cc3s2)cc1,8.154901959985743,1
CCOP(=O)(OCC)C(NCCc1ccc(OC)cc1)c1coc2ccccc2c1=O,7.0,1
CCOP(=O)(OCC)C(NCc1cccs1)c1cn(-c2ccccc2)nc1-c1ccc(Cl)cc1,7.769551078621726,1
CCOP(=O)(OCC)C(Nc1c(C)cccc1C)c1ccc(OCc2nc3ccccc3c(=O)n2-c2ccc(F)cc2)c(OC)c1,5.520568662802264,0
CCOP(=O)(OCC)C(Nc1cc(C)ccc1C)c1ccc(OCc2nc3ccccc3c(=O)n2-c2ccc(F)cc2)c(OC)c1,5.218101080648851,0
CCOP(=O)(OCC)C(Nc1ccc(C(=O)O)cc1)c1ccc(OCc2nc3ccccc3c(=O)n2-c2ccc(F)cc2)c(OC)c1,5.93666664104825,0
CCOP(=O)(OCC)C(Nc1ccc([N+](=O)[O-])cc1)c1ccc(OCc2nc3ccccc3c(=O)n2-c2ccc(F)cc2)c(OC)c1,5.749092300299144,0
CCOP(=O)(OCC)C(Nc1cccc(Cl)c1Cl)c1ccc(OCc2nc3ccccc3c(=O)n2-c2ccc(F)cc2)c(OC)c1,5.592779107072603,0
CCOP(=O)(OCC)C(Nc1cccc(O)c1)c1ccc(OCc2nc3ccccc3c(=O)n2-c2ccc(F)cc2)c(OC)c1,5.36211018341921,0
CCOP(=O)(OCC)C(Nc1ccccc1C#N)c1ccc(OCc2nc3ccccc3c(=O)n2-c2ccc(F)cc2)c(OC)c1,5.531209737900388,0
CCOP(=O)(OCC)C(Nc1ccccc1C(C)=O)c1ccc(OCc2nc3ccccc3c(=O)n2-c2ccc(F)cc2)c(OC)c1,5.250031916490597,0
CCOP(=O)(OCC)C(Nc1ccccc1C(F)(F)F)c1ccc(OCc2nc3ccccc3c(=O)n2-c2ccc(F)cc2)c(OC)c1,5.307417437725091,0
CCOP(=O)(OCC)C(Nc1ccccc1C)c1ccc(OCc2nc3ccccc3c(=O)n2-c2ccc(F)cc2)c(OC)c1,5.271402756616569,0
CCOP(=O)(OCC)C(Nc1ccccc1OC)c1ccc(OCc2nc3ccccc3c(=O)n2-c2ccc(F)cc2)c(OC)c1,5.576262750017671,0
CCOP(=O)(OCC)C(Nc1nncs1)c1ccc(OCc2nc3ccccc3c(=O)n2-c2ccc(F)cc2)c(OC)c1,5.473014931440004,0
CCOP(=O)(OCC)Oc1ccc([N+](=O)[O-])cc1,8.0,1
CCOP(=S)(OCC)Oc1cc(C)nc(C(C)C)n1,5.721246399047171,0
CCOP1(=O)CCCC(C(=O)OC)=C(C)O1,5.087774364981693,0
CCO[P@@](=O)(SCC)c1ccccc1,3.8239087409443187,0
CCO[P@](=O)(SCC)c1ccccc1,5.096910013008056,0
CCOc1cc(N)c(Cl)cc1C(=O)CCC1CCN(CC2CCCCC2)CC1,6.403402904373539,1
CCOc1cc2c(cc1OCC)-c1c(-c3ccc(Cl)cc3)c(/C=N/c3ccc(/N=C/c4c(-c5ccc(Cl)cc5)c5n(c4-c4ccccc4)CCc4cc(OC)c(OC)cc4-5)cc3)c(-c3ccccc3)n1CC2,5.328827157284916,0
CCOc1cc2c(cc1OCC)C(=O)C(C)C2,7.310093522069527,1
CCOc1ccc(/C=N/NC(=O)CN2CCC(Cc3ccccc3)CC2)cc1,4.274905478918531,0
CCOc1ccc(/C=N/NC(=O)CN2CCN(Cc3ccccc3)CC2)cc1,4.089375595110798,0
CCOc1ccc(C(=O)Cc2ncc(C(=O)N(C)CCCOc3ccc([N+](=O)[O-])cc3)cn2)cc1,5.1938200260161125,0
CCOc1ccc(Cc2nc3cc(C(=O)N(CC)CC)ccc3n2CCCCCCN2CCCCC2)cc1,4.699485036446524,0
CCOc1ccc(Cc2nc3cc(C(=O)N(CC)CC)ccc3n2CCCCCCNc2c3c(nc4ccccc24)CCCC3)cc1,8.700057099977233,1
CCOc1ccc(Cc2nc3cc(C(=O)N(CC)CC)ccc3n2CCCCCNc2c3c(nc4ccccc24)CCCC3)cc1,8.199970640755865,1
CCOc1ccc(Cc2nc3cc(C(=O)N(CC)CC)ccc3n2CCCCN2CCCCC2)cc1,4.21056277930672,0
CCOc1ccc(Cc2nc3cc(C(=O)N(CC)CC)ccc3n2CCCCNc2c3c(nc4ccccc24)CCCC3)cc1,7.50003813440381,1
CCOc1ccc(Cc2nc3cc(C(=O)N(CC)CC)ccc3n2CCCNc2c3c(nc4ccccc24)CCCC3)cc1,8.500038134403809,1
CCOc1ccc(Cc2nc3cc(C(=O)N(CC)CC)ccc3n2CCNc2c3c(nc4ccccc24)CCCC3)cc1,8.899974269892137,1
CCOc1ccc(Cc2nc3cc(C(=O)N(CC)CC)ccc3n2CCOCCOCCNc2c3c(nc4ccccc24)CCCC3)cc1,7.0,1
CCOc1ccc(Cc2nc3cc(C(=O)N(CC)CCCCNc4c5c(nc6ccccc46)CCCC5)ccc3n2CCC(C)C)cc1,7.199970640755866,1
CCOc1ccc(Cc2nc3cc(C(=O)NCCCCCCNc4c5c(nc6ccccc46)CCCC5)ccc3n2CCC(C)C)cc1,7.700057099977233,1
CCOc1ccc(Cc2nc3cc(C(=O)NCCCCCNc4c5c(nc6ccccc46)CCCC5)ccc3n2CCC(C)C)cc1,8.100015437450608,1
CCOc1ccc(Cc2nc3cc(C(=O)NCCCCNc4c5c(nc6ccccc46)CCCC5)ccc3n2CCC(C)C)cc1,8.0,1
CCOc1ccc(Cc2nc3cc(C(=O)NCCCNc4c5c(nc6ccccc46)CCCC5)ccc3n2CCC(C)C)cc1,8.500038134403809,1
CCOc1ccc(Cc2nc3cc(C(=O)NCCNc4c5c(nc6ccccc46)CCCC5)ccc3n2CCC(C)C)cc1,7.100015437450609,1
CCOc1ccc(Cc2nc3cc(C(=O)NCCOCCOCCNc4c5c(nc6ccccc46)CCCC5)ccc3n2CCC(C)C)cc1,6.399996913372259,1
CCOc1ccc(Cc2nc3cc(C(=O)NCCSSCCNc4c5c(nc6ccccc46)CCCC5)ccc3n2CCC(C)C)cc1,7.100015437450609,1
CCOc1ccc2[nH]c(SCc3cn(CC4CCN(Cc5ccccc5)CC4)nn3)nc2c1,5.161150909262744,0
CCOc1ccc2c(c1)O/C(=C\c1ccc(OCCN3CCCCC3)cc1)C2=O,7.346787486224656,1
CCOc1nn(-c2cccc(OCc3ccccc3)c2)c(=O)o1,6.1249387366083,1
CCSCC[N+](C)(C)C,2.8210000011975964,0
CCSc1nc(-c2ccc(Cl)cc2)nn1C(=O)N(C)C,7.251811972993799,1
CCSc1nc(-c2ccc(OC)cc2)nn1C(=O)N(C)c1ccccc1,5.958607314841775,0
CCSc1nc2sc3c(c2c(=O)n1-c1ccccc1)CCN(Cc1ccccc1)C3,5.292429823902063,0
CC[C@@H](CN1CCCC1=O)C(=O)NCCCCCCCNc1c2c(nc3cc(Cl)ccc13)C[C@H]1C=C(C)C[C@@H]2C1,8.3767507096021,1
CC[C@@H]1[C@H]2OC(=O)[C@@](C)(O)[C@H]2[C@]23CC[C@@H]([C@@H]4C[C@H](C)C(=O)O4)N2CCCC[C@H]13,4.162411561764489,0
CC[C@@]1(c2cccc(O)c2)CCCCN(CCCCCCCCCCN2CCCC[C@@](CC)(c3cccc(O)c3)C2)C1,5.236572006437063,0
CC[C@@]1(c2cccc(O)c2)CCCCN(CCCCCCCCCN2CCCC[C@@](CC)(c3cccc(O)c3)C2)C1,4.779891911959945,0
CC[C@@]1(c2cccc(OC(=O)Nc3ccccc3)c2)CCCCN(C)C1,6.562249437179612,1
CC[C@H](C)C(=O)OCCCc1cc(OC)c2oc(-c3ccc4c(c3)OCO4)cc2c1,5.229147988357855,0
CC[C@H](C)C(=O)OCCCc1ccc2oc(-c3ccc4c(c3)OCO4)cc2c1,5.214670164989233,0
CC[C@H](C)C1=N[C@H]2CC=C3C[C@H]4C(=O)C[C@]5(C)[C@@H]([C@H](C)N(C)C)[C@H](O)C[C@@]5(C)[C@@H]4CC[C@H]3[C@]2(C)CN1,5.416574499593493,0
CC[C@H](C)C1=N[C@H]2CC=C3C[C@H]4C(=O)C[C@]5(C)[C@@H]([C@H](C)N(C)C)[C@H](O)C[C@@]5(C)[C@@H]4CC[C@H]3[C@]2(C)CO1,6.576754126063192,1
CC[C@H](C)C1=N[C@H]2CC[C@]34C[C@]35C(=O)C[C@]3(C)[C@@H]([C@H](C)N(C)C)[C@H](O)C[C@@]3(C)[C@@H]5CC[C@H]4[C@]2(C)CN1,5.3597173703033185,0
CC[C@H]1C[C@@H]2CN3CCc4c([nH]c5cc([C@H]6C[C@H]7C(C(=O)OC)[C@H](Cc8c6[nH]c6ccccc86)N(C)C[C@H]7CC)ccc45)[C@](C(=O)OC)(C2)[C@H]13,7.1487416512809245,1
CC[C@H]1C[C@@H]2C[C@H]3c4[nH]c5cc([C@@H]6C[C@H]7C(C(=O)OC)[C@@H](Cc8c6[nH]c6ccccc86)N(C)C[C@H]7CC)ccc5c4CCN(C2)[C@@H]13,6.6439741428068775,1
CC[C@H]1O[C@@H]2O[C@H](/C=C/C=C/C=C/c3oc(=O)cc(OC/C=C(\C)C(=O)OC)c3C)[C@H](O)[C@]2(C)[C@@]1(C)O,4.826813731587726,0
CC[C@H]1[C@@H]2OC(=O)[C@@](C)(O)[C@@H]2[C@@]23CC[C@@H]([C@@H]4C[C@H](C)C(=O)O4)N2CCCC[C@H]13,4.767003889607846,0
CC[C@H]1[C@H](C[C@H](C)C(=O)OC)O[C@]23CC[C@@H]([C@@H]4C[C@H](C)C(=O)O4)N2CCCC[C@H]13,4.145693958198919,0
CC[C@H]1[C@H]2OC(=O)[C@](C)(O)[C@H]2[C@]23CC[C@@H]([C@@H]4C[C@@H](C)C(=O)O4)N2CCCC[C@@H]13,5.040958607678906,0
CC[C@]1(O)CC[C@H]2[C@@H]3CCC4=CCCC[C@@H]4[C@H]3CC[C@@]21C,5.186819467413988,0
CC[N+](C)(C)c1cccc(O)c1,5.8115323978014395,0
CC[N+](C)(CC)CCC[n+]1c(-c2ccccc2)c2cc(N)ccc2c2ccc(N)cc21,4.6233341864133735,0
CC[N+](C)(CC)CCS/C(=N\O)C(=O)c1ccc(F)cc1,3.142667503568731,0
CC[N+](C)(CCCCCC(=O)N(C)CCCCCCCCN(C)C(=O)CCCCC[N+](C)(CC)Cc1ccccc1)Cc1ccccc1,7.430041181903406,1
CC[N+](C)(CCCCCC(=O)N(C)CCCCCCCCN(C)C(=O)CCCCC[N+](C)(CC)Cc1ccccc1C(F)(F)F)Cc1ccccc1C(F)(F)F,7.9299621333922445,1
CC[N+](C)(CCCCCC(=O)N(C)CCCCCCCCN(C)C(=O)CCCCC[N+](C)(CC)Cc1ccccc1C)Cc1ccccc1C,7.779891911959945,1
CC[N+](C)(CCCCCC(=O)N(C)CCCCCCCCN(C)C(=O)CCCCC[N+](C)(CC)Cc1ccccc1Cl)Cc1ccccc1Cl,7.709965388637482,1
CC[N+](C)(CCCCCC(=O)N(C)CCCCCCCCN(C)C(=O)CCCCC[N+](C)(CC)Cc1ccccc1OC)Cc1ccccc1OC,7.940142489092464,1
CC[N+](C)(CCCCCC(=O)N(C)CCCCCCCCN(C)C(=O)CCCCC[N+](C)(CC)Cc1ccccc1[N+](=O)[O-])Cc1ccccc1[N+](=O)[O-],7.902562045997387,1
CC[N+](C)(CCCCCC(=O)N(CCCCCCCCN(C(=O)CCCCC[N+](C)(CC)Cc1ccccc1OC)C(C)C)C(C)C)Cc1ccccc1OC,8.090016305060155,1
CC[N+](C)(CCCCCC(=O)N1CCC(CCC2CCN(C(=O)CCCCC[N+](C)(CC)Cc3ccccc3OC)CC2)CC1)Cc1ccccc1OC,8.240030142445693,1
CC[N+](C)(CCCCCC(=O)N1CCC(CCCC2CCN(C(=O)CCCCC[N+](C)(CC)Cc3ccccc3OC)CC2)CC1)Cc1ccccc1OC,8.240030142445693,1
CC[N+](C)(CCCCCC(=O)Nc1ccc(CCc2ccc(NC(=O)CCCCC[N+](C)(CC)Cc3ccccc3OC)cc2)cc1)Cc1ccccc1OC,6.919987152892072,1
CC[N+](C)(CCCCCCOCCCCCCCCOCCCCCC[N+](C)(CC)Cc1ccccc1OC)Cc1ccccc1OC,7.110026361596004,1
CC[N+](CC)(CC)CCOCCOCCOC(=O)[C@]1(C)CCC[C@@]2(C)[C@@H]3CC[C@@]4(C)C[C@]3(CC[C@@H]21)CC4=O,4.096910013008056,0
CC[N+](CC)(CC)CCOc1cc(OCC[N+](CC)(CC)CC)c(C(=O)NCCCCCC(=O)NNc2c3c(nc4cc(Cl)ccc24)CCCC3)cc1OCC[N+](CC)(CC)CC,8.184422251675732,1
CC[N+](CC)(CC)CCOc1cc(OCC[N+](CC)(CC)CC)c(C(=O)NCCCCCC(=O)NNc2c3c(nc4ccccc24)CCCC3)cc1OCC[N+](CC)(CC)CC,5.2321251498570716,0
CC[N+](CC)(CC)CCOc1cc(OCC[N+](CC)(CC)CC)cc(C(=O)NCCCCCC(=O)NNc2c3c(nc4cc(Cl)ccc24)CCCC3)c1,8.170696227168975,1
CC[N+](CC)(CC)CCOc1cc(OCC[N+](CC)(CC)CC)cc(C(=O)NCCCCCC(=O)NNc2c3c(nc4ccccc24)CCCC3)c1,7.801342913045577,1
CC[N+](CC)(CC)CCOc1ccc(C(=O)NCCCCCC(=O)NNc2c3c(nc4cc(Cl)ccc24)CCCC3)cc1,8.26440110030182,1
CC[N+](CC)(CC)CCOc1ccc(C(=O)NCCCCCC(=O)NNc2c3c(nc4ccccc24)CCCC3)cc1,8.118615343229427,1
CC[N+](CC)(CC)CCOc1cccc(OCC[N+](CC)(CC)CC)c1OCC[N+](CC)(CC)CC,2.675717544702307,0
CC[N+](CC)(CCCCCn1c(=O)cc(C)n(CCCCCCn2c(C)cc(=O)n(C)c2=O)c1=O)Cc1ccccc1C(F)(F)F,9.698970004336019,1
CC[N+](CC)(CCCCCn1c(=O)cc(C)n(CCCCCCn2c(C)cc(=O)n(C)c2=O)c1=O)Cc1ccccc1[N+](=O)[O-],10.0,1
CC[N+](CC)(CCCCCn1c(=O)cc(C)n(CCCCCn2c(C)cc(=O)n(C)c2=O)c1=O)Cc1ccccc1C(F)(F)F,9.301029995663981,1
CC[N+](CC)(CCCCCn1c(=O)cc(C)n(CCCCCn2c(C)cc(=O)n(C)c2=O)c1=O)Cc1ccccc1[N+](=O)[O-],9.397940008672037,1
CC[N+](CC)(CCCCCn1c(=O)cc(C)n(CCCCn2c(C)cc(=O)n(C)c2=O)c1=O)Cc1ccccc1C(F)(F)F,9.0,1
CC[N+](CC)(CCCCCn1c(=O)cc(C)n(CCCCn2c(C)cc(=O)n(C)c2=O)c1=O)Cc1ccccc1[N+](=O)[O-],9.221848749616356,1
CC[N+](CC)(CCCCCn1c(=O)cc(C)n(CCCn2c(C)cc(=O)n(C)c2=O)c1=O)Cc1ccccc1C(F)(F)F,8.698970004336019,1
CC[N+](CC)(CCCCCn1c(=O)cc(C)n(CCCn2c(C)cc(=O)n(C)c2=O)c1=O)Cc1ccccc1[N+](=O)[O-],8.154901959985743,1
CC[N+](CC)(CCCCCn1c(C)cc(=O)n(CCCCC[N+](CC)(CC)Cc2ccccc2)c1=O)Cc1ccccc1,9.853871964321762,1
CC[N+](CC)(CCCCCn1c(C)cc(=O)n(CCCCC[N+](CC)(CC)Cc2ccccc2[N+](=O)[O-])c1=O)Cc1ccccc1[N+](=O)[O-],9.853871964321762,1
CC[N+]1(Cc2ccccc2[N+](=O)[O-])CCCCCC[N+](CC)(Cc2ccccc2[N+](=O)[O-])CCCCCn2c(=O)cc(C)n(c2=O)CCCCC1,7.229147988357855,1
CC[N+]1(Cc2ccccc2[N+](=O)[O-])CCCCCn2c(C)c3c(=O)n(c2=O)CCCCC[N+](CC)(Cc2ccccc2[N+](=O)[O-])CCCCCn2c(C)c(c(=O)n(c2=O)CCCCC1)C3,5.3979400086720375,0
CC[N+]1(Cc2ccccc2[N+](=O)[O-])CCCCCn2c(C)cc(=O)n(c2=O)CCCCC[N+](CC)(Cc2ccccc2[N+](=O)[O-])CCCCCn2c(=O)cc(C)n(c2=O)CCCCC1,6.886056647693163,1
CC[N+]1(Cc2ccccc2[N+](=O)[O-])CCCCCn2c(C)cc(=O)n(c2=O)CCCCC[N+](CC)(Cc2ccccc2[N+](=O)[O-])Cc2ccc(cc2)C1,8.154901959985743,1
CC[n+]1cc(C(=O)NC)cc2c(OC(=O)N(C)C)cccc21,6.503070351926786,1
CC[n+]1ccc(CCC(=O)C2Cc3cc(OC)c(OC)cc3S2)cc1,6.552841968657781,1
CC[n+]1ccc(CCC(=O)c2cc3cc(OC)c(OC)cc3s2)cc1,6.552841968657781,1
CCc1c(C(=O)NCCCCCCCNc2c3c(nc4ccccc24)CCCC3)nc(-c2ccccc2Cl)n1-c1ccc(Cl)cc1,5.899998417198647,0
CCc1c(C(=O)NCCCCNc2c3c(nc4ccccc24)CCCC3)nc(-c2ccccc2Cl)n1-c1ccc(Cl)cc1,6.499996931948306,1
CCc1c2c(nc3ccc(OC(=O)N4CCC(N5CCCCC5)CC4)cc13)-c1cc3c(c(=O)n1C2)COC(=O)[C@]3(O)CC,5.738261452647462,0
CCc1cc(=NCCC2CCN(Cc3ccccc3)CC2)[nH]nc1-c1ccccc1,7.3745461501495715,1
CCc1ccc(CN2CCC(c3cc4ccccc4o3)CC2)cc1,4.192262077985899,0
CCc1ccc(N2C(=O)C3CN(C)C4(C(=O)c5ccccc5C4=O)C3C2=O)cc1,4.351054817834328,0
CCc1ccc(NC(=O)COc2c(Cl)cc(Cl)cc2S(=O)(=O)N2CCN(C(=O)c3ccco3)CC2)cc1,5.2564902352715706,0
CCc1ccc(SC(=O)OCC[N+](C)(C)C)cc1,3.8010299956639813,0
CCc1cccc(CC)c1NC(=O)Oc1ccc2c(c1)[C@]1(C)CCN(C)[C@@H]1N2C,5.9925298251035315,0
CCc1ccccc1NC(=O)Oc1ccc2c(c1)[C@]1(C)CCN(C)O[C@@H]1N2C,7.187086643357144,1
CCc1ccccc1NC(=O)Oc1ccc2c(c1)[C@]1(C)CCN(C)[C@@H]1N2C,8.0,1
CCc1ccccc1NC(=O)Oc1ccc2c(c1)[C@]1(C)CC[N+](C)([O-])[C@@H]1N2C,6.903089986991944,1
CCc1ccccc1NC(=O)Oc1ccc2c(c1)[C@]1(C)CC[N@@+](C)([O-])[C@@H]1N2C,6.903089986991944,1
CCc1ccccc1SC(=O)OCC[N+](C)(C)C,4.301029995663981,0
CCc1nc(C(=O)NCCCCCCNc2c3c(nc4ccccc24)CCCC3)cc2c1[nH]c1ccccc12,7.00788851221305,1
CCc1nn(CCCN2CCN(c3cccc(Cl)c3)CC2)c(=O)n1CCOc1ccccc1,5.984221243610959,0
CCn1c(=O)n(C)s/c1=N\CCC1CCN(Cc2ccccc2)CC1,6.853871964321762,1
CCn1c(C)nc2cc(C(=O)CCC3CCN(Cc4ccccc4)CC3)ccc21,8.367680745909139,1
CCn1c2ccccc2c2cc(/C=C/c3cc(N4CCOCC4)c4ccccc4[n+]3C)ccc21,5.638272163982407,0
CCn1c2ccccc2c2cc(/C=C/c3ccc(NC(=S)NCCN4CCCC4)cc3)ccc21,5.578396073130168,0
CCn1c2ccccc2c2cc(/C=C/c3ccc4ccccc4[n+]3C)ccc21,6.522878745280337,1
CCn1cc(CNCc2c[nH]nc2-c2ccc(-c3ccccc3)cc2)cn1,6.455931955649724,1
CN(C(=O)NCc1ccccc1)C(=O)Oc1ccc2c(c1)[C@]1(C)CCN(C)C1N2C,5.200829788349542,0
CN(C(=O)Oc1ccc2c(c1)C(N)CC2)C1CCCCC1,5.402304814074488,0
CN(C(=O)Oc1ccc2c(c1)[C@]1(C)CCN(C)[C@@H]1N2C)c1ccccc1,6.353153024627117,1
CN(C)C(=O)NC1CCc2cc(O)ccc2C1,8.145086977692145,1
CN(C)C(=O)N[C@H]1CCc2c(O)cccc2C1,6.879327376717392,1
CN(C)C(=O)N[C@H]1CCc2ccc(O)cc2C1,6.985899678480379,1
CN(C)C(=O)Nc1cccc2n1cc(-c1ccc(OC(=O)N(C)C)cc1)[n+]2C,5.795880017344075,0
CN(C)C(=O)Oc1cc(OC(=O)N(C)C)cc(C(O)CNC(C)(C)C)c1,4.522878745280337,0
CN(C)C(=O)Oc1ccc(-c2cn3c(C(F)(F)F)cccc3[n+]2C)cc1,5.0,0
CN(C)C(=O)Oc1ccc(-c2cn3c(Cl)cccc3[n+]2C)cc1,4.899629454882437,0
CN(C)C(=O)Oc1ccc(-c2cn3c(NC(=O)c4ccccc4)cccc3[n+]2C)cc1,6.698970004336019,1
CN(C)C(=O)Oc1ccc(-c2cn3c(NC=O)cccc3[n+]2C)cc1,5.920818753952375,0
CN(C)C(=O)Oc1ccc(-c2cn3ccccc3[n+]2C)cc1,4.767003889607846,0
CN(C)C(=O)Oc1ccc(C(O)CNC2CCCCC2)cc1,3.575118363368933,0
CN(C)C(=O)Oc1ccc2c(c1)C(N(C)C)CC2,5.667561540084394,0
CN(C)C(=O)Oc1ccc2c(c1)C(N)CC2,6.119186407719209,1
CN(C)C(=O)Oc1ccc2c(c1)C(N)CCC2,5.8297382846050425,0
CN(C)C(=O)Oc1ccc2c(c1)C=CCN(C)[C@@H]2CCOc1ccc([N+](=O)[O-])cc1,7.853871964321762,1
CN(C)C(=O)Oc1ccc2c(c1)CC(N)CC2,5.489454989793388,0
CN(C)C(=O)Oc1ccc2c(c1)[C@]1(C)CCN(C)C1N2C,6.013114125538203,1
CN(C)C(=O)Oc1ccc2c(c1)[C@]1(C)CCN(C)[C@@H]1N2C,6.621399905565963,1
CN(C)C(=O)Oc1ccc[n+](C)c1,6.041886674970785,1
CN(C)C(=O)Oc1cccc(-c2cn3c(C(F)(F)F)cccc3[n+]2C)c1,4.473660722610156,0
CN(C)C(=O)Oc1cccc(-c2cn3c(Cl)cccc3[n+]2C)c1,4.899629454882437,0
CN(C)C(=O)Oc1cccc(-c2cn3ccccc3[n+]2C)c1,5.1487416512809245,0
CN(C)C(=O)Oc1cccc(C(=O)/C=C/c2ccc(O)cc2)c1,6.060480747381382,1
CN(C)C(=O)Oc1cccc(C(O)CNC2CCCCC2)c1,3.1012748184105066,0
CN(C)C(=O)Oc1cccc(CCN)c1,6.638272163982407,1
CN(C)C(=O)Oc1cccc([N+](C)(C)C)c1,7.031501393223127,1
CN(C)C(=O)Oc1cccc2c1C(N)CC2,6.337242168318426,1
CN(C)C(=O)Oc1cccc2c1CCC2N,8.045757490560675,1
CN(C)C(=O)Oc1cccc2c1CCC2N(C)C,7.886056647693163,1
CN(C)C(=O)Oc1cccc2c1cc(C(=O)N(C)C)c[n+]2C,6.8124792791635365,1
CN(C)C(=O)Oc1cccc2c1cc(C(=O)NC1CCCCC1)c[n+]2C,7.698970004336019,1
CN(C)C(=O)Oc1cccc2c1cc(C(=O)NCCOCCO)c[n+]2C,7.431798275933005,1
CN(C)C(=O)Oc1cccc2c1cc(C(=O)NCCOCCOCCN1C(=O)c3ccccc3C1=O)c[n+]2C,8.221848749616356,1
CN(C)C(=O)Oc1cccc2c1cc(C(=O)Nc1ccccc1)c[n+]2C,7.522878745280337,1
CN(C)C(=O)[C@H]1C[C@@H]1c1ccc(-c2ncn(C)c2Sc2ccc(Cl)cn2)cc1,5.787812395596042,0
CN(C)C1CCC(CCN(CCCc2c[nH]c3ccccc23)CCC2CCCCCC2)CC1,4.9837659492936535,0
CN(C)CC(C)(C)c1cccc(OC(=O)NCCCCN2CCOCC2)c1,6.022878745280337,1
CN(C)CCCC1(c2ccc(F)cc2)OCc2cc(C#N)ccc21,4.134896025358872,0
CN(C)CCCCCCCCCCCCNc1c2c(nc3ccccc13)CCCC2,6.578396073130168,1
CN(C)CCCCCCCCCCNc1c2c(nc3ccccc13)CCCC2,7.346787486224656,1
CN(C)CCCCCCCCCNc1c2c(nc3ccccc13)CCCC2,7.1487416512809245,1
CN(C)CCCCCCCCNc1c2c(nc3ccccc13)CCCC2,7.327902142064282,1
CN(C)CCCCCCCNc1c2c(nc3ccccc13)CCCC2,7.2839966563652006,1
CN(C)CCCCCCOc1ccc(C(=O)/C=C/c2ccccc2)cc1,4.846490010699163,0
CN(C)CCCCCOc1ccc(C(=O)/C=C/c2ccccc2)cc1,4.883724412419456,0
CN(C)CCCCN1N=C2c3sccc3CCC2CC1=O,5.196542884351587,0
CN(C)CCCCOc1ccc(C(=O)/C=C/c2ccccc2)cc1,5.048176964684088,0
CN(C)CCCN(c1nc2ccccc2[nH]1)c1nc2ccccc2[nH]1,4.224171185535387,0
CN(C)CCCN1C(=O)CSC1c1ccc(Cl)cc1,3.700000003258169,0
CN(C)CCCN1C(=O)CSC1c1ccc(Cl)cc1Cl,4.504319129747311,0
CN(C)CCCN1C(=O)CSC1c1ccc(F)cc1,3.600000005447872,0
CN(C)CCCN1C(=O)CSC1c1ccc(F)cc1Cl,4.0915149811213505,0
CN(C)CCCN1C(=O)CSC1c1ccc(F)cc1F,4.011138197355576,0
CN(C)CCCN1C(=O)CSC1c1ccc2c(c1)OCO2,3.9788107009300617,0
CN(C)CCCN1C(=O)CSC1c1cccc(Cl)c1,4.6020599913279625,0
CN(C)CCCN1C(=O)CSC1c1cccc(Cl)c1Cl,5.378273754785196,0
CN(C)CCCN1C(=O)CSC1c1cccc(F)c1,4.013228265733755,0
CN(C)CCCN1C(=O)CSC1c1cccc(F)c1F,5.121333815951464,0
CN(C)CCCN1C(=O)CSC1c1cccc2ccccc12,3.7520267336381936,0
CN(C)CCCN1C(=O)CSC1c1ccccc1Cl,3.8864476028519275,0
CN(C)CCCN1C(=O)CSC1c1ccccc1F,3.499999994529685,0
CN(C)CCCN1C(=O)CSC1c1cccnc1,3.7011469235902936,0
CN(C)CCCOc1ccc(C(=O)/C=C/c2ccccc2)cc1,4.980053318321158,0
CN(C)CCCOc1cccc(/C=C2\COc3ccccc3C2=O)c1,4.5897290357478155,0
CN(C)CCC[C@@]1(c2ccc(F)cc2)OCc2cc(-c3nnc(-c4ccc(-c5nnn[nH]5)cc4)[nH]3)ccc21,3.5991685508837747,0
CN(C)CCC[C@@]1(c2ccc(F)cc2)OCc2cc(-c3nnc(-c4ccc(Cl)cc4)[nH]3)ccc21,5.1732774798310075,0
CN(C)CCC[C@@]1(c2ccc(F)cc2)OCc2cc(-c3nnc(-c4ccc(F)cc4)[nH]3)ccc21,3.583975595973466,0
CN(C)CCC[C@@]1(c2ccc(F)cc2)OCc2cc(-c3nnc(-c4ccc(O)cc4)[nH]3)ccc21,3.4116610527660463,0
CN(C)CCC[C@@]1(c2ccc(F)cc2)OCc2cc(-c3nnc(-c4cccc(Cl)c4)[nH]3)ccc21,3.3845128816013412,0
CN(C)CCC[C@@]1(c2ccc(F)cc2)OCc2cc(-c3nnc(-c4cccc([N+](=O)[O-])c4)[nH]3)ccc21,3.8593976919796678,0
CN(C)CCC[C@@]1(c2ccc(F)cc2)OCc2cc(-c3nnc(-c4ccccc4F)[nH]3)ccc21,3.726975566181536,0
CN(C)CCC[C@@]1(c2ccc(F)cc2)OCc2cc(-c3nnc(-c4ccccc4I)[nH]3)ccc21,3.5082042286864086,0
CN(C)CCC[C@@]1(c2ccc(F)cc2)OCc2cc(-c3nnc(-c4ccccc4N)[nH]3)ccc21,3.444035415258578,0
CN(C)CCN=C(S)Nc1cccc(Cl)c1,3.853871964321762,0
CN(C)CCNC(=O)COc1cc(O)c2c(=O)c(-c3ccc(O)cc3)coc2c1,5.560667306169737,0
CN(C)CCNc1cc(NCCSCc2ccc(CN(C)C)o2)c([N+](=O)[O-])cc1[N+](=O)[O-],6.2839966563652006,1
CN(C)CCOC(=O)/C=C/c1ccc2oc(C(=O)Nc3ccc(Cl)cc3)cc(=O)c2c1,5.913640169325252,0
CN(C)CCOC(=O)/C=C/c1ccc2oc(C(=O)Nc3cccc(Cl)c3)cc(=O)c2c1,5.22767829327708,0
CN(C)CCOC(=O)/C=C/c1ccc2oc(C(=O)Nc3ccccc3)cc(=O)c2c1,6.130768280269024,1
CN(C)CCOC(=O)/C=C/c1ccc2occ(C(=O)Nc3ccc(Cl)cc3)c(=O)c2c1,5.030584087646019,0
CN(C)CCOC(=O)/C=C/c1ccc2occ(C(=O)Nc3ccccc3)c(=O)c2c1,5.432973633840939,0
CN(C)CCOc1ccc(-c2nc3cc(Cl)ccc3[nH]2)cc1,5.095825631715837,0
CN(C)CCOc1ccc(-c2nc3ccccc3[nH]2)cc1,4.9714287473074625,0
CN(C)CCOc1ccc(/C=C2\COc3ccccc3C2=O)cc1,6.18243463044022,1
CN(C)CCOc1ccc(C(=O)/C=C/c2ccccc2)cc1,5.329754146925875,0
CN(C)CCOc1cccc(/C=C2\COc3ccccc3C2=O)c1,5.850780887344619,0
CN(C)CCS/C(=N\O)C(=O)c1ccc(Br)cc1,3.1487416512809245,0
CN(C)CCc1cccc(OC(=O)N(C)C)c1,6.795880017344075,1
CN(C)Cc1c(O)c(O)c(O)c2c(=O)cc(-c3ccccc3)oc12,4.086239113587677,0
CN(C)Cc1cc(N)ccc1O,2.8134674354076026,0
CN(C)Cc1cc2c(cc1OC(=O)Nc1ccccc1)[C@]1(C)CCN(C)[C@@H]1N2C,5.854871365302741,0
CN(C)Cc1ccc(CNCCN2CCNC2=C(C#N)C#N)o1,6.4089353929735005,1
CN(C)Cc1ccc(CSCC/N=C/NCCSCc2ccc(CN(C)C)o2)o1,5.522878745280337,0
CN(C)Cc1ccc(CSCCCCCCCCCCSCc2ccc(CN(C)C)o2)o1,5.886056647693163,0
CN(C)Cc1ccc(CSCCCCCCCCCSCc2ccc(CN(C)C)o2)o1,6.337242168318426,1
CN(C)Cc1ccc(CSCCCCCCCCSCc2ccc(CN(C)C)o2)o1,6.327902142064282,1
CN(C)Cc1ccc(CSCCCCCCCSCc2ccc(CN(C)C)o2)o1,6.214670164989233,1
CN(C)Cc1ccc(CSCCCCCCSCc2ccc(CN(C)C)o2)o1,6.130768280269024,1
CN(C)Cc1ccc(CSCCCCCSCc2ccc(CN(C)C)o2)o1,6.045757490560675,1
CN(C)Cc1ccc(CSCCCCSCc2ccc(CN(C)C)o2)o1,6.6777807052660805,1
CN(C)Cc1ccc(CSCCCSCc2ccc(CN(C)C)o2)o1,6.481486060122112,1
CN(C)Cc1ccc(CSCCN/C=C(/NCCSCc2ccc(CN(C)C)o2)[N+](=O)[O-])o1,7.130768280269024,1
CN(C)Cc1ccc(CSCCNC(=NC#N)NCCSCc2ccc(CN(C)C)o2)o1,6.537602002101044,1
CN(C)Cc1ccc(CSCCNC(=O)CSCc2ccc(CN(C)C)o2)o1,5.6020599913279625,0
CN(C)Cc1ccc(CSCCNC(=O)NCCSCc2ccc(CN(C)C)o2)o1,4.318758762624412,0
CN(C)Cc1ccc(CSCCNc2cc(F)c([N+](=O)[O-])cc2[N+](=O)[O-])o1,6.920818753952375,1
CN(C)Cc1ccc(CSCCNc2cc(N)c([N+](=O)[O-])cc2[N+](=O)[O-])o1,7.080921907623926,1
CN(C)Cc1ccc(CSCCNc2cc(NCCCN3CCOCC3)c([N+](=O)[O-])cc2[N+](=O)[O-])o1,6.431798275933005,1
CN(C)Cc1ccc(CSCCNc2cc(NCCSCc3ccc(CN(C)C)o3)c([N+](=O)[O-])cc2[N+](=O)[O-])o1,7.552841968657781,1
CN(C)Cc1ccc(CSCCNc2cc(NCc3ccccc3)c([N+](=O)[O-])cc2[N+](=O)[O-])o1,6.161150909262744,1
CN(C)Cc1ccc(CSCCNc2cc(NCc3ccccn3)c([N+](=O)[O-])cc2[N+](=O)[O-])o1,5.886056647693163,0
CN(C)Cc1ccc(CSCCNc2cc(NCc3cccnc3)c([N+](=O)[O-])cc2[N+](=O)[O-])o1,6.508638306165727,1
CN(C)Cc1ccc(CSCCNc2cc(NN)c([N+](=O)[O-])cc2[N+](=O)[O-])o1,7.119186407719209,1
CN(C)Cc1ccc(CSCCNc2cc(Nc3ccc(F)cc3)c([N+](=O)[O-])cc2[N+](=O)[O-])o1,6.167491087293763,1
CN(C)Cc1ccc(CSCCNc2cc(Nc3ccccc3)c([N+](=O)[O-])cc2[N+](=O)[O-])o1,6.1938200260161125,1
CN(C)Cc1ccc(CSCCNc2cc(Nc3ccccc3C#N)c([N+](=O)[O-])cc2[N+](=O)[O-])o1,6.200659450546418,1
CN(C)Cc1ccc(CSCCNc2cc(Nc3ncccc3[N+](=O)[O-])c([N+](=O)[O-])cc2[N+](=O)[O-])o1,6.187086643357144,1
CN(C)Cc1ccc(CSCCNc2cc(Oc3ccc([N+](=O)[O-])cc3)c([N+](=O)[O-])cc2[N+](=O)[O-])o1,6.568636235841012,1
CN(C)Cc1ccc(CSCCNc2ccc(F)cc2[N+](=O)[O-])o1,6.187086643357144,1
CN(C)Cc1ccc(CSCCNc2ccc([N+](=O)[O-])cc2[N+](=O)[O-])o1,6.698970004336019,1
CN(C)Cc1ccc(CSCCNc2cccc(F)c2C#N)o1,5.6777807052660805,0
CN(C)Cc1ccc(CSCCNc2nnccc2[N+](=O)[O-])o1,6.327902142064282,1
CN(C)Cc1ccc(CSCCSCc2ccc(CN(C)C)o2)o1,6.301029995663981,1
CN(C)Cc1ccc(CSCc2ccc(-c3ccc(CSCc4ccc(CN(C)C)o4)cc3)cc2)o1,6.7447274948966935,1
CN(C)Cc1ccc(CSCc2ccc(CN(C)C)o2)o1,4.356547323513812,0
CN(C)Cc1ccc(CSCc2ccc(CSCc3ccc(CN(C)C)o3)cc2)o1,6.585026652029182,1
CN(C)Cc1ccc(CSCc2cccc(CSCc3ccc(CN(C)C)o3)c2)o1,5.823908740944319,0
CN(C)Cc1ccc(CSCc2ccccc2CSCc2ccc(CN(C)C)o2)o1,5.045757490560675,0
CN(C)S(=O)(=O)NC1CCc2c(O)cccc2C1,7.510744831630739,1
CN(C)S(=O)(=O)NC1CCc2ccc(O)cc2C1,7.432150549426893,1
CN(C)S(=O)(=O)N[C@H]1CCc2cc(O)ccc2C1,7.554863031286696,1
CN(C)c1ccc(-c2c3cc(O)c(=O)cc-3oc3cc(O)c(O)cc23)cc1,4.657577319177793,0
CN(C)c1ccc(/C=C/C(=O)C2CCc3ccccc3C2=O)cc1,4.4040630937308265,0
CN(C)c1ccc(/C=C/c2ccc3ccccc3[n+]2C)cc1,6.301029995663981,1
CN(C)c1ccc(/C=C2/CCC/C(=C\c3ccc(N(C)C)cc3[N+](=O)[O-])C2=O)c([N+](=O)[O-])c1,4.3439976793170425,0
CN(C)c1ccc(/C=C2/CNC/C(=C\c3ccc(N(C)C)cc3[N+](=O)[O-])C2=O)c([N+](=O)[O-])c1,6.055517327849831,1
CN(C)c1ccc(/C=C2/COC/C(=C\c3ccc(N(C)C)cc3[N+](=O)[O-])C2=O)c([N+](=O)[O-])c1,5.8124792791635365,0
CN(C)c1ccc(/C=C2/S/C(=N/c3ccc4oc(=O)ccc4c3)NC2=O)cc1,7.075720713938118,1
CN(C)c1ccc(/C=C2\CCc3ccccc3C2=O)c([N+](=O)[O-])c1,4.100672050122346,0
CN(C)c1ccc(/C=N/c2ccc3oc(=O)ccc3c2)cc1,7.3872161432802645,1
CN(C)c1ccc(C(=C2C=CC(=[N+](C)C)C=C2)c2ccc(N(C)C)cc2)cc1,5.2330669061627155,0
CN(C)c1ccc(C(=O)NCCCCCCCCCNc2c3c(nc4ccccc24)CCCC3)cc1,6.903089986991944,1
CN(C)c1ccc(C(=O)NCCCCCCCCNc2c3c(nc4ccccc24)CCCC3)cc1,7.113509274827518,1
CN(C)c1ccc(C(=O)NCCCCCCCNc2c3c(nc4ccccc24)CCCC3)cc1,7.1249387366083,1
CN(C)c1ccc(C(=O)NCCCCCCNc2c3c(nc4ccccc24)CCCC3)cc1,7.1938200260161125,1
CN(C)c1ccc(C(=O)NCCCCCNc2c3c(nc4ccccc24)CCCC3)cc1,6.447331783887806,1
CN(C)c1ccc(C(=O)NCCCCNc2c3c(nc4ccccc24)CCCC3)cc1,6.530177984021837,1
CN(C)c1ccc(C(=O)NCCCNc2c3c(nc4ccccc24)CCCC3)cc1,7.721246399047171,1
CN(C)c1ccc(C(=O)NCCNc2c3c(nc4ccccc24)CCCC3)cc1,5.882463142650247,0
CN(C)c1ccc(C2NC(=S)Nc3nc4c(c(N)c32)CCCC4)cc1,4.617982957425132,0
CN(C)c1cccc(OC(=O)Nc2ccccc2)c1,5.6020599913279625,0
CN(C)c1ccccc1CNCCCCCCCCCNc1c2c(nc3ccccc13)CCCC2,8.453457336521868,1
CN(C)c1ccccc1CNCCCCCCCCNc1c2c(nc3ccccc13)CCCC2,8.393618634889394,1
CN(C)c1ccccc1CNCCCCCCCNc1c2c(nc3ccccc13)CCCC2,8.285670240254767,1
CN(CCC(=O)N1CCN(CCNc2c3c(nc4ccccc24)CCCC3)CC1)C1CCCCC1,7.826813731587726,1
CN(CCC(=O)N1CCN(CCNc2c3c(nc4ccccc24)CCCC3)CC1)c1ccccc1,7.153044674980176,1
CN(CCC(=O)NCCCCNc1c2c(nc3ccccc13)CCCC2)C1CCCCC1,6.982966660701219,1
CN(CCC(=O)NCCCNc1c2c(nc3ccccc13)CCCC2)C1CCCCC1,6.400116927926312,1
CN(CCC(=O)NCCNc1c2c(nc3ccccc13)CCCC2)C1CCCCC1,6.236572006437063,1
CN(CCC1CCCCCC1)Cc1c[nH]c2c(O)cccc12,4.935804164135357,0
CN(CCC1CCCCCC1)Cc1c[nH]c2c(OC(=O)N(C)C(C)(C)C)cccc12,4.998179782961672,0
CN(CCC1CCCCCC1)Cc1c[nH]c2c(OC(=O)N(C)C)cccc12,6.252899068635013,1
CN(CCC1CCCCCC1)Cc1c[nH]c2c(OC(=O)N(C)Cc3ccccc3)cccc12,6.274741933640039,1
CN(CCC1CCCCCC1)Cc1c[nH]c2c(OC(=O)N(C)N(C)C)cccc12,5.2549252084179425,0
CN(CCC1CCCCCC1)Cc1c[nH]c2c(OC(=O)N3CCCCC3)cccc12,6.276462238467943,1
CN(CCC1CCCCCC1)Cc1c[nH]c2c(OC(=O)N3CCOCC3)cccc12,5.445631999009912,0
CN(CCC1CCCCCC1)Cc1c[nH]c2cc(OC(=O)N(C)C)ccc12,5.172695358910265,0
CN(CCC1CCCCCC1)Cc1c[nH]c2ccccc12,4.598599459218456,0
CN(CCC1CCN(Cc2ccccc2)CC1)C(=O)c1ccccc1,6.769551078621726,1
CN(CCC1CCN(Cc2ccccc2)CC1)Cc1c[nH]c2ccccc12,4.4699284311626215,0
CN(CCCC(F)F)Cc1ccc(COc2ccc3c(CO)cc(=O)oc3c2)cc1,6.259637310505756,1
CN(CCCCCCCCCCCCOc1ccc2c(=O)c3ccccc3oc2c1)Cc1ccccc1,3.041914151478915,0
CN(CCCCCCCCCCCCn1cc(C=O)c2cc(O)ccc21)Cc1cccc(O)c1,3.7508261105928877,0
CN(CCCCCCCCCCCOc1ccc2c(=O)c3ccccc3oc2c1)Cc1ccccc1,3.2034256667895704,0
CN(CCCCCCCCCCOc1ccc2c(=O)c3ccccc3oc2c1)Cc1ccccc1,3.4111682744057923,0
CN(CCCCCCCCCOc1ccc2c(=O)c3ccccc3oc2c1)Cc1ccccc1,3.8181564120552274,0
CN(CCCCCCCCN1C(=O)c2ccccc2C1=O)Cc1cccc(Cl)c1,5.981299501333757,0
CN(CCCCCCCCN1C(=O)c2ccccc2C1=O)Cc1ccccc1,6.065501548756432,1
CN(CCCCCCCCN1C(=O)c2ccccc2C1=O)Cc1ccccc1F,6.1911141326401875,1
CN(CCCCCCCCOc1ccc2c(=O)c3ccccc3oc2c1)Cc1ccccc1,4.987162775294828,0
CN(CCCCCCCN1C(=O)c2ccccc2C1=O)Cc1cccc(Cl)c1,5.885055584287415,0
CN(CCCCCCCN1C(=O)c2ccccc2C1=O)Cc1ccccc1,6.001304841688344,1
CN(CCCCCCCN1C(=O)c2ccccc2C1=O)Cc1ccccc1F,6.204119982655925,1
CN(CCCCCCCOc1ccc(-c2cc3ccccc3o2)cc1)Cc1ccccc1,4.486782399932061,0
CN(CCCCCCCOc1ccc(-c2oc3ccccc3c2C(=O)c2c3ccccc3cc3ccccc23)cc1)Cc1ccccc1,4.169411331314856,0
CN(CCCCCCCOc1ccc(-c2oc3ccccc3c2C(=O)c2ccc(OCCN3CCOCC3)cc2)cc1)Cc1ccccc1,4.4089353929735005,0
CN(CCCCCCCOc1ccc(-c2oc3ccccc3c2C(=O)c2cccc3ccccc23)cc1)Cc1ccccc1,3.995678626217358,0
CN(CCCCCCCOc1ccc(-c2oc3ccccc3c2C(=O)c2ccccc2)cc1)Cc1ccccc1,4.39040559077478,0
CN(CCCCCCCOc1ccc2c(=O)c3ccccc3oc2c1)Cc1ccc(Cl)cc1,2.9788107009300617,0
CN(CCCCCCCOc1ccc2c(=O)c3ccccc3oc2c1)Cc1cccc(Cl)c1,3.2262135550188065,0
CN(CCCCCCCOc1ccc2c(=O)c3ccccc3oc2c1)Cc1ccccc1,5.549750891680639,0
CN(CCCCCCCOc1ccc2c(=O)c3ccccc3oc2c1)Cc1ccccc1Cl,3.3635121036466344,0
CN(CCCCCCCOc1ccc2c(=O)c3ccccc3oc2c1)Cc1ccccc1[N+](=O)[O-],3.3840499483435993,0
CN(CCCCCCCOc1ccc2c(c1)O/C(=C\c1cccc3ccccc13)C2=O)Cc1cccc(O)c1,1.3045183235098028,0
CN(CCCCCCCOc1cccc(-c2oc3ccccc3c2C(=O)c2ccccc2)c1)Cc1ccccc1,6.619788758288394,1
CN(CCCCCCN1C(=O)c2ccccc2C1=O)Cc1cccc(Cl)c1,5.924818145381309,0
CN(CCCCCCN1C(=O)c2ccccc2C1=O)Cc1ccccc1,5.737311655698304,0
CN(CCCCCCN1C(=O)c2ccccc2C1=O)Cc1ccccc1F,5.70071066591232,0
CN(CCCCCCOc1ccc(/C=C2\COc3ccccc3C2=O)cc1)Cc1ccccc1,4.388276691992658,0
CN(CCCCCCOc1ccc2c(=O)c3ccccc3oc2c1)Cc1ccccc1,5.539102157243452,0
CN(CCCCCN1C(=O)c2ccccc2C1=O)Cc1cccc(Cl)c1,6.270025714300445,1
CN(CCCCCN1C(=O)c2ccccc2C1=O)Cc1ccccc1,6.442492798094342,1
CN(CCCCCN1C(=O)c2ccccc2C1=O)Cc1ccccc1F,6.279840696594043,1
CN(CCCCCN1C(=O)c2ccccc2S1(=O)=O)Cc1ccccc1,7.481486060122112,1
CN(CCCCCNc1ccc(-c2ccccc2)nn1)Cc1ccccc1,6.081142665857544,1
CN(CCCCCOc1ccc(-c2cc3ccccc3o2)cc1)Cc1ccccc1,3.667561540084395,0
CN(CCCCCOc1ccc2c(=O)c3ccccc3oc2c1)Cc1ccccc1,5.156570192833118,0
CN(CCCCCOc1ccc2ccc(=O)oc2c1)Cc1cccc(OC(=O)NCCCCCc2ccccc2)c1,7.055024091587952,1
CN(CCCCNc1c2c(nc3c(NC(=O)CNC(=O)CC[C@H](NC(=O)CNC(=O)OCc4ccccc4)C(=O)N[C@@H](Cc4ccccc4)C(=O)OCc4ccccc4)cccc13)CCCC2)CCCNc1c2c(nc3ccccc13)CCCC2,3.94692155651658,0
CN(CCCCNc1ccc(-c2ccccc2)nn1)Cc1ccccc1,4.958607314841775,0
CN(CCCCOc1ccc2c(=O)c3ccccc3oc2c1)Cc1ccccc1,5.204119982655925,0
CN(CCCCOc1ccc2c(c1)oc(=O)c1ccccc12)Cc1ccccc1,5.958607314841775,0
CN(CCCCOc1ccc2c3c(c(=O)oc2c1)CCCC3)Cc1ccccc1,6.0,1
CN(CCCN1CCN(CCNc2c3c(nc4ccccc24)CCCC3)CC1)C1CCCCC1,7.39040559077478,1
CN(CCCN1CCN(CCNc2c3c(nc4ccccc24)CCCC3)CC1)c1ccccc1,7.071604147743287,1
CN(CCCNC(=O)CCc1c[nH]c2ccccc12)CCCNc1c2c(nc3cc(Cl)ccc13)CCCC2,8.537602002101044,1
CN(CCCNC(=O)CCc1c[nH]c2ccccc12)CCCNc1c2c(nc3ccccc13)CCCC2,6.8326826652518236,1
CN(CCCNc1c2c(nc3ccccc13)CCCC2)CCCNc1c2c(nc3ccccc13)CCCC2,9.522878745280337,1
CN(CCCNc1ccc(-c2ccccc2)nn1)Cc1ccccc1,4.886056647693163,0
CN(CCCO)Cc1ccc(COc2ccc3c(CO)cc(=O)oc3c2)cc1,5.657577319177793,0
CN(CCCOc1ccc([N+](=O)[O-])cc1)C(=O)c1cnc(CC(=O)c2ccc3c(c2)OCO3)nc1,6.004364805402449,1
CN(CCCOc1ccc([N+](=O)[O-])cc1)C(=O)c1cnc(CC(=O)c2ccccc2)nc1,5.002613615602687,0
CN(CCCOc1ccc([N+](=O)[O-])cc1)C(=O)c1cnc(CC(=O)c2cccs2)nc1,6.055517327849831,1
CN(CCCOc1ccc2c(=O)c3ccccc3oc2c1)Cc1cccc(OC(=O)NCCCCCCCCCN2CCOCC2)c1,7.662501783073189,1
CN(CCCOc1ccc2c(=O)c3ccccc3oc2c1)Cc1cccc(OC(=O)NCCCCCCCCN2CCOCC2)c1,7.562249437179612,1
CN(CCCOc1ccc2c(=O)c3ccccc3oc2c1)Cc1cccc(OC(=O)NCCCCCCCN2CCOCC2)c1,7.581698708680254,1
CN(CCCOc1ccc2c(=O)c3ccccc3oc2c1)Cc1cccc(OC(=O)NCCCCCCN2CCOCC2)c1,7.675717544702307,1
CN(CCCOc1ccc2c(=O)c3ccccc3oc2c1)Cc1cccc(OC(=O)Nc2ccccc2)c1,8.55284196865778,1
CN(CCCOc1ccc2c(=O)c3ccccc3oc2c1)Cc1ccccc1,5.571865205971211,0
CN(CCCOc1ccc2c(=O)c3cccnc3oc2c1)Cc1cccc(OC(=O)NCCCCCCCN2CCOCC2)c1,6.856985199745905,1
CN(CCCOc1ccc2c(=O)c3cccnc3oc2c1)Cc1cccc(OC(=O)NCCCCCc2ccccc2)c1,7.048176964684088,1
CN(CCCOc1ccc2c(c1)oc(=O)c1ccccc12)Cc1cccc(OC(=O)NCCCCCc2ccccc2)c1,6.4089353929735005,1
CN(CCCOc1ccc2c(c1)oc(=O)c1ccccc12)Cc1ccccc1,5.070581074285707,0
CN(CCCOc1ccc2c3c(c(=O)oc2c1)CCCC3)Cc1cccc(OC(=O)NCCCCCc2ccccc2)c1,7.046240308266771,1
CN(CCCOc1ccc2c3c(c(=O)oc2c1)CCCC3)Cc1ccccc1,5.6777807052660805,0
CN(CCCOc1ccc2cc(-c3ccc(Cl)cc3)c(=O)oc2c1)Cc1cccc(OC(=O)NCCCCCc2ccccc2)c1,6.045757490560675,1
CN(CCCOc1ccc2cc(-c3ccccc3)c(=O)oc2c1)Cc1cccc(OC(=O)NCCCCCc2ccccc2)c1,6.903089986991944,1
CN(CCCOc1ccc2ccc(=O)oc2c1)Cc1cccc(OC(=O)NC2CCCC2)c1,6.283162276700475,1
CN(CCCOc1ccc2ccc(=O)oc2c1)Cc1cccc(OC(=O)NC2CCCCC2)c1,6.982966660701219,1
CN(CCCOc1ccc2ccc(=O)oc2c1)Cc1cccc(OC(=O)NCCCCCCCN2CCOCC2)c1,6.924453038607469,1
CN(CCCOc1ccc2ccc(=O)oc2c1)Cc1cccc(OC(=O)NCCCCCCc2ccccc2)c1,6.962573502059376,1
CN(CCCOc1ccc2ccc(=O)oc2c1)Cc1cccc(OC(=O)NCCCCCc2ccccc2)c1,7.125518182300533,1
CN(CCNc1ccc(-c2ccccc2)nn1)Cc1ccccc1,3.769551078621726,0
CN(CCOCCCNC(=S)NC(=O)c1ccccc1)Cc1ccccc1,5.958607314841775,0
CN(CCOCCNC(=O)Nc1ccc([N+](=O)[O-])cc1)Cc1ccccc1,5.638272163982407,0
CN(CCOCCNC(=S)NC(=O)c1ccc(-c2ccccc2)cc1)Cc1ccccc1,6.638272163982407,1
CN(CCOCCNC(=S)NC(=O)c1ccc(Cl)c(Cl)c1)Cc1ccccc1,7.259637310505756,1
CN(CCOCCNC(=S)NC(=O)c1ccc(Cl)cc1)Cc1ccccc1,7.522878745280337,1
CN(CCOCCNC(=S)NC(=O)c1ccc2c(c1)C(=O)c1ccccc1-2)Cc1ccccc1,7.522878745280337,1
CN(CCOCCNC(=S)NC(=O)c1ccc2c(c1)C(=O)c1ccccc1C2=O)Cc1ccccc1,8.221848749616356,1
CN(CCOCCNC(=S)NC(=O)c1ccc2ccccc2c1)Cc1ccccc1,7.0,1
CN(CCOCCNC(=S)NC(=O)c1cccc([N+](=O)[O-])c1)Cc1ccccc1,7.823908740944319,1
CN(CCOCCNC(=S)NC(=O)c1ccccc1)C1CCCCC1,7.886056647693163,1
CN(CCOCCNC(=S)NC(=O)c1ccccc1)Cc1ccccc1,6.920818753952375,1
CN(CCOCCNC(=S)NC1CCCCC1)Cc1ccccc1,5.853871964321762,0
CN(CCOCCNC(=S)Nc1ccc(Cl)cc1)Cc1ccccc1,5.7447274948966935,0
CN(CCOCCNC(=S)Nc1ccc(OC(F)(F)F)cc1)Cc1ccccc1,6.0,1
CN(CCOCCNC(=S)Nc1cccc2ccccc12)Cc1ccccc1,5.0,0
CN(CCOCCNC(=S)Nc1ccccn1)Cc1ccccc1,5.3979400086720375,0
CN(CCOc1ccc2c(c1)oc(=O)c1ccccc12)Cc1ccccc1,5.173925197299173,0
CN(CCOc1ccc2c3c(c(=O)oc2c1)CCCC3)Cc1ccccc1,5.552841968657781,0
CN(CCc1cccnc1)Cc1ccc(COc2ccc3c(CO)cc(=O)oc3c2)cc1,4.97469413473523,0
CN(CCc1cccs1)Cc1ccc(COc2ccc3c(CO)cc(=O)oc3c2)cc1,5.1791420105603,0
CN(CCc1ccsc1)Cc1ccc(COc2ccc3c(CO)cc(=O)oc3c2)cc1,5.498940737782249,0
CN(CCn1cc[n+](C)c1/C=N/O)S(C)(=O)=O,5.167491087293763,0
CN(Cc1ccc(C#N)cc1)Cc1ccc(COc2ccc3ccc(=O)oc3c2)cc1,5.221848749616356,0
CN(Cc1ccc(C(=O)NCCc2c[nH]c3ccccc23)cc1)Cc1cccc(Cl)c1,5.292429823902063,0
CN(Cc1ccc(C(=O)NCCc2c[nH]c3ccccc23)cc1)Cc1ccccc1Cl,5.42021640338319,0
CN(Cc1ccc(C(C)(C)C)cc1)Cc1cccc2ccccc12,5.160704256295315,0
CN(Cc1ccc(COc2ccc3c(CO)cc(=O)oc3c2)cc1)Cc1cccc(Cl)c1,6.481486060122112,1
CN(Cc1ccc(COc2ccc3c(CO)cc(=O)oc3c2)cc1)Cc1cccc(F)c1,6.481486060122112,1
CN(Cc1ccc(COc2ccc3c(CO)cc(=O)oc3c2)cc1)Cc1cccnc1,6.006563769502389,1
CN(Cc1ccc(COc2ccc3c(CO)cc(=O)oc3c2)cc1)Cc1ccco1,6.0798766737092755,1
CN(Cc1ccc(COc2ccc3c(CO)cc(=O)oc3c2)cc1)Cc1cccs1,6.300162274132754,1
CN(Cc1ccc(COc2ccc3c(CO)cc(=O)oc3c2)cc1)Cc1ccsc1,6.583359492661719,1
CN(Cc1ccc(COc2ccc3c(CO)cc(=O)oc3c2)cc1)Cc1cncnc1,5.391473966422806,0
CN(Cc1ccc(COc2ccc3c(CO)cc(=O)oc3c2)cc1)Cc1cscn1,5.7495799976911055,0
CN(Cc1ccc(COc2ccc3c(CO)cc(=O)oc3c2)cc1)Cc1ncc[nH]1,5.8794260687941495,0
CN(Cc1ccc(COc2ccc3c(CO)cc(=O)oc3c2)cc1)Cc1nccs1,5.1830961606243395,0
CN(Cc1ccccc1)Cc1ccc(-c2cc3cc(N)ccc3oc2=O)cc1,6.55129368009492,1
CN(Cc1ccccc1)Cc1ccc(-c2cc3cc([N+](=O)[O-])ccc3oc2=O)cc1,6.8297382846050425,1
CN(Cc1ccccc1)Cc1ccc(/C=C2\CCc3cc(OCCCCCN4CCCCC4)ccc3C2=O)cc1,7.2839966563652006,1
CN(Cc1ccccc1)Cc1ccc(/C=C2\CCc3cc(OCCCCCN4CCN(Cc5ccc(F)cc5)CC4)ccc3C2=O)cc1,5.106238237942057,0
CN(Cc1ccccc1)Cc1ccc(/C=C2\Cc3ccc(OCCCCCN4CCC(c5ccccc5)CC4)cc3C2=O)cc1,4.207608310501746,0
CN(Cc1ccccc1)Cc1ccc(/C=C2\Cc3ccc(OCCCCCN4CCCCC4)cc3C2=O)cc1,6.698970004336019,1
CN(Cc1ccccc1)Cc1ccc(/C=C2\Cc3ccc(OCCCCN4CCCCC4)cc3C2=O)cc1,6.7447274948966935,1
CN(Cc1ccccc1)Cc1ccc(/C=C2\Cc3ccc(OCCCCN4CCOCC4)cc3C2=O)cc1,6.050609993355087,1
CN(Cc1ccccc1)Cc1ccc(/C=C2\Cc3ccccc3C2=O)cc1,4.931814138253839,0
CN(Cc1ccccc1)Cc1ccc(C(=O)NCCc2c[nH]c3cc(F)ccc23)cc1,5.6020599913279625,0
CN(Cc1ccccc1)Cc1ccc(C(=O)NCCc2c[nH]c3ccc(O)cc23)cc1,5.376750709602099,0
CN(Cc1ccccc1)Cc1ccc(C(=O)NCCc2c[nH]c3ccccc23)cc1,5.721246399047171,0
CN(Cc1ccccc1)Cc1ccc(C(=O)c2ccc(NC(=O)CCCCN3CCCCC3)cc2)cc1,6.66354026615147,1
CN(Cc1ccccc1)Cc1ccc(C(=O)c2ccc(NC(=O)CN3CCCCC3)cc2)cc1,6.259637310505756,1
CN(Cc1ccccc1)Cc1ccc(C(=O)c2ccc(NC(=O)CN3CCOCC3)cc2)cc1,6.142667503568731,1
CN(Cc1ccccc1)Cc1ccc(C(=O)c2ccc(O)c(F)c2)cc1,5.436518914605589,0
CN(Cc1ccccc1)Cc1ccc(C(=O)c2ccc(OCCCCCCCN3CCCCC3)cc2)cc1,6.958607314841775,1
CN(Cc1ccccc1)Cc1ccc(C(=O)c2ccc(OCCCCCCN3CCCCC3)cc2)cc1,6.6777807052660805,1
CN(Cc1ccccc1)Cc1ccc(C(=O)c2ccc(OCCCCCN3CCCCC3)cc2)cc1,6.844663962534938,1
CN(Cc1ccccc1)Cc1ccc(C(=O)c2ccc(OCCCN3CCC(n4c(=O)[nH]c5ccccc54)CC3)cc2)cc1,7.167491087293763,1
CN(Cc1ccccc1)Cc1ccc(C(=O)c2ccc(OCCCN3CCCCC3)cc2)cc1,7.619788758288394,1
CN(Cc1ccccc1)Cc1ccc(C(=O)c2ccc(OCCCN3CCOCC3)cc2)cc1,6.97061622231479,1
CN(Cc1ccccc1)Cc1ccc(C(=O)c2ccc3ccccc3c2)cc1,4.707743928643524,0
CN(Cc1ccccc1)Cc1ccc(COc2ccc3c(C(F)F)cc(=O)oc3c2)cc1,6.251811972993799,1
CN(Cc1ccccc1)Cc1ccc(COc2ccc3c(CO)cc(=O)oc3c2)cc1,6.920818753952375,1
CN(Cc1ccccc1)Cc1ccc(COc2ccc3ccc(=O)[nH]c3c2)cc1,5.823908740944319,0
CN(Cc1ccccc1)Cc1ccc(COc2ccc3ccc(=O)oc3c2)cc1,6.022276394711152,1
CN(Cc1ccccc1)Cc1ccc(NC(=O)/C=C/c2ccc(O)c(O)c2)cc1,5.266000713461613,0
CN(Cc1ccccc1)Cc1ccc(NC(=O)/C=C/c2cccc(O)c2)cc1,5.45717457304082,0
CN(Cc1ccccc1)Cc1ccc(NC(=O)Cc2ccc(O)c(O)c2)cc1,5.334419008982047,0
CN(Cc1ccccc1)Cc1ccc(NC(=O)Cc2ccc(O)cc2)cc1,5.489454989793388,0
CN(Cc1ccccc1)Cc1ccc(NC(=O)Cc2ccccc2)cc1,5.236572006437063,0
CN(Cc1ccnc(NC(=O)Nc2cccc3c2C2CCCCN2C3=O)c1)Cc1cn(CCNc2c3c(nc4ccccc24)CCCC3)nn1,7.23210238398191,1
CN(Cc1ccncc1)Cc1ccc(COc2ccc3c(CO)cc(=O)oc3c2)cc1,5.7258421507363195,0
CN1C(=O)C2CN(C)C3(C(=O)c4ccccc4C3=O)C2C1=O,5.6777807052660805,0
CN1C(=O)Cc2cc3c(CCC4CCN(Cc5ccccc5)CC4)noc3cc21,9.319393034173498,1
CN1C(=O)Cc2cc3onc(CCC4CCN(Cc5ccccc5)CC4)c3cc21,9.318758762624412,1
CN1C/C(=C/c2ccc(N(C)C)cc2[N+](=O)[O-])C(=O)/C(=C/c2ccc(N(C)C)cc2[N+](=O)[O-])C1,7.2441251443275085,1
CN1C/C(=C/c2ccc(N3CCCC3)cc2)C(=O)/C(=C/c2ccc(N3CCCC3)cc2)C1,5.555955204081924,0
CN1CC(=O)N2[C@H](c3ccc4c(c3)OCO4)c3[nH]c4ccccc4c3C[C@@H]2C1=O,4.583359492661719,0
CN1CC2C(=O)N(C3CCCCC3)C(=O)C2C12C(=O)c1ccccc1C2=O,5.3851027839668655,0
CN1CC2C(=O)N(Cc3ccccc3)C(=O)C2C12C(=O)c1ccccc1C2=O,4.385524633909605,0
CN1CC2C(=O)N(c3ccc(Br)cc3)C(=O)C2C12C(=O)c1ccccc1C2=O,4.134777543709821,0
CN1CC2C(=O)N(c3ccc(Cl)cc3)C(=O)C2C12C(=O)c1ccccc1C2=O,4.5550188879120554,0
CN1CC2C(=O)N(c3ccc(F)cc3)C(=O)C2C12C(=O)c1ccccc1C2=O,4.299988937677887,0
CN1CC2C(=O)N(c3ccc([N+](=O)[O-])cc3)C(=O)C2C12C(=O)c1ccccc1C2=O,5.180456064458131,0
CN1CC2C(=O)N(c3cccc(F)c3)C(=O)C2C12C(=O)c1ccccc1C2=O,4.096313268263497,0
CN1CC2C(=O)N(c3ccccc3)C(=O)C2C12C(=O)c1ccccc1C2=O,4.156144577376839,0
CN1CCC(/C=C/C=C2\Cc3ccccc3C2=O)CC1,8.522878745280337,1
CN1CCC(/C=C2\Cc3ccccc3C2=O)CC1,8.075720713938118,1
CN1CCC(=C2Cc3ccccc3C2=O)CC1,5.920818753952375,0
CN1CCC(C2Cc3ccccc3C2=O)CC1,5.481486060122112,0
CN1CCC(CC/C=C2\Cc3ccccc3C2=O)CC1,9.086186147616283,1
CN1CCC(CC2=Cc3ccccc3C2)CC1,5.356547323513812,0
CN1CCC(CCC2C(=O)Nc3ccccc3C2=O)CC1,8.3767507096021,1
CN1CCC(CCCC2Cc3ccccc3C2=O)CC1,8.823908740944319,1
CN1CCC(CCN2C(=O)c3ccc([N+](=O)[O-])cc3C2=O)CC1,5.167491087293763,0
CN1CCC(CCN2C(=O)c3ccccc3C2=O)CC1,9.045757490560675,1
CN1CCC(C[C@@H]2Cc3ccccc3C2=O)CC1,8.275724130399212,1
CN1CCC(C[C@H]2Cc3ccccc3C2=O)CC1,8.113509274827518,1
CN1CCCCc2ccc(C(=O)CCC3CCN(Cc4ccccc4)CC3)cc21,7.0915149811213505,1
CN1CCCc2cc(C(=O)CCC3CCN(Cc4ccccc4)CC3)ccc21,7.619788758288394,1
CN1CCCc2ccc(C(=O)CCC3CCN(Cc4ccccc4)CC3)cc21,7.443697499232712,1
CN1CCN(C(C#N)c2ccc3c(c2)OCO3)CC1,3.5601937886066697,0
CN1CCN(C2CCN(C(=O)COc3ccc(-c4ccccc4)cc3)CC2)CC1,5.0,0
CN1CCN(CC2Cc3ccccc3C2=O)CC1,7.026872146400301,1
CN1CCN(CCC(=O)Nc2n[nH]c3ncccc23)CC1,6.073657553374344,1
CN1CCN(CCCNC(=O)COc2ccc(-c3ccccc3)cc2)CC1,3.939302159646388,0
CN1CCN(CCCNC(=O)COc2ccc(I)cc2)CC1,3.860120913598763,0
CN1CCN(Cc2ccc(CNCCN3CCNC3=C(C#N)C#N)o2)CC1,5.346787486224656,0
CN1CCN(Cc2ccc3c(c2)C(=O)C(=O)N3C(=O)c2ccccc2)CC1,7.320027305722581,1
CN1CCN(c2c3c(nc4ccc([N+](=O)[O-])cc24)CCCC3)CC1,6.610833915635467,1
CN1CCN(c2ccc(-c3cnc4[nH]c5cnc(C#N)cc5c4c3)cc2)CC1,7.7447274948966935,1
CN1CCN(c2ccc(/C=C/c3cc(N4CCN(C)CC4)c4ccccc4[n+]3C)cc2)CC1,5.6020599913279625,0
CN1CCN(c2ccc(/C=C/c3ccc4ccccc4[n+]3C)cc2)CC1,5.853871964321762,0
CN1CCN(c2ccc(C(=O)Nc3cc(-c4nc5ccccc5[nH]4)n[nH]3)cc2)CC1,5.767003889607846,0
CN1CCN(c2cccc(-c3cnc4[nH]c5cnc(C#N)cc5c4c3)c2)CC1,5.3214816209598865,0
CN1CCN(c2nccc(NC(c3ccccc3)c3ccccc3)n2)CC1,4.863279432843593,0
CN1CCN(c2nccc(NCCc3ccccc3)n2)CC1,4.690369832574101,0
CN1CCN(c2nccc(NCc3cccc4ccccc34)n2)CC1,4.756961951313706,0
CN1CCN(c2nccc(NCc3ccccc3)n2)CC1,4.603800652904264,0
CN1CC[C@@H](C(=O)N2C/C(=C\c3ccc(Cl)cc3)C(=O)[C@@]3(C2)[C@H](c2ccc(Cl)cc2)CN(C)[C@]32C(=O)Nc3ccccc32)[C@@]12C(=O)Nc1ccccc12,5.211831628858832,0
CN1CC[C@@H](C(=O)N2C/C(=C\c3ccc(Cl)cc3Cl)C(=O)[C@@]3(C2)[C@H](c2ccc(Cl)cc2Cl)CN(C)[C@]32C(=O)Nc3ccccc32)[C@@]12C(=O)Nc1ccccc12,5.354577730650908,0
CN1CC[C@@H](C(=O)N2C/C(=C\c3ccc(F)cc3)C(=O)[C@@]3(C2)[C@H](c2ccc(F)cc2)CN(C)[C@]32C(=O)Nc3ccccc32)[C@@]12C(=O)Nc1ccccc12,5.628932137728263,0
CN1CC[C@@H](C(=O)N2C/C(=C\c3cccc([N+](=O)[O-])c3)C(=O)[C@@]3(C2)[C@H](c2cccc([N+](=O)[O-])c2)CN(C)[C@]32C(=O)Nc3ccccc32)[C@@]12C(=O)Nc1ccccc12,5.607303046740334,0
CN1CC[C@@H](C(=O)N2C/C(=C\c3cccc4ccccc34)C(=O)[C@@]3(C2)[C@H](c2cccc4ccccc24)CN(C)[C@]32C(=O)Nc3ccccc32)[C@@]12C(=O)Nc1ccccc12,5.30715308072277,0
CN1CC[C@@H](C(=O)N2C/C(=C\c3ccccc3)C(=O)[C@@]3(C2)[C@H](c2ccccc2)CN(C)[C@]32C(=O)Nc3ccccc32)[C@@]12C(=O)Nc1ccccc12,5.580044251510242,0
CN1CC[C@@H](C(=O)N2C/C(=C\c3ccccc3Cl)C(=O)[C@@]3(C2)[C@H](c2ccccc2Cl)CN(C)[C@]32C(=O)Nc3ccccc32)[C@@]12C(=O)Nc1ccccc12,5.284832642151542,0
CN1CC[C@@H](C(=O)N2C/C(=C\c3ccccc3F)C(=O)[C@@]3(C2)[C@H](c2ccccc2F)CN(C)[C@]32C(=O)Nc3ccccc32)[C@@]12C(=O)Nc1ccccc12,5.209011524911184,0
CN1CC[C@@]2(C)c3cc(OC(=O)N4CCc5ccccc5C4)ccc3N(C)[C@@H]12,6.8297382846050425,1
CN1CC[C@@]2(C)c3cc(OC(=O)NC(C)(C)C)ccc3N(C)[C@@H]12,4.56656109283125,0
CN1CC[C@@]2(C)c3cc(OC(=O)NCCCCCCCCCCCCN4CCOCC4)ccc3N(C)[C@@H]12,7.154901959985743,1
CN1CC[C@@]2(C)c3cc(OC(=O)NCCCCCCCCCCCN4CCOCC4)ccc3N(C)[C@@H]12,7.3979400086720375,1
CN1CC[C@@]2(C)c3cc(OC(=O)NCCCCCCCCCCN4CCOCC4)ccc3N(C)[C@@H]12,7.3979400086720375,1
CN1CC[C@@]2(C)c3cc(OC(=O)NCCCCCCCCCN4CCOCC4)ccc3N(C)[C@@H]12,7.221848749616356,1
CN1CC[C@@]2(C)c3cc(OC(=O)NCCCCCCCCN4CCOCC4)ccc3N(C)[C@@H]12,7.096910013008056,1
CN1CC[C@@]2(C)c3cc(OC(=O)NCCCCCCCN4CCOCC4)ccc3N(C)[C@@H]12,6.42021640338319,1
CN1CC[C@@]2(C)c3cc(OC(=O)NCCCCCCN4CCOCC4)ccc3N(C)[C@@H]12,6.031517051446064,1
CN1CC[C@@]2(C)c3cc(OC(=O)NCCCCCN4CCOCC4)ccc3N(C)[C@@H]12,5.119186407719209,0
CN1CC[C@@]2(C)c3cc(OC(=O)NCCCCN4CCOCC4)ccc3N(C)[C@@H]12,4.6777807052660805,0
CN1CC[C@@]2(C)c3cc(OC(=O)NCCCN4CCOCC4)ccc3N(C)[C@@H]12,5.42021640338319,0
CN1CC[C@@]2(C)c3cc(OC(=O)NCCN4CCOCC4)ccc3N(C)[C@@H]12,6.154901959985743,1
CN1CC[C@@]2(C)c3cc(OC(=O)NCc4ccccc4)ccc3N(C)C12,6.337119467594392,1
CN1CC[C@@]2(C)c3cc(OC(=O)Nc4ccc(Cl)cc4)ccc3N(C)C12,5.7448638579163855,0
CN1CC[C@@]2(C)c3cc(OC(=O)Nc4ccccc4)ccc3N(C)C12,7.292665472875951,1
CN1CC[C@@]2(C)c3cc(OC(=O)Nc4ccccc4)ccc3N(C)[C@@H]12,7.392336685923949,1
CN1CC[C@@]2(C)c3cc(OC(=O)Nc4ccccc4)ccc3N(C)[C@H]2O1,6.886056647693163,1
CN1CC[C@@]2(C)c3cc(OC(=O)Nc4ccccc4)ccc3N(C=O)C12,6.10768273927752,1
CN1CC[C@@]2(C)c3cc(OC(=O)Nc4ccccc4)ccc3N(C=O)[C@@H]12,6.481486060122112,1
CN1CC[C@@]2(C)c3cc(OC(=O)Nc4ccccc4)ccc3N(Cc3ccccc3)C12,6.610302451793615,1
CN1CC[C@@]2(C)c3cc(OC(=O)Nc4ccccc4)ccc3N(Cc3ccccc3)[C@@H]12,6.610302451793615,1
CN1CC[C@@]2(C)c3cc(OC(=O)Nc4ccccc4)ccc3NC12,7.3893398369101195,1
CN1CC[C@@]23C=C[C@H](O)C[C@@H]2Oc2c(O)ccc(c23)C1,7.0,1
CN1CC[C@H]2COc3c(O)cccc3[C@H]21,4.399999967876858,0
CN1CC[C@]2(C)c3cc(OC(=O)Nc4ccccc4)ccc3N(C)C12,5.455900936830879,0
CN1CC[C@]2(C)c3cc(OC(=O)Nc4ccccc4)ccc3N(Cc3ccccc3)C12,4.949891037082132,0
CN1CC[C@]2(C)c3cc(OC(=O)Nc4ccccc4)ccc3NC12,5.247605791594637,0
CN1CCc2c(c3ccccc3n2CCC(=O)N2c3ccccc3Sc3ccccc32)C1,5.107905397309519,0
CN1CCc2c(c3ccccc3n2Cc2ccccc2C(=O)NCCO[N+](=O)[O-])C1,4.8297382846050425,0
CN1CCc2cc(C(=O)CCC3CCN(Cc4ccccc4)CC3)ccc21,8.0,1
CN1C[C@@H](c2ccc(Br)cc2)[C@@]2(CSc3ccccc3C2=O)C12C(=O)c1ccccc1C2=O,4.547600154088558,0
CN1C[C@@H](c2ccc(Cl)cc2)[C@@]2(CSc3ccccc3C2=O)C12C(=O)c1ccccc1C2=O,4.65286521708998,0
CN1C[C@@H](c2ccc(Cl)cc2Cl)[C@@]2(CSc3ccccc3C2=O)C12C(=O)c1ccccc1C2=O,4.617622696531886,0
CN1C[C@@H](c2ccc(F)cc2)[C@@]2(CSc3ccccc3C2=O)C12C(=O)c1ccccc1C2=O,4.632271453913024,0
CN1C[C@@H](c2cccc(Br)c2)[C@@]2(CSc3ccccc3C2=O)C12C(=O)c1ccccc1C2=O,4.703334809738469,0
CN1C[C@@H](c2cccc(F)c2)[C@@]2(CSc3ccccc3C2=O)C12C(=O)c1ccccc1C2=O,4.60977163753087,0
CN1C[C@@H](c2cccc3ccccc23)[C@@]2(CSc3ccccc3C2=O)C12C(=O)c1ccccc1C2=O,5.673664139071248,0
CN1C[C@@H](c2ccccc2)[C@@]2(CSc3ccccc3C2=O)C12C(=O)c1ccccc1C2=O,4.953895212753961,0
CN1C[C@@H](c2ccccc2Br)[C@@]2(CSc3ccccc3C2=O)C12C(=O)c1ccccc1C2=O,4.567030709125595,0
CN1C[C@@H](c2ccccc2Cl)[C@@]2(CSc3ccccc3C2=O)C12C(=O)c1ccccc1C2=O,4.995248844408999,0
CN1C[C@@H](c2cccs2)[C@@]2(CSc3ccccc3C2=O)C12C(=O)c1ccccc1C2=O,4.674484336636851,0
CN1C[C@H](CNC(=O)OCc2ccccc2)C[C@@H]2c3cccc4c3c(cn4C)C[C@H]21,5.871600731282193,0
CN1Cc2cc(O)ccc2N(C)C1c1c(Cl)cccc1Cl,4.8696662315049934,0
CN1Cc2cc(O)ccc2N(C)C1c1cc[nH]c1,3.935916564036404,0
CN1Cc2cc(O)ccc2N(C)C1c1ccc(Cl)cc1,3.6278247138849355,0
CN1Cc2cc(O)ccc2N(C)C1c1ccc(F)cc1,3.843450848668219,0
CN1Cc2cc(O)ccc2N(C)C1c1cccc(Cl)c1,3.6154673845057514,0
CN1Cc2cc(O)ccc2N(C)C1c1cccc2ccccc12,3.4663550212012373,0
CN1Cc2cc(O)ccc2N(C)C1c1ccccc1,3.4854522473397136,0
CN1Cc2cc(O)ccc2N(C)C1c1cccs1,3.646276062411051,0
CN1Cc2cc(O)ccc2N(C)C1c1ccncc1,3.6154673845057514,0
CN1Cc2cc(O)ccc2N(C)C1c1ccoc1,3.4663550212012373,0
CN1c2ccc(OC(=O)NC3CCCCC3)cc2[C@]2(C)CCN(CCc3ccccc3)[C@H]12,7.657577319177793,1
CN1c2ccc(OC(=O)NCC3CCCCC3)cc2[C@]2(C)CCN(CCc3ccccc3)[C@H]12,7.173393743112328,1
CN1c2ccc(OC(=O)NCCCCCCN3CCCC3)cc2CN2CCc3ccccc3C21,6.057759558968835,1
CN1c2ccc(OC(=O)NCCCCCCN3CCCCC3)cc2CN2CCc3ccccc3C21,5.915409160019882,0
CN1c2ccc(OC(=O)Nc3ccccc3)cc2[C@]2(C)CCNC12,7.860120913598763,1
CN1c2ccc(OC(=O)Nc3ccccc3)cc2[C@]2(C)CC[N+](C)(C)C12,7.5951662833800615,1
CN1c2ccc(OC(=O)Nc3ccccc3)cc2[C@]2(C)CC[N@@+](C)([O-])[C@H]12,6.698970004336019,1
CN1c2ccc(OC(=O)Nc3cccnc3)cc2[C@]2(C)CCO[C@H]12,5.769551078621726,0
CN1c2ccc(OC(=O)Nc3ccncc3)cc2[C@]2(C)CCO[C@H]12,5.154901959985743,0
CN1c2ccc(OCc3ccccc3)cc2C(=O)N2CCc3c([nH]c4ccccc34)C21,5.522878745280337,0
CN1c2ccccc2C(N2CCOCC2)c2ccccc21,4.910094888560602,0
CN1c2ccccc2C(N2CCSCC2)c2ccccc21,4.928117992693875,0
CN1c2ccccc2C(NCCCCCCC(=O)CCCCNc2c3c(nc4ccccc24)CCCC3)c2ccc(Cl)cc2S1(=O)=O,6.795880017344075,1
CN1c2ccccc2C(n2cnc([N+](=O)[O-])n2)c2ccccc21,4.777283528852417,0
CN1c2ccccc2C(n2cncn2)c2ccccc21,4.72584215073632,0
CN1c2ccccc2C(n2nnc3ccccc32)c2ccccc21,4.906578314837765,0
CNC(=C[N+](=O)[O-])NCCSCc1ccc(CN(C)C)o1,5.912679403669776,0
CNC(=C[N+](=O)[O-])NCCSCc1csc(CN(C)C)n1,5.250681178668897,0
CNC(=O)COc1cc(C(C)C)ccc1C,5.714442690992226,0
CNC(=O)Nc1cccc2n1cc(-c1ccc(OC(=O)N(C)C)cc1)[n+]2C,5.8696662315049934,0
CNC(=O)Oc1ccc(-c2cn3c(C)cccc3[n+]2C)cc1,5.3979400086720375,0
CNC(=O)Oc1ccc(-c2cn3c(NC(C)=O)cccc3[n+]2C)cc1,5.958607314841775,0
CNC(=O)Oc1ccc(-c2cn3ccccc3[n+]2C)cc1,4.709965388637482,0
CNC(=O)Oc1ccc2c(c1)CC[C@@H]1CCN(C)[C@H]21,7.761953896871205,1
CNC(=O)Oc1ccc2c(c1)CN(CCCOc1ccc3c(=O)c4ccccc4oc3c1)CC2,7.906578314837764,1
CNC(=O)Oc1ccc2c(c1)OC[C@@H]1CCN(C)[C@H]21,6.616439884899426,1
CNC(=O)Oc1ccc2c(c1)OC[C@@H]1CC[N+](C)(C)[C@H]21,5.740000204918113,0
CNC(=O)Oc1ccc2c(c1)SC[C@@H]1CCN(C)[C@H]21,8.090979145788843,1
CNC(=O)Oc1ccc2c(c1)[C@@H]1[C@@H](CCN1C)CO2,4.790000026071145,0
CNC(=O)Oc1ccc2c(c1)[C@@]1(C)CCN(C)C1N2,5.658862361259036,0
CNC(=O)Oc1ccc2c(c1)[C@@]1(C)CCN(C)C1N2C,5.0048695871233395,0
CNC(=O)Oc1ccc2c(c1)[C@@]1(C)CCN(C)C1N2Cc1ccccc1,5.5455362672488615,0
CNC(=O)Oc1ccc2c(c1)[C@@]1(C)CCN(C)[C@@H]1N2C,5.004935465843858,0
CNC(=O)Oc1ccc2c(c1)[C@@]1(C)CCN(C)[C@H]1N2C,5.004803708402821,0
CNC(=O)Oc1ccc2c(c1)[C@@]1(C)CCN(Cc3ccccc3)C1N2Cc1ccccc1,5.448550002027124,0
CNC(=O)Oc1ccc2c(c1)[C@@]1(C)CCNC1N2,5.826813731587726,0
CNC(=O)Oc1ccc2c(c1)[C@@]1(C)CCO[C@H]1N2C,7.251811972993799,1
CNC(=O)Oc1ccc2c(c1)[C@]1(C)CCN(C)C1N2,7.246416941107094,1
CNC(=O)Oc1ccc2c(c1)[C@]1(C)CCN(C)C1N2C=O,6.411728293157671,1
CNC(=O)Oc1ccc2c(c1)[C@]1(C)CCN(C)C1N2Cc1ccccc1,6.793444039777858,1
CNC(=O)Oc1ccc2c(c1)[C@]1(C)CCN(C)O[C@@H]1N2C,6.823908740944319,1
CNC(=O)Oc1ccc2c(c1)[C@]1(C)CCN(C)[C@@H]1N2,7.246416941107094,1
CNC(=O)Oc1ccc2c(c1)[C@]1(C)CCN(C)[C@@H]1N2C,7.168227230245126,1
CNC(=O)Oc1ccc2c(c1)[C@]1(C)CCN(C)[C@@H]1N2C=O,5.6020599913279625,0
CNC(=O)Oc1ccc2c(c1)[C@]1(C)CCN(C)[C@@H]1N2Cc1ccccc1,6.793713955587568,1
CNC(=O)Oc1ccc2c(c1)[C@]1(C)CCN(C)[C@]1(C)N2C,7.552841968657781,1
CNC(=O)Oc1ccc2c(c1)[C@]1(C)CCN(CCc3ccccc3)[C@@H]1N2C,6.740743030061056,1
CNC(=O)Oc1ccc2c(c1)[C@]1(C)CCN(Cc3ccccc3)C1N2C,6.481486060122112,1
CNC(=O)Oc1ccc2c(c1)[C@]1(C)CCN(Cc3ccccc3)C1N2Cc1ccccc1,5.962573502059376,0
CNC(=O)Oc1ccc2c(c1)[C@]1(C)CCN(Cc3ccccc3)[C@@H]1N2C,6.3422137333712,1
CNC(=O)Oc1ccc2c(c1)[C@]1(C)CCN(Cc3ccccc3)[C@@H]1N2Cc1ccccc1,5.448550002027124,0
CNC(=O)Oc1ccc2c(c1)[C@]1(C)CCNC1N2,7.962573502059376,1
CNC(=O)Oc1ccc2c(c1)[C@]1(C)CCNC1N2C,7.6777807052660805,1
CNC(=O)Oc1ccc2c(c1)[C@]1(C)CCN[C@@H]1N2,6.173635151965376,1
CNC(=O)Oc1ccc2c(c1)[C@]1(C)CCN[C@@H]1N2C,7.658026434624244,1
CNC(=O)Oc1ccc2c(c1)[C@]1(C)CCOC1N2C,7.845070826784688,1
CNC(=O)Oc1ccc2c(c1)[C@]1(C)CCO[C@@H]1N2C,7.983288122256525,1
CNC(=O)Oc1ccc2c(c1)[C@]1(C)CC[N+](C)(C)C1N2C,7.506970964682516,1
CNC(=O)Oc1ccc2c(c1)[C@]1(C)CC[N@@+](C)([O-])[C@@H]1N2C,7.0,1
CNC(=O)Oc1ccc2c(c1)c(C)cn2Nc1ccncc1F,7.0,1
CNC(=O)Oc1ccc2c(c1)c1c(n2C)/C(=N\CCc2ccccc2)CC1,6.795880017344075,1
CNC(=O)Oc1cccc(-c2cn3c(NC(C)=O)cccc3[n+]2C)c1,5.346787486224656,0
CNC(=O)Oc1cccc(-c2cn3ccccc3[n+]2C)c1,6.455931955649724,1
CNC(=O)Oc1cccc(C(C)N(C)C)c1,7.0,1
CNC(=O)Oc1cccc(CN(C)CC#CCOc2ccc3c(=O)c4ccccc4oc3c2)c1,6.6777807052660805,1
CNC(=O)Oc1cccc(CN(C)CCCCCCCCCCOc2ccc3c(=O)c4ccccc4oc3c2)c1,7.661543506395394,1
CNC(=O)Oc1cccc(CN(C)CCCCCCCCCOc2ccc3c(=O)c4ccccc4oc3c2)c1,7.931814138253838,1
CNC(=O)Oc1cccc(CN(C)CCCCCCCCOc2ccc3c(=O)c4ccccc4oc3c2)c1,8.167491087293763,1
CNC(=O)Oc1cccc(CN(C)CCCCCCCOc2ccc(-c3cc(=O)c4ccccc4o3)cc2)c1,9.136677139879545,1
CNC(=O)Oc1cccc(CN(C)CCCCCCCOc2ccc(-c3cc4ccccc4oc3=O)cc2)c1,8.920818753952375,1
CNC(=O)Oc1cccc(CN(C)CCCCCCCOc2ccc(-c3oc4ccccc4c3C(=O)c3ccc(C)cc3)cc2)c1,6.468521082957745,1
CNC(=O)Oc1cccc(CN(C)CCCCCCCOc2ccc3c(=O)c4ccccc4oc3c2)c1,8.626933401128875,1
CNC(=O)Oc1cccc(CN(C)CCCCCCCOc2ccc3c(c2)C/C(=C\c2cc(O)c(O)c(O)c2)C3=O)c1,8.744727494896694,1
CNC(=O)Oc1cccc(CN(C)CCCCCCCOc2ccc3c(c2)C/C(=C\c2cc(OC)c(OC)c(OC)c2)C3=O)c1,7.2447274948966935,1
CNC(=O)Oc1cccc(CN(C)CCCCCCCOc2ccc3c(c2)CC/C(=C/c2cc(O)c(O)c(O)c2)C3=O)c1,8.306273051076353,1
CNC(=O)Oc1cccc(CN(C)CCCCCCCOc2ccc3c(c2)CC/C(=C\c2cc(OC)c(OC)c(OC)c2)C3=O)c1,5.306273051076353,0
CNC(=O)Oc1cccc(CN(C)CCCCCCCOc2ccc3c(c2)O/C(=C\c2c4ccccc4cc4ccccc24)C3=O)c1,5.601823516502323,0
CNC(=O)Oc1cccc(CN(C)CCCCCCCOc2ccc3c(c2)O/C(=C\c2cc(Cl)cc(Cl)c2)C3=O)c1,5.850665141287858,0
CNC(=O)Oc1cccc(CN(C)CCCCCCCOc2ccc3c(c2)O/C(=C\c2cc(O)c(O)c(O)c2)C3=O)c1,9.2839966563652,1
CNC(=O)Oc1cccc(CN(C)CCCCCCCOc2ccc3c(c2)O/C(=C\c2cc(OC)c(OC)c(OC)c2)C3=O)c1,6.2839966563652006,1
CNC(=O)Oc1cccc(CN(C)CCCCCCCOc2ccc3c(c2)O/C(=C\c2ccc(Cl)c(Cl)c2)C3=O)c1,7.096910013008056,1
CNC(=O)Oc1cccc(CN(C)CCCCCCCOc2ccc3c(c2)O/C(=C\c2ccc4ccccc4c2)C3=O)c1,8.679853713888946,1
CNC(=O)Oc1cccc(CN(C)CCCCCCCOc2ccc3c(c2)O/C(=C\c2cccc4ccccc24)C3=O)c1,6.5993451832528365,1
CNC(=O)Oc1cccc(CN(C)CCCCCCCOc2ccc3c(c2)O/C(=C\c2ccccc2)C3=O)c1,7.209965388637482,1
CNC(=O)Oc1cccc(CN(C)CCCCCCCOc2ccc3c(c2)OC/C(=C/c2cc(O)c(O)c(O)c2)C3=O)c1,8.008330992620051,1
CNC(=O)Oc1cccc(CN(C)CCCCCCCOc2ccc3c(c2)OC/C(=C\c2cc(OC)c(OC)c(OC)c2)C3=O)c1,5.008330992620051,0
CNC(=O)Oc1cccc(CN(C)CCCCCCCOc2ccc3c(c2)OCC3=O)c1,4.79317412396815,0
CNC(=O)Oc1cccc(CN(C)CCCCCCCOc2cccc(-c3cc(=O)c4ccccc4o3)c2)c1,9.2839966563652,1
CNC(=O)Oc1cccc(CN(C)CCCCCCOc2ccc(C(=O)/C=C/c3cc(OC)c(OC)c(OC)c3)c(O)c2)c1,8.876148359032914,1
CNC(=O)Oc1cccc(CN(C)CCCCCCOc2ccc3c(=O)c4ccccc4oc3c2)c1,8.853871964321762,1
CNC(=O)Oc1cccc(CN(C)CCCCCCOc2ccc3c(c2)O/C(=C\c2cc(OC)c(OC)c(OC)c2)C3=O)c1,9.2839966563652,1
CNC(=O)Oc1cccc(CN(C)CCCCCOc2ccc3c(=O)c4ccccc4oc3c2)c1,9.086186147616283,1
CNC(=O)Oc1cccc(CN(C)CCCCOc2ccc3c(=O)c4ccccc4oc3c2)c1,7.431798275933005,1
CNC(=O)Oc1cccc(CN(C)CCCOc2ccc(-c3ccccc3)cc2)c1,7.262807357295262,1
CNC(=O)Oc1cccc(CN(C)CCCOc2ccc(C(=O)c3ccccc3)cc2)c1,8.267606240177031,1
CNC(=O)Oc1cccc(CN(C)CCCOc2ccc(Cc3ccccc3)cc2)c1,7.607303046740334,1
CNC(=O)Oc1cccc(CN(C)CCCOc2ccc3c(=O)c4ccccc4oc3c2)c1,9.147878745280337,1
CNC(=O)Oc1cccc(CN(C)CCCOc2ccc3c(=O)c4cccnc4oc3c2)c1,8.958607314841775,1
CNC(=O)Oc1cccc(CN(C)CCCOc2ccc3c(=O)cc(-c4ccccc4)oc3c2)c1,8.244125144327509,1
CNC(=O)Oc1cccc(CN(C)CCCOc2ccc3c(=O)ccoc3c2)c1,8.050609993355087,1
CNC(=O)Oc1cccc(CN(C)CCCOc2ccc3c(c2)O/C(=C\c2cc(O)c(O)c(O)c2)C3=O)c1,8.52432881167557,1
CNC(=O)Oc1cccc(CN(C)CCCOc2ccc3c(c2)O/C(=C\c2cc(OC)c(OC)c(OC)c2)C3=O)c1,5.52432881167557,0
CNC(=O)Oc1cccc(CN(C)CCCOc2ccc3c(c2)O/C(=C\c2ccc4ccccc4c2)C3=O)c1,6.9672456210075016,1
CNC(=O)Oc1cccc(CN(C)CCCOc2ccc3c(c2)O/C(=C\c2cccc4ccccc24)C3=O)c1,6.663675884293248,1
CNC(=O)Oc1cccc(CN(C)CCCOc2ccc3ccc(=O)oc3c2)c1,8.244125144327509,1
CNC(=O)Oc1cccc(CN(C)CCCOc2ccc3ccccc3c2)c1,7.083019952679618,1
CNC(=O)Oc1cccc(CN(C)CCCOc2cccc(Cc3ccccc3)c2)c1,7.607303046740334,1
CNC(=O)Oc1cccc(CN(C)CCCOc2ccccc2)c1,7.099086932262331,1
CNC(=O)Oc1cccc(CN(CCCOc2ccc3c(=O)c4ccccc4oc3c2)C(C)C)c1,9.154901959985743,1
CNC(=O)Oc1cccc2c1CCC1C2CCN1CCC1CCCCC1,7.236572006437063,1
CNC(=O)Oc1cccc2c1CCC1CCN(C)C21,7.761953896871205,1
CNC(=O)Oc1cccc2c1OCC1CCN(C)C21,7.522878745280337,1
CNC(=O)Oc1cccc2c1OC[C@@H]1CCN(C)[C@H]21,7.433337233729634,1
CNC(=O)Oc1cccc2c1SCC1CCN(C)C21,8.090979145788843,1
CNC(=O)Oc1ccccc1OC(C)C,5.933710076170131,0
CNC(=O)c1cc2c(OC(=O)N(C)C)cccc2[n+](C)c1,7.113509274827518,1
CNC(=O)c1cc2c(OC(=O)N(C)C)cccc2[n+](Cc2ccccc2)c1,5.935542010773082,0
CNC(=O)c1sc(-c2ccnc(NC(=O)C3CC3)c2)nc1OC1CCN(Cc2ccccc2)CC1,4.136677139879544,0
CNC(=O)c1sc(-c2ccnc(NC(=O)C3CC3)c2)nc1OCC1CCN(Cc2ccc(Cl)c(Cl)c2)CC1,4.013228265733755,0
CNC(=O)c1sc(-c2ccnc(NC(=O)C3CC3)c2)nc1OCC1CCN(Cc2ccc(Cl)cc2)CC1,4.086186147616283,0
CNC(=O)c1sc(-c2ccnc(NC(=O)C3CC3)c2)nc1OCC1CCN(Cc2ccc(F)c(F)c2)CC1,4.096910013008056,0
CNC(=O)c1sc(-c2ccnc(NC(=O)C3CC3)c2)nc1OCC1CCN(Cc2cccc(Br)c2)CC1,3.4045037781744254,0
CNC(=O)c1sc(-c2ccnc(NC(=O)C3CC3)c2)nc1OCC1CCN(Cc2cccc([N+](=O)[O-])c2)CC1,5.221848749616356,0
CNC(=O)c1sc(-c2ccnc(NC(=O)C3CC3)c2)nc1OCC1CCN(Cc2ccccc2)CC1,5.096910013008056,0
CNC(=O)c1sc(-c2ccnc(NC(=O)C3CC3)c2)nc1OCC1CCN(Cc2ccccc2F)CC1,5.045757490560675,0
CNC(=O)c1sc(-c2ccnc(NC(=O)C3CC3)c2)nc1OCCCc1cn(CCNc2c3c(nc4ccccc24)CCCC3)nn1,6.774690718274137,1
CNC(=O)c1sc(-c2ccnc(NC(=O)C3CC3)c2)nc1OCCOCc1cn(CCNc2c3c(nc4cc(Cl)ccc24)CCCC3)nn1,7.91721462968355,1
CNC(=O)c1sc(-c2ccnc(NC(=O)C3CC3)c2)nc1OCCOCc1cn(CCNc2c3c(nc4ccccc24)CCCC3)nn1,7.349692476868063,1
CNC(=O)c1sc(-c2ccnc(NC(=O)C3CC3)c2)nc1OCCc1cn(CCNc2c3c(nc4cc(Cl)ccc24)CCCC3)nn1,7.412289034981089,1
CNC(=O)c1sc(-c2ccnc(NC(=O)C3CC3)c2)nc1OCCc1cn(CCNc2c3c(nc4ccccc24)CCCC3)nn1,6.570247719997592,1
CNC(=O)c1sc(-c2ccnc(NC(=O)CNCCCCCCCCNc3c4c(nc5ccccc35)CCCC4)c2)nc1OCC1CC1,7.818156412055227,1
CNC(=O)c1sc(-c2ccnc(NC(=O)CNCCCCCCNc3c4c(nc5ccccc35)CCCC4)c2)nc1OCC1CC1,7.6595558851598815,1
CNC(=O)c1sc(-c2ccnc(NC(=O)CNCCCCNc3c4c(nc5ccccc35)CCCC4)c2)nc1OCC1CC1,7.636388020107855,1
CNC(=O)c1sc(-c2ccnc(NC(=O)CNCCNc3c4c(nc5cc(Cl)ccc35)CCCC4)c2)nc1OCC1CC1,7.392544976785332,1
CNC(=O)c1sc(-c2ccnc(NC(=O)CNCCNc3c4c(nc5ccc(OC)cc35)CCCC4)c2)nc1OCC1CC1,7.512861624522813,1
CNC(=O)c1sc(-c2ccnc(NC(=O)CNCCNc3c4c(nc5ccccc35)CCCC4)c2)nc1OC,7.011441043121384,1
CNC(=O)c1sc(-c2ccnc(NC(=O)CNCCNc3c4c(nc5ccccc35)CCCC4)c2)nc1OC(C)C,6.624519285381428,1
CNC(=O)c1sc(-c2ccnc(NC(=O)CNCCNc3c4c(nc5ccccc35)CCCC4)c2)nc1OCC(C)(C)C,6.987584625237567,1
CNC(=O)c1sc(-c2ccnc(NC(=O)CNCCNc3c4c(nc5ccccc35)CCCC4)c2)nc1OCC(C)C,7.308034897232639,1
CNC(=O)c1sc(-c2ccnc(NC(=O)CNCCNc3c4c(nc5ccccc35)CCCC4)c2)nc1OCC1CC1,8.920818753952375,1
CNC(=O)c1sc(-c2ccnc(NC(=O)CNCCNc3c4c(nc5ccccc35)CCCC4)c2)nc1OCC1CCC1,6.808828544271441,1
CNC(NCCNCc1ccc(CN(C(C)C)C(C)C)o1)=C(C#N)C#N,5.6777807052660805,0
CNC(NCCNCc1ccc(CN(C)C)o1)=C(C#N)C#N,6.200659450546418,1
CNC(NCCNCc1ccc(CN2CCCC2)o1)=C(C#N)C#N,6.552841968657781,1
CNC(NCCNCc1ccc(CN2CCCCC2)o1)=C(C#N)C#N,6.080921907623926,1
CNC1CCc2ccc(OC(=O)N(C)C)cc21,5.97061622231479,0
CNC1CCc2cccc(OC(=O)N(C)C)c21,6.292429823902063,1
CNCCC(Oc1ccc(C(F)(F)F)cc1)c1ccccc1,6.886056647693163,1
CNCCCN1C(=O)CSC1c1ccc(Cl)cc1Cl,4.309803919971486,0
CNCCc1cccc(OC(=O)N(C)C)c1,6.552841968657781,1
CNCOc1cccc(CN(C)CCCCCCCOc2ccc3c(=O)c4ccccc4oc3c2)c1,9.494850021680094,1
CNCc1cc(N)ccc1O,3.4769041617474326,0
CN[C@@H](C)C1=CC[C@H]2[C@@H]3CC=C4C[C@@H](OC)CC[C@]4(C)[C@H]3CC[C@]12C,4.079999984911641,0
CN[C@@H](C)[C@H]1CC[C@H]2[C@@H]3CC=C4C(=O)[C@@H](NC(=O)C=C(C)C)CC[C@]4(C)[C@H]3CC[C@]12C,5.004364805402449,0
CN[C@@H](C)[C@H]1[C@H](O)C[C@@]2(C)[C@@H]3CC[C@@H]4C(=CC[C@@H]5N=C(C(C)C)OC[C@]54C)C[C@H]3C(=O)C[C@]12C,6.286509456906058,1
CN[C@@H](C)[C@H]1[C@H](O)C[C@@]2(C)[C@@H]3CC[C@H]4[C@]5(C)CSC(C(C)C)=N[C@H]5CC[C@@]45C[C@@]35C(=O)C[C@]12C,7.119186407719209,1
CN[C@@H](CCOc1ccc([N+](=O)[O-])cc1)c1ccc(OC(=O)N(C)C)cc1,6.995678626217357,1
CN[C@H]1CCC2=CC3=CC[C@]4(C)[C@@H]([C@H](C)N(C)C)[C@H](O)C[C@@]4(C)[C@@H]3CC[C@H]2C1(C)C,4.3979400086720375,0
CN[C@H]1CC[C@@]2(C)C(CC[C@H]3[C@@H]4CC[C@H]([C@H](C)N(C)C)[C@@]4(C)CC[C@@H]32)C1,5.210000001311123,0
CN[C@H]1CC[C@@]2(C)[C@@H](CC[C@@H]3[C@@H]2CC[C@]2(C)C([C@H](C)N(C)C)=CC[C@@H]32)C1,4.6899999882307535,0
CNc1cc(NCCSCc2ccc(CN(C)C)o2)c([N+](=O)[O-])cc1[N+](=O)[O-],6.795880017344075,1
CNc1ccc(/C=C2\Cc3cc(OC)c(OCCN4CCCCC4)cc3C2=O)cc1,6.521289244487241,1
CNc1ccccc1-c1nc(C(=O)O)cs1,4.167491087293763,0
CNc1ccccc1-c1nc(C(=O)OC)cs1,4.200659450546418,0
CNc1ccccc1-c1nc(C(N)=O)cs1,4.275724130399211,0
CNc1nc(NCCc2ccc(OC)c(OC)c2)c2ccccc2n1,5.070581074285707,0
CNc1nc(NCCc2ccccc2)c2ccccc2n1,5.060480747381382,0
CNc1nc(NCc2ccc(OC)c(OC)c2)c2ccccc2n1,5.136677139879544,0
CNc1nc(NCc2ccccc2)c2ccccc2n1,5.096910013008056,0
COC(=O)/C(=C\C(=O)c1cc(O)ccc1O)CC/C=C(\C)CCC=C(C)C,5.086186147616283,0
COC(=O)/C(=N\Nc1ccc(C)cc1)C(=O)C(F)(F)F,4.548213564475709,0
COC(=O)/C(=N\Nc1ccc(OC)cc1)C(=O)C(F)(F)F,4.518557371497695,0
COC(=O)/C(=N\Nc1ccccc1)C(=O)C(F)(F)F,4.696803942579511,0
COC(=O)/C(=N\Nc1ccccc1[N+](=O)[O-])C(=O)C(F)(F)F,4.679853713888946,0
COC(=O)/C=C/C(=O)Nc1ccc(OCCCCSC(=S)N2CCCCC2C)cc1,6.42021640338319,1
COC(=O)/C=C/C(=O)Nc1cccc(OCCCCSC(=S)N2CCCC2)c1,5.218963061378869,0
COC(=O)/C=C/C(=O)Nc1cccc(OCCCCSC(=S)N2CCCCC2)c1,6.6777807052660805,1
COC(=O)/C=C/C(=O)Nc1cccc(OCCCCSC(=S)N2CCCCC2C)c1,7.275724130399211,1
COC(=O)/C=C/C(=O)Nc1cccc(OCCCSC(=S)N2CCCCC2)c1,5.703334809738469,0
COC(=O)/C=C/C(=O)Nc1cccc(OCCSC(=S)N2CCCCC2)c1,5.856985199745905,0
COC(=O)/C=C/c1ccc(OCCCCCN2CCN(CC(=O)Nc3c4c(nc5ccccc35)CCCC4)CC2)c(OC)c1,7.209714835966758,1
COC(=O)C(C)CC(=O)C[C@@H](C)[C@H]1C[C@H](O)[C@@]2(C)C3=C(C(=O)C[C@]12C)[C@@]1(C)CCC(=O)C(C)(C)[C@@H]1C[C@@H]3O,4.519131076312832,0
COC(=O)C(CC1=C(c2ccc(Cl)cc2)CC(C)(C)ON1C(C)=O)C(=O)OC,4.330125497510197,0
COC(=O)C(CC1=C(c2ccc(OC)cc2)CC(C)(C)ON1C(C)=O)C(=O)OC,4.843148098929989,0
COC(=O)C(CC1=C(c2ccccc2)CC(C)(C)ON1C(C)=O)C(=O)OC,4.920818753952375,0
COC(=O)C(CC1=NO[C@@H]2CCC[C@@H]2[C@H]1c1ccccc1)C(=O)OC,4.122916743349349,0
COC(=O)C1=C(C)Nc2nc3c(c(N)c2C1c1cccc([N+](=O)[O-])c1)CC(C)(C)CC3,7.346787486224656,1
COC(=O)C1=C(C)Nc2nc3c(c(N)c2C1c1cccc([N+](=O)[O-])c1)CCC(C)C3,5.955852379121277,0
COC(=O)C1=C(C)Nc2nc3c(c(N)c2C1c1cccc([N+](=O)[O-])c1)CCCC3Cl,6.135488918941608,1
COC(=O)C1=C(C)Nc2nc3c(c(N)c2C1c1cccc([N+](=O)[O-])c1)CSC3,6.137272471682025,1
COC(=O)C1=C(C)Nc2nc3c(c(N)c2C1c1ccccc1)CC(C)(C)CC3,6.049148541111453,1
COC(=O)C1=C(C)Nc2nc3c(c(N)c2C1c1ccccc1)CSCC3,6.346787486224656,1
COC(=O)C1=C(C)OP(=O)(OC)CC1,5.301029995663981,0
COC(=O)C1=C(C)OP(=O)(OC)CCC1,4.886915788655767,0
COC(=O)C1=C(C)OP(=O)(OC)OCC1,5.985064717998023,0
COC(=O)C1=C(C)O[P@@](=O)(OC)CC[C@H]1COCc1ccccc1,4.455931955649724,0
COC(=O)C1=C(C)O[P@](=O)(OC)CC[C@H]1COCc1ccccc1,5.221848749616356,0
COC(=O)C1=C(Nc2ccc(Br)cc2)C[C@@H](c2ccc(C)cc2)N(c2ccc(Br)cc2)[C@@H]1c1ccc(C)cc1,4.105774339939519,0
COC(=O)C1=C(Nc2ccc(Br)cc2)C[C@@H](c2ccc(Cl)cc2)N(c2ccc(Br)cc2)[C@@H]1c1ccc(Cl)cc1,4.5557592856651485,0
COC(=O)C1=C(Nc2ccc(Br)cc2)C[C@@H](c2ccc(OC)cc2)N(c2ccc(Br)cc2)[C@@H]1c1ccc(OC)cc1,4.165773568145445,0
COC(=O)C1=C(Nc2ccc(C)cc2)C[C@@H](c2ccc(C)cc2)N(c2ccc(C)cc2)[C@@H]1c1ccc(C)cc1,3.6688849952825318,0
COC(=O)C1=C(Nc2ccc(Cl)cc2)C[C@@H](c2ccc(C)cc2)N(c2ccc(Cl)cc2)[C@@H]1c1ccc(C)cc1,4.167780817977148,0
COC(=O)C1=C(Nc2ccc(Cl)cc2)C[C@@H](c2ccc(F)cc2)N(c2ccc(Cl)cc2)[C@@H]1c1ccc(F)cc1,4.648870142586608,0
COC(=O)C1=C(Nc2ccc(F)cc2)C[C@@H](c2ccc(F)cc2)N(c2ccc(F)cc2)[C@@H]1c1ccc(F)cc1,3.994924678876612,0
COC(=O)C1=C(Nc2ccc(F)cc2)C[C@@H](c2ccccc2)N(c2ccc(F)cc2)[C@@H]1c1ccccc1,3.320224140059995,0
COC(=O)C1=C(Nc2ccc(OC)cc2)C[C@@H](c2ccc(C)cc2)N(c2ccc(OC)cc2)[C@@H]1c1ccc(C)cc1,3.733793615252521,0
COC(=O)C1=C(Nc2ccccc2)C[C@@H](c2ccc(C)cc2)N(c2ccccc2)[C@@H]1c1ccc(C)cc1,3.741922700763048,0
COC(=O)C1=C(Nc2ccccc2)C[C@@H](c2ccc(Cl)cc2)N(c2ccccc2)[C@@H]1c1ccc(Cl)cc1,4.5557592856651485,0
COC(=O)C1=C(Nc2ccccc2)C[C@@H](c2ccc3c(c2)OCO3)N(c2ccccc2)[C@@H]1c1ccc2c(c1)OCO2,4.388728250458392,0
COC(=O)C1=C(Nc2ccccc2)C[C@@H](c2cccc([N+](=O)[O-])c2)N(c2ccccc2)[C@@H]1c1cccc([N+](=O)[O-])c1,3.2924298239020633,0
COC(=O)C1=C(Nc2ccccc2)C[C@@H](c2ccccc2)N(c2ccccc2)[C@@H]1c1ccccc1,3.685876333450065,0
COC(=O)C1=CO[C@@H](C)[C@H]2C[n+]3ccc4c([nH]c5ccccc54)c3C[C@H]12,6.107905397309519,1
COC(=O)CC1=NO[C@@H]2CCCC[C@@H]2[C@H]1c1ccccc1,4.454445492765935,0
COC(=O)CC1=NO[C@@H]2[C@H]3CC[C@H](C3)[C@@H]2[C@H]1c1ccccc1,5.200659450546418,0
COC(=O)CC[C@@H](C)[C@H]1CC(=O)[C@@]2(C)C3=C(C(=O)[C@@H](OC(C)=O)[C@]12C)[C@@]1(C)CC[C@H](O)C(C)(C)[C@@H]1CC3=O,4.76598918241282,0
COC(=O)CNC(=O)c1cc2c(OC(=O)N(C)C)cccc2[n+](C)c1,7.031517051446064,1
COC(=O)C[N+]1(C)CCC(CCC(=O)C2Cc3cc(OC)c(OC)cc3S2)CC1,7.267606240177031,1
COC(=O)C[N+]1(C)CCC(CCC(=O)c2cc3cc(OC)c(OC)cc3s2)CC1,7.267606240177031,1
COC(=O)Nc1ccc2n(c1)cc(-c1ccccc1)[n+]2C,4.301029995663981,0
COC(=O)Nc1cccc2n1cc(-c1ccc(OC(=O)N(C)C)cc1)[n+]2C,5.958607314841775,0
COC(=O)[C@H](C)CC(=O)C[C@@H](C)[C@H]1C[C@@H]2OC(C)(C)O[C@H]3C[C@H]4C(C)(C)C(=O)CC[C@]4(C)C4=C3[C@@]2(C)[C@]1(C)CC4=O,4.7363639314118915,0
COC(=O)[C@H]1[C@H]2C[C@@H]3c4[nH]c5cc(OC)ccc5c4CCN3C[C@H]2C[C@@H](OC(=O)c2cc(OC)c(OC)c(OC)c2)[C@@H]1OC,5.769551078621726,0
COC(=O)c1c(CCCCCCCCNc2c3c(nc4cc(Cl)ccc24)CCCC3)cccc1OC,8.595166283380062,1
COC(=O)c1c(CCCCCCCCNc2c3c(nc4ccc(OC)cc24)CCCC3)cccc1OC,5.899629454882437,0
COC(=O)c1c(CCCCCCCCNc2c3c(nc4ccccc24)CCCC3)cccc1OC,7.681936665037238,1
COC(=O)c1c(O)cccc1CCCCCCCCNc1c2c(nc3cc(Cl)ccc13)CCCC2,8.55129368009492,1
COC(=O)c1c(O)cccc1CCCCCCCCNc1c2c(nc3ccccc13)CCCC2,7.769551078621726,1
COC(=O)c1c[n+](Cc2cccc(Cl)c2)ccc1CCC(=O)c1ccc(OC)c(OC)c1,6.767003889607846,1
COC(=O)c1c[n+](Cc2ccccc2)ccc1CC1Cc2cc(OC)c(OC)cc2C1=O,7.59176003468815,1
COC(=O)c1c[n+](Cc2ccccc2C)ccc1CC1Cc2cc(OC)c(OC)cc2C1=O,8.236572006437063,1
COC(=O)c1cc(C(=O)c2ccc(OC)cc2)n2ccc(CCCc3cc[n+](C)cc3)cc12,5.481486060122112,0
COC(=O)c1cc2c(N)c3c(nc2nc1C)CCC3,5.721246399047171,0
COC(=O)c1cc2c(N)c3c(nc2nc1C)CCCC3,6.0,1
COC(=O)c1cc2c(N)c3c(nc2nc1C)CCCCC3,5.698970004336019,0
COC(=O)c1cc2c(N)c3c(nc2nc1C)CCCCCC3,5.7447274948966935,0
COC(=O)c1cc2c(OC(=O)N(C)C)cccc2[n+](C)c1,7.698970004336019,1
COC(=O)c1cc2c(OC(=O)N(C)C)cccc2[n+]([11CH3])c1,7.698970004336019,1
COC(=O)c1ccc(COc2c(OC)ccc3cc4[n+](cc23)CCc2cc3c(cc2-4)OCO3)cc1,5.585026652029182,0
COC(=O)c1ccc(C[n+]2ccc(CCC(=O)C3Cc4cc(OC)c(OC)cc4S3)cc2)cc1,6.0,1
COC(=O)c1ccc(C[n+]2ccc(CCC(=O)c3cc4cc(OC)c(OC)cc4s3)cc2)cc1,6.0,1
COC(=O)c1cccc(CN2CCC(CC3Cc4cc(OC)c(OC)cc4C3=O)CC2)n1,5.2380721615794705,0
COC(=O)c1ccccc1C[n+]1ccc(CC2Cc3cc(OC)c(OC)cc3C2=O)c(C(=O)Oc2c(Cl)cc(Cl)cc2Cl)c1,7.159266765388193,1
COC(=O)c1sc(-c2ccnc(NC(=O)C3CC3)c2)nc1OCCNc1c2c(nc3ccccc13)CCCC2,6.886056647693163,1
COC(C)(C)/C=C/C[C@]1(C)[C@@H](CC=C(C)C)C[C@]2(CC=C(C)C)C(=O)C3=C(O[C@@H](C(C)(C)O)C3)[C@@]1(C(=O)C(C)C)C2=O,5.1444808443322,0
COC(C)(C)/C=C/C[C@]1(C)[C@@H](CC=C(C)C)C[C@]2(CC=C(C)C)C(=O)C3=C(O[C@H](C(C)(C)O)C3)[C@@]1(C(=O)C(C)C)C2=O,5.400116927926312,0
COC/C(C=O)=C\CCC1=CC(c2cc(O)ccc2O)OC1=O,5.0695604052333,0
COC1=CC(=O)C(N2CCC(C3CCN(Cc4ccccc4OC)CC3)CC2)=CC1=O,4.61261017366127,0
COC1=CC(=O)[C@]2(C)[C@]3(O)Cc4c(cc(-c5cc(OC)c(OC)c(OC)c5)oc4=O)O[C@]3(C)CC[C@]2(O)C1(C)C,6.376750709602099,1
COC1=CC(=O)c2c(cc3c4c(cc5c(c24)OCO5)CCN3C)C1=O,3.655411257421286,0
COC1CCCN(Cc2ccc(CNCCN3CCNC3=C(C#N)C#N)o2)C1,5.481486060122112,0
COC1c2c(ccc3c2OCO3)-c2ccc3cc4c(cc3c2N1C)OCO4,4.014124642691606,0
COCCN1CCN(c2nccc(NC(c3ccccc3)c3ccccc3)n2)CC1,4.406713932979542,0
COCCN1CCN(c2nccc(NCc3cccc4ccccc34)n2)CC1,4.931814138253839,0
COCCN1CCN(c2nccc(NCc3ccccc3)n2)CC1,4.573488738635425,0
COCCNC(=O)c1cc2c(OC(=O)N(C)C)cccc2[n+](C)c1,7.698970004336019,1
COCCOC(=O)C1=C(C)Nc2nc3c(c(N)c2C1c1ccccc1Cl)CC(C)(C)CC3,6.036684488613888,1
COCC[N+]1(C)CCC(CCC(=O)c2cc3cc(OC)c(OC)cc3s2)CC1,7.275724130399211,1
COCC[N+]1(C)CCCC(C(=O)c2cc3cc(OC)c(OC)cc3s2)CC1,7.275724130399211,1
COCC[n+]1ccc(CCC(=O)C2Cc3cc(OC)c(OC)cc3S2)cc1,7.522878745280337,1
COCC[n+]1ccc(CCC(=O)c2cc3cc(OC)c(OC)cc3s2)cc1,7.522878745280337,1
COCCn1cnc2cc(NC(=O)c3ccccc3)cc(C(=O)NCc3cc(F)cc(F)c3)c21,6.920818753952375,1
COC[n+]1c(/C=N/O)n(C)c2ccccc21,3.703334809738469,0
COC[n+]1ccn(C)c1/C=N/O,3.705248601868118,0
COCc1nc2cnc3cc(-c4c(C)noc4C)c(OC[C@H]4CCNC4)cc3c2n1[C@H](C)c1ccccc1,4.200000030616179,0
CON(C)C(=O)Oc1ccc(-c2cc(=O)c3c(O)cc(OC(=O)N(C)OC)cc3o2)cc1,4.991399828238082,0
CON(C)C(=O)Oc1ccc(-c2cc(=O)c3c(OC(=O)N(C)OC)cc(OC(=O)N(C)OC)cc3o2)cc1,4.896196279044043,0
CON(C)C(=O)Oc1cccc2c(CN(C)CCC3CCCCCC3)c[nH]c12,5.9582126810282485,0
CON(C)C(=O)Oc1ccccc1C(=O)NCCc1c[nH]c2ccccc12,5.489454989793388,0
CON=C(CCC1CCN(CC2CCCCC2)CC1)c1cc(Cl)c(N)cc1OC,6.494850021680094,1
COP(=O)(OC)O/C(C)=C1\CCOC1=O,4.154901959985743,0
COP(=O)(OC)OC=C(Cl)Cl,5.919560239638569,0
COP1(=O)CCCC(CO)=C(C)O1,3.221848749616356,0
COP1(=O)OCCC(C(=O)OC(C)(C)C)=C(C)O1,5.221909076673544,0
CO[C@@H]1C=C[C@@]23c4cc5c(cc4CN(C[C@@H]2O)[C@H]3C1)OCO5,3.3448615651886175,0
CO[C@@H]1C=C[C@@]23c4cc5c(cc4CN(C[C@@H]2OC(=O)c2ccc([N+](=O)[O-])cc2)C3C1)OCO5,4.8326826652518236,0
CO[C@@H]1C=C[C@@]23c4cc5c(cc4C[N@@+]([O-])(CCO)[C@@H]2C(=O)N(C)[C@H]3C1)OCO5,3.8990783196791536,0
CO[C@@H]1CC2=CC[C@@H]3[C@H](CC[C@]4(C)C([C@H](C)N(C)C)=CC[C@@H]34)[C@@]2(C)C[C@@H]1O,3.600000005447872,0
CO[C@@H]1[C@@H](O)[C@H]2c3cc4c(cc3CN3CC=C([C@H]1O)[C@H]23)OCO4,4.0655015487564325,0
CO[C@H]1CC[C@@]2(C)C(=CC[C@@H]3[C@@H]2CC[C@]2(C)C([C@H](C)N(C)C=O)=CC[C@@H]32)C1,4.3100000171743025,0
CO[C@H]1CC[C@@]2(C)C(=CC[C@H]3[C@@H]4CC[C@H]([C@H](C)N(C)C)[C@@]4(C)CC[C@@H]32)C1,4.3700000191416315,0
CO[C@H]1C[C@H]2C(=C[C@@H]1OC(=O)c1cc([N+](=O)[O-])cc([N+](=O)[O-])c1)[C@H]1CN2Cc2cc3c(cc21)OCO3,4.884056823060945,0
CO[C@H]1C[C@H]2C(=C[C@@H]1OC(=O)c1cc([N+](=O)[O-])ccc1Cl)[C@H]1CN2Cc2cc3c(cc21)OCO3,5.497572880015568,0
CO[C@H]1C[C@H]2C(=C[C@@H]1OC(=O)c1ccc(C)c([N+](=O)[O-])c1)[C@H]1CN2Cc2cc3c(cc21)OCO3,5.364516253185088,0
CO[C@H]1C[C@H]2C(=C[C@@H]1OC(=O)c1ccc(Cl)c([N+](=O)[O-])c1)[C@H]1CN2Cc2cc3c(cc21)OCO3,5.79317412396815,0
CO[C@H]1O[C@@](C)(c2nccc3cc4c(cc23)OCO4)c2ccc3c(c21)OCO3,4.548213564475709,0
CO[C@]1(c2cn(O)c(=O)c(C(=O)[C@H]3[C@@H]4CC[C@@H](C)C[C@H]4C=C[C@H]3C)c2O)CC[C@@H](O)[C@H]2O[C@H]21,6.09151498112135,1
CO[P@@]1(=O)CC[C@H]2COC(=O)C2=C(C)O1,5.522878745280337,0
CO[P@]1(=O)CC[C@@H]2COC(=O)C2=C(C)O1,5.522878745280337,0
CO[P@]1(=O)CC[C@H]2COC(=O)C2=C(C)O1,4.522878745280337,0
CO[P@]1(=O)OC[C@@H]2COC(=O)C2=C(C)O1,7.455931955649724,1
CO[P@]1(=O)OC[C@H]2COC(=O)C2=C(C)O1,7.947212502634916,1
COc1c(-c2ccc(O)cc2)cc2oc3cc(O)c(O)cc3c2c1O,4.795880017344075,0
COc1c(C(=O)CCC2CCN(CC3CCCCC3)CC2)cc(Cl)c2[nH]ccc12,7.039053804266168,1
COc1c(C(=O)CCC2CCN(CC3CCCCC3)CC2)cc(Cl)c2c1ccn2C,7.073657553374344,1
COc1c(C(=O)CCC2CCN(CC3CCCCC3)CC2)cc(Cl)c2c1ccn2Cc1ccccc1,6.584025588623434,1
COc1c(C(=O)CCC2CCN(CC3CCCCC3)CC2)cc(Cl)c2c1ccn2S(=O)(=O)c1ccccc1,6.252588192113577,1
COc1c(C(=O)CCC2CCN(CC3CCCCC3)CC2)ccc2[nH]ccc12,7.3979400086720375,1
COc1c(C(=O)CCC2CCN(Cc3ccccc3)CC2)cc(Cl)c2[nH]c([Si](C)(C)C)cc12,6.560667306169737,1
COc1c(C(=O)CCC2CCN(Cc3ccccc3)CC2)cc(Cl)c2[nH]ccc12,7.690369832574101,1
COc1c(C(N)=O)cc(Cl)c(N)c1CC1CCN(CC2CCCCC2)CC1,5.428291168191312,0
COc1c(CC=C(C)C)c(O)cc2c1C[C@H](c1ccc(O)c(CC=C(C)C)c1O)CO2,4.809668301829708,0
COc1c(F)c[n+](C)cc1F,4.138190082242268,0
COc1c(F)c[n+](CCCCCOc2ccc3c(C)cc(=O)oc3c2)cc1F,6.323330452344347,1
COc1c(F)c[n+](CCCCOc2ccc3c(C)cc(=O)oc3c2)cc1F,6.218437519830978,1
COc1c(F)c[n+](CCCOc2ccc3c(C)cc(=O)oc3c2)cc1F,5.7453987388344485,0
COc1c(F)c[n+](CCC[n+]2cc(F)c(OC)c(F)c2)cc1F,4.6153113369619305,0
COc1c(F)ccc[n+]1C,4.056754637413759,0
COc1c(O)cc(C2CC(=O)c3c(cc(O)c(C/C=C(\C)CCC=C(C)C)c3O)O2)cc1O,4.640164517660112,0
COc1c(O)cc(C2Oc3cc(O)c(C/C=C(\C)CCC=C(C)C)c(O)c3C(=O)[C@@H]2O)cc1O,4.806875401645538,0
COc1c2c(cc3c1OCO3)[C@]13C=C[C@H](OC)C[C@@H]1[N@](C2)C[C@H]3OC(=O)c1cccc([N+](=O)[O-])c1,4.318758762624412,0
COc1c2c(cc3c1OCO3)[C@]13C=C[C@H](OC)C[C@@H]1[N@](C2)C[C@H]3OC(=O)c1ccccc1C,4.259637310505756,0
COc1c2c(cc3c1OCO3)[C@]13C=C[C@H](OC)C[C@@H]1[N@](C2)C[C@H]3OC(=O)c1ccccc1[N+](=O)[O-],4.267606240177032,0
COc1c2occc2cc2ccc(=O)oc12,5.19339632394812,0
COc1cc(-c2cc(-c3ccc(Br)cc3)nc3[nH]nc(N)c23)cc(OC)c1OC,6.200659450546418,1
COc1cc(-c2cc(-c3ccccc3)nc3[nH]nc(N)c23)cc(OC)c1OC,5.723538195826755,0
COc1cc(-c2cc3c(c(=O)o2)C[C@]2(O)[C@@]4(C)C(=O)C=CC(C)(C)[C@]4(O)CC[C@@]2(C)O3)cc(OC)c1O,8.167491087293763,1
COc1cc(-c2cc3c(c(=O)o2)C[C@]2(O)[C@@]4(C)C(=O)C=CC(C)(C)[C@]4(O)CC[C@@]2(C)O3)cc(OC)c1OC,8.145981723447873,1
COc1cc(-c2cccc3c2N(C)CC3)c(CN2CC[C@@]34C=C[C@H](O)C[C@@H]3Oc3c(OC)ccc(c34)C2)c(OC)c1OC,4.729088360589519,0
COc1cc(-c2nnc(N3CCN(c4ccccn4)CC3)o2)cc(OC)c1OC,6.653647025549361,1
COc1cc(-c2nnc(Nc3ncccn3)o2)cc(OC)c1OC,5.909999566087389,0
COc1cc(/C=C/C(=O)N(Cc2cccc3[nH]c4ccccc4c23)C(C)C)ccc1O,4.657577319177793,0
COc1cc(/C=C/C(=O)N2CCC(Cc3ccccc3)CC2)ccc1OC(=O)N(C)C,4.779891911959945,0
COc1cc(/C=C/C(=O)N2CCC(Cc3ccccc3)CC2)ccc1OC(=O)N(c1ccccc1)c1ccccc1,4.493494967595128,0
COc1cc(/C=C/C(=O)N2CCC(Cc3ccccc3)CC2)ccc1OCCCCN1CCc2ccccc2C1,5.417936637088291,0
COc1cc(/C=C/C(=O)N2CCCCC2)ccc1OC(=O)N(C)C,5.040958607678906,0
COc1cc(/C=C/C(=O)N2CCCCC2)ccc1OC(=O)N(c1ccccc1)c1ccccc1,4.565431095965801,0
COc1cc(/C=C/C(=O)N2CCN(Cc3ccc(F)cc3)CC2)ccc1O,4.837435593476981,0
COc1cc(/C=C/C(=O)N2CCN(Cc3cccc(Cl)c3)CC2)ccc1O,4.811634073936852,0
COc1cc(/C=C/C(=O)N2CCN(Cc3cccc(F)c3)CC2)ccc1O,4.881735273910521,0
COc1cc(/C=C/C(=O)N2CCN(Cc3ccccc3)CC2)ccc1O,4.87484417041947,0
COc1cc(/C=C/C(=O)N2CCN(Cc3ccccc3)CC2)ccc1OC(=O)N(C)C,4.628932137728263,0
COc1cc(/C=C/C(=O)N2CCN(Cc3ccccc3)CC2)ccc1OC(=O)N(c1ccccc1)c1ccccc1,4.542118103266008,0
COc1cc(/C=C/C(=O)N2CCN(c3ccc(C)cc3)CC2)ccc1O,4.710411047457403,0
COc1cc(/C=C/C(=O)N2CCN(c3ccc(Cl)cc3)CC2)ccc1O,4.952725132615821,0
COc1cc(/C=C/C(=O)N2CCN(c3ccc(F)cc3)CC2)ccc1O,4.95703092660682,0
COc1cc(/C=C/C(=O)N2CCN(c3cccc([N+](=O)[O-])c3)CC2)ccc1O,4.6302277114030375,0
COc1cc(/C=C/C(=O)N2CCN(c3ccccc3)CC2)ccc1O,4.532539890492736,0
COc1cc(/C=C/C(=O)N2CCc3ccccc3C2)ccc1OC(=O)N(C)C,4.747146969020107,0
COc1cc(/C=C/C(=O)N2CCc3ccccc3C2)ccc1OC(=O)N(C)OC,4.910094888560602,0
COc1cc(/C=C/C(=O)N2CCc3ccccc3C2)ccc1OC(=O)N(c1ccccc1)c1ccccc1,4.515700160653214,0
COc1cc(/C=C/C(=O)NCC(=O)NCCc2c[nH]c3ccc(Cl)cc23)ccc1O,6.075720713938118,1
COc1cc(/C=C/C(=O)NCC(=O)NCCc2c[nH]c3ccccc23)ccc1O,5.847711655616943,0
COc1cc(/C=C/C(=O)NCC(=O)Nc2ccc(Br)cc2)ccc1O,4.989700043360188,0
COc1cc(/C=C/C(=O)NCC(=O)Nc2ccc(C#N)cc2)ccc1O,4.758702612890007,0
COc1cc(/C=C/C(=O)NCC(=O)Nc2ccc(C(F)(F)F)cc2)ccc1O,5.08460016478773,0
COc1cc(/C=C/C(=O)NCC(=O)Nc2ccc(C)cc2)ccc1O,4.898940645091884,0
COc1cc(/C=C/C(=O)NCC(=O)Nc2ccc(Cl)cc2)ccc1O,5.464705879957229,0
COc1cc(/C=C/C(=O)NCC(=O)Nc2ccc(F)cc2)ccc1O,4.888401475119606,0
COc1cc(/C=C/C(=O)NCC(=O)Nc2ccc3[nH]ccc3c2)ccc1O,5.241088107602026,0
COc1cc(/C=C/C(=O)NCC(=O)Nc2ccc3ncccc3c2)ccc1O,5.310691140876379,0
COc1cc(/C=C/C(=O)NCC(=O)Nc2cccc(Br)c2)ccc1O,4.883724412419456,0
COc1cc(/C=C/C(=O)NCC(=O)Nc2cccc(C#N)c2)ccc1O,4.795608668080701,0
COc1cc(/C=C/C(=O)NCC(=O)Nc2cccc(C(F)(F)F)c2)ccc1O,5.031050319018657,0
COc1cc(/C=C/C(=O)NCC(=O)Nc2cccc(C)c2)ccc1O,4.723308471154961,0
COc1cc(/C=C/C(=O)NCC(=O)Nc2cccc(Cl)c2)ccc1O,5.245651664288982,0
COc1cc(/C=C/C(=O)NCC(=O)Nc2cccc(F)c2)ccc1O,4.65521487736734,0
COc1cc(/C=C/C(=O)NCC(=O)Nc2ccccc2)ccc1O,4.658763376761308,0
COc1cc(/C=C/C(=O)NCC(=O)Nc2ccccc2C(F)(F)F)ccc1O,4.8195873671616765,0
COc1cc(/C=C/C(=O)NCC(=O)Nc2ccccc2C)ccc1O,4.788612447063141,0
COc1cc(/C=C/C(=O)NCC(=O)Nc2ccccc2Cl)ccc1O,5.242603971206975,0
COc1cc(/C=C/C(=O)NCC(=O)Nc2ccccc2F)ccc1O,4.763714722551971,0
COc1cc(/C=C/C(=O)NCC(=O)Nc2ccccc2OC)ccc1O,5.2403321553103694,0
COc1cc(/C=C/C(=O)NCCC(=O)Nc2ccc(Cl)cc2)ccc1O,5.274088367704952,0
COc1cc(/C=C/C(=O)NCCC(=O)Nc2ccccc2)ccc1O,4.831207979685818,0
COc1cc(/C=C/C(=O)NCCC2CCN(Cc3ccccc3)CC2)cc(OC)c1O,6.493494967595128,1
COc1cc(/C=C/C(=O)NCCC2CCN(Cc3ccccc3)CC2)cc(OC)c1OC,6.630784142589857,1
COc1cc(/C=C/C(=O)NCCC2CCN(Cc3ccccc3)CC2)ccc1O,6.273103932327762,1
COc1cc(/C=C/C(=O)NCCC2CCN(Cc3ccccc3)CC2)ccc1OC(C)=O,6.4698003017969175,1
COc1cc(/C=C/C(=O)NCCCCCCNc2c3c(nc4ccccc24)CCCC3)cc(OC)c1O,7.185752404268079,1
COc1cc(/C=C/C(=O)NCCCCCCNc2c3c(nc4ccccc24)CCCC3)cc(OC)c1OCc1nc(C)c(C)nc1C,6.964970717797632,1
COc1cc(/C=C/C(=O)NCCCCCCNc2c3c(nc4ccccc24)CCCC3)ccc1O,7.934047019686131,1
COc1cc(/C=C/C(=O)NCCNc2c3c(nc4ccccc24)CCCC3)ccc1OCc1ccccc1,7.258848401148215,1
COc1cc(/C=C/C(=O)NCCc2ccc(O)c(O)c2)ccc1O,5.0695604052333,0
COc1cc(/C=C/C(=O)Nc2ccc(CN(C)Cc3ccccc3)cc2)ccc1O,5.0798766737092755,0
COc1cc(/C=C/C(=O)Nc2cccc(CN(C)Cc3ccccc3)c2)ccc1O,5.2225731776106885,0
COc1cc(/C=C/C(=O)Nc2ccccc2)ccc1OCCCCCCCCCCN(C)C,5.0030507515046185,0
COc1cc(/C=C/C(=O)Nc2ccccc2)ccc1OCCCCCCCCCCN1CCCC1,4.869023308394383,0
COc1cc(/C=C/C(=O)Nc2ccccc2)ccc1OCCCCCCCCCCN1CCCCC1,4.9542859410591324,0
COc1cc(/C=C/C(=O)Nc2ccccc2)ccc1OCCCCCCCCN(C)C,5.048176964684088,0
COc1cc(/C=C/C(=O)Nc2ccccc2)ccc1OCCCCCCCCN1CCCC1,5.536107011014092,0
COc1cc(/C=C/C(=O)Nc2ccccc2)ccc1OCCCCCCCCN1CCCCC1,5.3851027839668655,0
COc1cc(/C=C/C(=O)Nc2ccccc2)ccc1OCCCCCCN(C)C,5.075720713938118,0
COc1cc(/C=C/C(=O)Nc2ccccc2)ccc1OCCCCCCN1CCCC1,5.954677021213342,0
COc1cc(/C=C/C(=O)Nc2ccccc2)ccc1OCCCCCCN1CCCCC1,6.1487416512809245,1
COc1cc(/C=C/C(=O)Nc2ccccc2)ccc1OCCCCCN(C)C,4.4812229310732254,0
COc1cc(/C=C/C(=O)Nc2ccccc2)ccc1OCCCCCN1CCCC1,5.206908399823419,0
COc1cc(/C=C/C(=O)Nc2ccccc2)ccc1OCCCCCN1CCCCC1,5.318758762624412,0
COc1cc(/C=C/C(=O)Nc2ccccc2)ccc1OCCCCN(C)C,3.9978339382434926,0
COc1cc(/C=C/C(=O)Nc2ccccc2)ccc1OCCCCN1CCCC1,4.613501034449347,0
COc1cc(/C=C/C(=O)Nc2ccccc2)ccc1OCCCCN1CCCCC1,5.146301788223825,0
COc1cc(/C=C/C(=O)Nc2ccccc2)ccc1OCCCN(C)C,4.4703130462270835,0
COc1cc(/C=C/C(=O)Nc2ccccc2)ccc1OCCCN1CCCC1,4.4301581005962385,0
COc1cc(/C=C/C(=O)Nc2ccccc2)ccc1OCCCN1CCCCC1,4.839231438138872,0
COc1cc(/C=C/C(=O)Nc2ccccc2)ccc1OCCN(C)C,4.634512015109101,0
COc1cc(/C=C/C(=O)Nc2ccccc2)ccc1OCCN1CCCC1,4.454321850207974,0
COc1cc(/C=C/C(=O)Nc2ccccc2)ccc1OCCN1CCCCC1,4.7121982700697735,0
COc1cc(/C=C/C(=O)O)ccc1OCCCCCCN1CCCC1,4.155460697870992,0
COc1cc(/C=C/C(=O)O)ccc1OCCCCCCN1CCCCC1,4.341511618690983,0
COc1cc(/C=C/C(=O)OCCCCCN(C)Cc2cccc(OC(=O)N(C)C)c2)ccc1O,7.7055337738384075,1
COc1cc(/C=C/c2cc(=O)oc3c2ccc2oc(-c4cc(OC)cc(OC)c4)cc23)cc(OC)c1,5.552841968657781,0
COc1cc(/C=C/c2cc(=O)oc3c2ccc2oc(-c4ccc(C)cc4)cc23)cc(OC)c1,5.7447274948966935,0
COc1cc(/C=C/c2cc(=O)oc3c2ccc2oc(-c4ccc(Cl)cc4)cc23)cc(OC)c1,5.7447274948966935,0
COc1cc(/C=C/c2cc(=O)oc3c2ccc2oc(-c4ccc(F)cc4)cc23)cc(OC)c1,5.7447274948966935,0
COc1cc(/C=C/c2cc(=O)oc3c2ccc2oc(-c4cccc(Cl)c4)cc23)cc(OC)c1,5.7447274948966935,0
COc1cc(/C=C/c2cc(=O)oc3c2ccc2oc(-c4cccc(F)c4)cc23)cc(OC)c1,5.7447274948966935,0
COc1cc(/C=C/c2cc(=O)oc3c2ccc2oc(-c4ccccc4)cc23)cc(OC)c1,5.7447274948966935,0
COc1cc(/C=C/c2cc(N3CCN(C)CC3)c3ccccc3[n+]2C)ccc1N1CCN(C)CC1,5.376750709602099,0
COc1cc(/C=C/c2ccc3ccccc3[n+]2C)cc(OC)c1O,5.769551078621726,0
COc1cc(/C=C/c2ccc3ccccc3[n+]2C)cc(OC)c1OC,5.795880017344075,0
COc1cc(/C=C/c2ccc3ccccc3[n+]2C)ccc1F,5.552841968657781,0
COc1cc(/C=C/c2ccc3ccccc3[n+]2C)ccc1N1CCN(C)CC1,5.6777807052660805,0
COc1cc(/C=C/c2ccc3ccccc3[n+]2C)ccc1N1CCOCC1,5.721246399047171,0
COc1cc(/C=C/c2nnc(-c3ccc(C(F)(F)F)cc3)o2)ccc1O,8.667491087293763,1
COc1cc(/C=C/c2nnc(-c3ccc(Cl)cc3)o2)ccc1O,9.476253533188435,1
COc1cc(/C=C/c2nnc(-c3ccc(Cl)cc3Cl)o2)ccc1O,9.657577319177793,1
COc1cc(/C=C/c2nnc(-c3ccc(F)cc3)o2)ccc1O,9.546681659952963,1
COc1cc(/C=C/c2nnc(-c3ccc(F)cc3F)o2)ccc1O,9.721246399047171,1
COc1cc(/C=C/c2nnc(-c3ccc(OC(F)(F)F)cc3)o2)ccc1O,8.536212172654444,1
COc1cc(/C=C2\CCc3cc([N+](=O)[O-])ccc3C2=O)c(Br)c(OC)c1OC,6.2441251443275085,1
COc1cc(/C=C2\Oc3cc(OCCN4CCCC4)ccc3C2=O)cc(OC)c1OC,6.191789027075778,1
COc1cc(/C=C2\Oc3cc(OCCN4CCCCC4)ccc3C2=O)cc(OC)c1OC,6.374687549038326,1
COc1cc(/C=N/NC(=O)N2CCN(c3ccccn3)CC2)cc(OC)c1OC,5.244887733604928,0
COc1cc(/C=N/O)c(O)c(CN2CCC(CN3CCc4cc(OC)c(OC)cc4C3)CC2)c1,3.071655364735138,0
COc1cc(/C=N/O)c(O)c(CN2CCC(CN3CCc4cc(OC)c(OC)cc4C3c3ccccc3)CC2)c1,3.2648803659181276,0
COc1cc(/C=N/O)c(O)c(CN2CCc3cc(OC)c(OC)cc3C2)c1,2.8594919569618202,0
COc1cc(/C=N/O)c(O)c(CN2CCc3cc(OC)c(OC)cc3C2c2ccccc2)c1,3.040338629726505,0
COc1cc(/C=N\C2CCN(Cc3ccccc3)C2)cc(OC)c1OC,5.108295323760817,0
COc1cc(Br)c(CN2CCN(C(c3ccc(F)cc3)c3ccc(F)cc3)CC2)cc1OC,5.994433428866706,0
COc1cc(C#N)cc[n+]1C,4.253549994445648,0
COc1cc(C(=O)NCC(=O)NNc2c3c(nc4ccccc24)CCCC3)cc(OC)c1OC,7.287350298372789,1
COc1cc(C(=O)NCCC(=O)NNc2c3c(nc4ccccc24)CCCC3)cc(OC)c1OC,7.049635145623877,1
COc1cc(C(=O)NCCCC(=O)NNc2c3c(nc4ccccc24)CCCC3)cc(OC)c1OC,6.617982957425132,1
COc1cc(C(=O)NCCCCC(=O)NNc2c3c(nc4ccccc24)CCCC3)cc(OC)c1OC,7.769551078621726,1
COc1cc(C(=O)NCCCCCC(=O)NNc2c3c(nc4ccccc24)CCCC3)cc(OC)c1OC,7.739928612014925,1
COc1cc(C(=O)NCCCCCCC(=O)NNc2c3c(nc4ccccc24)CCCC3)cc(OC)c1OC,8.247951552180561,1
COc1cc(C(=O)NCCCCCCCC(=O)NNc2c3c(nc4ccccc24)CCCC3)cc(OC)c1OC,8.280668713016274,1
COc1cc(C(=O)NCCCCCCCCC(=O)NNc2c3c(cc4ccccc24)CCCC3)cc(OC)c1OC,8.29413628771608,1
COc1cc(C(=O)NNc2c3c(nc4ccccc24)CCCC3)cc(OC)c1OC,6.413412695328245,1
COc1cc(C(=O)n2nc(OCCN3CCCC3)c3ccccc32)cc(OC)c1OC,4.935542010773082,0
COc1cc(C(C#N)N2CCCC2)cc(OC)c1OC,3.4934949675951277,0
COc1cc(C(C#N)N2CCCC2)ccc1O,3.445874418486987,0
COc1cc(C(C#N)N2CCCCC2)cc(OC)c1OC,3.419075024324381,0
COc1cc(C(C#N)N2CCCCC2)ccc1O,3.3487219860018556,0
COc1cc(C(C#N)N2CCN(C)CC2)cc(OC)c1OC,3.391473966422806,0
COc1cc(C(C#N)N2CCN(C)CC2)ccc1O,3.4682656907234497,0
COc1cc(C(C#N)N2CCOCC2)cc(OC)c1OC,3.410050398674292,0
COc1cc(C(C#N)N2CCOCC2)ccc1O,3.3880643749598773,0
COc1cc(C(C)N(C)C)c2c(c1)oc(=O)c1ccccc12,4.82102305270683,0
COc1cc(C(C)N(C)C)cc2oc(=O)c3ccccc3c12,5.552841968657781,0
COc1cc(C)cc(OC)c1OC,5.309901879901356,0
COc1cc(C2=NN(C(C)=O)C(c3ccc(-c4ccccc4)cc3)C2)cc(OC)c1OC,2.7106340484799682,0
COc1cc(C2C3=C(CCCC3=O)NC3=C2C(=O)CCC3)ccc1OCc1ccc(F)cc1,3.9030899869919438,0
COc1cc(C2CC(=O)c3c(cc(O)c(C/C=C(\C)CCC=C(C)C)c3O)O2)cc(OC)c1O,3.499900808084277,0
COc1cc(C2c3ccc4ccccc4c3Oc3nc4c(c(N)c32)CCCC4)cc(OC)c1OC,5.454692883534175,0
COc1cc(C2c3ccc4ccccc4c3Oc3nc4c(c(N)c32)CCCC4)ccc1O,6.481486060122112,1
COc1cc(CCC(=O)/C=C/CCCNc2c3c(nc4cc(Cl)ccc24)CC2CC(C)=CC3C2)ccc1O,8.173925197299173,1
COc1cc(CCC(=O)/C=C/c2ccc(CNc3c4c(nc5cc(Cl)ccc35)CC3CC(C)=CC4C3)cc2)cc(CN(C)C)c1O,7.675717544702307,1
COc1cc(CCC(=O)/C=C/c2ccc(CNc3c4c(nc5cc(Cl)ccc35)CC3CC(C)=CC4C3)cc2)ccc1O,7.73754891026957,1
COc1cc(CCC(=O)NCC(=O)NNc2c3c(nc4ccccc24)CCCC3)cc(OC)c1OC,7.39040559077478,1
COc1cc(CCC(=O)NCCC(=O)NNc2c3c(nc4ccccc24)CCCC3)cc(OC)c1OC,6.8696662315049934,1
COc1cc(CCC(=O)NCCC2CCN(Cc3ccccc3)CC2)ccc1O,5.274088367704952,0
COc1cc(CCC(=O)NCCCC(=O)NNc2c3c(nc4ccccc24)CCCC3)cc(OC)c1OC,7.142064735280571,1
COc1cc(CCC(=O)NCCCCC(=O)NNc2c3c(nc4ccccc24)CCCC3)cc(OC)c1OC,7.229147988357855,1
COc1cc(CCC(=O)NCCCCCC(=O)NNc2c3c(nc4ccccc24)CCCC3)cc(OC)c1OC,8.0762380391713,1
COc1cc(CCC(=O)NNc2c3c(nc4ccccc24)CCCC3)cc(OC)c1OC,6.437707135543525,1
COc1cc(CCCCCCCCNc2c3c(nc4cc(Cl)ccc24)CCCC3)cc(OC)c1,8.292429823902063,1
COc1cc(CCCCCCCCNc2c3c(nc4ccccc24)CCCC3)cc(OC)c1,7.3260580013659125,1
COc1cc(CCCOC(=O)Nc2ccccc2)cc2cc(-c3ccc4c(c3)OCO4)oc12,5.346787486224656,0
COc1cc(CCc2ccc(Nc3c4c(nc5cc(Cl)ccc35)CCCC4)cc2)cc(OC)c1,6.096910013008056,1
COc1cc(CCc2ccc(Nc3c4c(nc5ccccc35)CCCC4)cc2)cc(OC)c1,4.847711655616943,0
COc1cc(CN2CCC(CCC(=O)c3cc(Cl)c(N)cc3OC)CC2)ccc1O,6.2716462179787715,1
COc1cc(CNC(=O)CCCC/C=C/CCCNc2c3c(nc4cc(Cl)ccc24)CC2C=C(C)CC3C2)ccc1O,8.248720896016657,1
COc1cc(CNC(=O)CCCC/C=C/CNc2c3c(nc4cc(Cl)ccc24)CC2C=C(C)CC3C2)ccc1O,8.355561410532161,1
COc1cc(CNC(=O)CCCCCCCCNc2c3c(nc4cc(Cl)ccc24)CC2C=C(C)CC3C2)ccc1O,8.531652669587842,1
COc1cc(CNC(=O)CCCCCCCCNc2c3c(nc4cc(Cl)ccc24)CC2C=C(C)CC3C2)ccn1,8.903089986991944,1
COc1cc(CNC(=O)CCCCCCCNc2c3c(nc4cc(Cl)ccc24)CC2C=C(C)CC3C2)ccc1O,8.712198270069774,1
COc1cc(CNC(=O)CCCCCCNc2c3c(nc4cc(Cl)ccc24)CC2C=C(C)CC3C2)ccc1O,9.113509274827518,1
COc1cc(CNC(=O)CCCCCNc2c3c(nc4cc(Cl)ccc24)CC2C=C(C)CC3C2)ccc1O,8.361510743045363,1
COc1cc(CNC(=O)CCCCNc2c3c(nc4cc(Cl)ccc24)CC2C=C(C)CC3C2)ccc1O,8.261219441515632,1
COc1cc(CNC(=O)Cc2cn(CCCCC3=CC4Cc5nc6cc(Cl)ccc6c(N)c5C(C3)C4)nn2)ccc1O,8.97469413473523,1
COc1cc(CNC(=O)c2ccc(CNc3c4c(nc5cc(Cl)ccc35)CC3C=C(C)CC4C3)cc2)ccc1O,7.603800652904264,1
COc1cc(CNC2CCN(Cc3ccccc3)C2)cc(OC)c1OC,5.505149978319906,0
COc1cc(CNC2CCN(Cc3ccccc3)CC2)cc(OC)c1OC,5.657577319177793,0
COc1cc(CNCCCCCCNC2=CC(=O)C(NCCCCCCNCc3ccc(O)c(OC)c3)=CC2=O)ccc1O,6.991399828238082,1
COc1cc(CNCCCNC2=CC(=O)C(NCCCNCc3ccc(O)c(OC)c3)=CC2=O)ccc1O,6.703334809738469,1
COc1cc(CNCCCNc2c3c(nc4ccccc24)CCCCC3)ccc1O,5.521433504406156,0
COc1cc(CNc2ccnc(NC3CCN(Cc4ccccc4)CC3)n2)cc(OC)c1OC,4.987162775294828,0
COc1cc(CO)ccc1O[C@@H]1O[C@H](CO)[C@@H](O)[C@H](O)[C@H]1O,5.341988603342887,0
COc1cc(N)c(Br)cc1C(=O)CCC1CCN(CC2CCCCC2)CC1,7.00436480540245,1
COc1cc(N)c(Br)cc1C(=O)NCC1CCN(CC2CCCCC2)CC1,5.060480747381382,0
COc1cc(N)c(Cl)cc1/C(CCC1CCN(CC2CCCCC2)CC1)=N/O,7.619788758288394,1
COc1cc(N)c(Cl)cc1C(=O)C(C)CC1CCN(CC2CCCCC2)CC1,6.6968039425795105,1
COc1cc(N)c(Cl)cc1C(=O)CCC1CCN(CC2CC2)CC1,6.028260409112222,1
COc1cc(N)c(Cl)cc1C(=O)CCC1CCN(CC2CCC2)CC1,6.238824186844269,1
COc1cc(N)c(Cl)cc1C(=O)CCC1CCN(CC2CCCC2)CC1,7.161150909262744,1
COc1cc(N)c(Cl)cc1C(=O)CCC1CCN(CC2CCCCC2)CC1,7.676835903984544,1
COc1cc(N)c(Cl)cc1C(=O)CCC1CCN(CC2CCCCC2C)CC1,6.493494967595128,1
COc1cc(N)c(Cl)cc1C(=O)CCC1CCN(CC2CCCCCC2)CC1,7.2441251443275085,1
COc1cc(N)c(Cl)cc1C(=O)CCC1CCN(CC2CCNCC2)CC1,6.928117992693874,1
COc1cc(N)c(Cl)cc1C(=O)CCC1CCN(CCC2CCCCC2)CC1,6.653647025549361,1
COc1cc(N)c(Cl)cc1C(=O)CCC1CCN(Cc2ccc(O)c(O)c2)CC1,6.860435733824151,1
COc1cc(N)c(Cl)cc1C(=O)CCC1CCN(Cc2ccccc2)CC1,8.070581074285707,1
COc1cc(N)c(Cl)cc1C(=O)CCC1CCN(Cc2cccnc2)CC1,7.346787486224656,1
COc1cc(N)c(Cl)cc1C(=O)CCC1CCN(Cc2ccncc2)CC1,6.917214629683549,1
COc1cc(N)c(Cl)cc1C(=O)NC1CCN(Cc2ccccc2)CC1,6.050609993355087,1
COc1cc(N)c(Cl)cc1C(=O)NCCNCc1ccc(CN(C)C)o1,5.508638306165727,0
COc1cc(N)c(Cl)cc1C(=O)OCC1CCN(CC2CCCCC2)CC1,5.565431095965801,0
COc1cc(N)c(Cl)cc1C(O)CCC1CCN(CC2CCCCC2)CC1,5.987162775294828,0
COc1cc(N)c(F)cc1C(=O)CCC1CCN(CC2CCCCC2)CC1,7.619788758288394,1
COc1cc(N)c(I)cc1C(=O)CCC1CCN(CC2CCCCC2)CC1,6.517126416391246,1
COc1cc(N)c(I)cc1C(=O)NCC1CCN(CC2CCCCC2)CC1,5.293282217663242,0
COc1cc(N)ccc1C(=O)CCC1CCN(CC2CCCCC2)CC1,7.585026652029182,1
COc1cc(NC(=O)Cn2nc(-c3ccccc3)c(-c3ccccc3)nc2=O)cc(OC)c1,6.313363730737707,1
COc1cc(NC(=O)Cn2nc(-c3ccccc3)c(-c3ccccc3)nc2=O)cc(OC)c1OC,6.149966742310231,1
COc1cc(NCc2ccc(Oc3c(N)cccc3Cl)cc2)cc(OC)c1,5.5406075122407685,0
COc1cc(NCc2ccc(Oc3c(N)cccc3Cl)cc2)cc(OC)c1OC,5.8794260687941495,0
COc1cc(O)c(-c2cc(=O)c3c(O)cc(O)cc3o2)cc1C/C=C(\C)CCC=C(C)C,4.960585880823863,0
COc1cc(O)c(C(=O)/C=C/c2ccc(F)cc2)cc1I,8.027797161620935,1
COc1cc(O)c(C(=O)Nc2nc(C(=O)NCCN(C(C)C)C(C)C)cs2)cc1OC,5.6350128571502225,0
COc1cc(O)c(C(C)=O)c(-c2c(C)cc(O)c3oc4c(O)cc(C)c(-c5cc(OC)cc(O)c5C(=O)O)c4c23)c1,4.165579296318468,0
COc1cc(O)c2c(=O)cc(-c3ccccc3)oc2c1OC,5.609064892896621,0
COc1cc(O)c2c(=O)cc(C(=O)NCCCCCCCCCCNc3c4c(nc5cc(Cl)ccc35)CCCC4)oc2c1,10.455931955649724,1
COc1cc(O)c2c(=O)cc(C(=O)NCCCCCCCCCCNc3c4c(nc5ccccc35)CCCC4)oc2c1,9.0,1
COc1cc(O)c2c(c1)C(=O)c1cc(O)c(O)cc1CCN2,4.337242168318426,0
COc1cc(O)c2c(c1)C1=C(c3c(O)c(O)cc(C)c3-c3cc(OC)cc(O)c3C(=O)O)C(=O)C(O)=CC1(C)OC2=O,4.809668301829708,0
COc1cc(O)c2c(c1)C[C@@H]1c3c(cc4c(c3-2)OCO4)CCN1C,4.070581074285707,0
COc1cc(O)c2c(c1)C[C@H]1NCCc3c(OC)c4c(c-2c31)OCO4,3.7907531512466264,0
COc1cc(O)cc2c1Oc1c(Oc3cc(O)cc(O)c3)c(O)cc(O)c1O2,4.465973893943865,0
COc1cc(OC)c(-c2coc3c4c(ccc3c2=O)OC(C)(C)C=C4)cc1OC,3.9150664250632836,0
COc1cc(OC)c2c(=O)cc(C(=O)NCCC3CCN(Cc4ccccc4)CC3)oc2c1,6.494850021680094,1
COc1cc(OC)c2c(=O)cc(C(=O)NCCCCCCCCCCNc3c4c(nc5cc(Cl)ccc35)CCCC4)oc2c1,9.455931955649724,1
COc1cc(OC)c2c(=O)cc(C(=O)NCCCCCCCCCCNc3c4c(nc5ccccc35)CCCC4)oc2c1,8.638272163982407,1
COc1cc(OCC=C(C)C)c2ccc(=O)oc2c1,3.6197887582883936,0
COc1cc(Oc2c(O)cc(Oc3c(O)cc(O)c4c3Oc3c(O)cc(O)cc3O4)cc2O)cc2c1Oc1c(Oc3cc(O)cc(O)c3)c(O)cc(O)c1O2,4.478861916295964,0
COc1cc([C@@H](O)[C@H](CO[C@@H]2O[C@H](CO)[C@@H](O)[C@H](O)[C@H]2O)Oc2ccc(CCCO)cc2OC)ccc1O,6.1249387366083,1
COc1cc([C@@H]2CC(=O)c3c(cc(O)c(C/C=C(\C)CCC=C(C)C)c3O)O2)ccc1O,3.961777361631282,0
COc1cc([C@H]2OC[C@H]3[C@@H]2CO[C@@H]3c2cc(OC)c(OC)c(OC)c2)cc(OC)c1OC,6.210419287835574,1
COc1cc([C@H]2OC[C@H]3[C@@H]2CO[C@@H]3c2cc(OC)c3c(c2)OCO3)cc(OC)c1OC,6.337242168318426,1
COc1cc([C@H]2Oc3cc(O)c(C/C=C(\C)CCC=C(C)C)c(O)c3C(=O)[C@@H]2O)ccc1O,4.314258261397736,0
COc1cc([N+](C)(C)C)ccc1C,3.9119999997393586,0
COc1cc2[nH]c(=O)c(C(=O)NCC3CCN(Cc4ccccc4)CC3)c(O)c2cc1OC,6.638272163982407,1
COc1cc2[nH]c(C(=O)NCCC3CCN(Cc4ccccc4)CC3)cc(=O)c2cc1OC,6.769551078621726,1
COc1cc2[se]n(-c3ccc(CCN4CCCC4)cc3)c(=O)c2cc1OC,4.855737226238009,0
COc1cc2[se]n(-c3ccc(CCN4CCCCC4)cc3)c(=O)c2cc1OC,4.9779842601822795,0
COc1cc2[se]n(-c3ccc(CN4CCCC4)cc3)c(=O)c2cc1OC,5.3655227298392685,0
COc1cc2[se]n(-c3ccc(CN4CCCCC4)cc3)c(=O)c2cc1OC,5.84163750790475,0
COc1cc2[se]n(-c3ccc(OCCCCN4CCCCC4)cc3)c(=O)c2cc1OC,5.467245621007502,0
COc1cc2[se]n(-c3ccc(OCCCN4CCCCC4)cc3)c(=O)c2cc1OC,5.288192770958808,0
COc1cc2[se]n(-c3ccc(OCCN4CCCCC4)cc3)c(=O)c2cc1OC,6.346787486224656,1
COc1cc2[se]n(CCC3CCN(Cc4ccccc4)CC3)c(=O)c2cc1OC,7.013228265733755,1
COc1cc2[se]n(CCCC3CCN(Cc4ccccc4)CC3)c(=O)c2cc1OC,6.636388020107855,1
COc1cc2[se]n(CCCCC3CCN(Cc4ccccc4)CC3)c(=O)c2cc1OC,6.987162775294828,1
COc1cc2[se]n(CCCCCCNc3c4c(nc5ccccc35)CCCC4)c(=O)c2cc1OC,7.8201610719768135,1
COc1cc2c(C)c(OC)c(=O)oc2cc1OCCCCOc1cc(O)cc(N(C)C)c1,6.560667306169737,1
COc1cc2c(Nc3ccc(C(=O)/C=C/c4nc(C)c(C)nc4C)cc3)ncnc2c(OC)c1OC,7.0,1
COc1cc2c(c(CO)c1OC)C[C@H]1c3c(cc4c(c3OC)OCO4)CC[N+]1=C2,4.176525770829699,0
COc1cc2c(c(O)c1OC)CCN1Cc3c(ccc(O)c3OC)C[C@@H]21,4.050609993355087,0
COc1cc2c(c(O)c1OC)CC[N@+]1(C)Cc3c(ccc(O)c3OC)C[C@@H]21,3.8827287043442356,0
COc1cc2c(c(O)c1OC)CC[n+]1cc3c(OC)c(O)ccc3cc1-2,4.785156151952302,0
COc1cc2c(c(OC)c1)C(=O)C(C)C2,7.010098384159016,1
COc1cc2c(c(OC)c1OC)C(=O)C(C)C2,7.150150496562599,1
COc1cc2c(c(OC)c1OC)C(=O)O[C@]21[C@H](O)[C@@H](O)C=C2CCN(C)[C@H]21,3.94692155651658,0
COc1cc2c(c3c1OCOC3)C[C@H]1c3c(cc4c(c3OC)OCO4)CCN1C2,4.701146923590294,0
COc1cc2c(c3c1OCOC3)C[C@H]1c3c(cc4c(c3OC)OCO4)CC[N+]1=C2,4.723538195826756,0
COc1cc2c(cc1O)C(=O)/C(=C/C1CCN(Cc3ccccc3)CC1)C2,5.8124792791635365,0
COc1cc2c(cc1O)C(=O)C(C)C2,7.650150496562599,1
COc1cc2c(cc1O)C(=O)C(Cc1cc[n+](Cc3cccc(Cl)c3)cc1C(C)=O)C2,8.568636235841012,1
COc1cc2c(cc1O)C(Cc1ccc(O)c(Oc3cc(CC4c5cc(O)c(OC)cc5CCN4C)ccc3OC)c1)N(C)CC2,4.180456064458132,0
COc1cc2c(cc1O)C/C(=C\C1CCN(Cc3ccccc3)CC1)C2=O,5.8124792791635365,0
COc1cc2c(cc1O)CC(C)C2=O,6.420107856897075,1
COc1cc2c(cc1O)CCC(C)(CC(=O)NCCCCCCCCCNc1c3c(nc4cc(Cl)ccc14)CCCC3)O2,8.688246138944246,1
COc1cc2c(cc1O)CCC(C)(CC(=O)NCCCCCCCCCNc1c3c(nc4ccccc14)CCCC3)O2,7.2380721615794705,1
COc1cc2c(cc1O)CCC(C)(CC(=O)NCCCCCCCCNc1c3c(nc4cc(Cl)ccc14)CCCC3)O2,8.43297363384094,1
COc1cc2c(cc1O)CCC(C)(CC(=O)NCCCCCCCCNc1c3c(nc4ccccc14)CCCC3)O2,7.156144577376839,1
COc1cc2c(cc1O)CCC(C)(CC(=O)NCCCCCCCNc1c3c(nc4cc(Cl)ccc14)CCCC3)O2,8.265200170411154,1
COc1cc2c(cc1O)CCC(C)(CC(=O)NCCCCCCCNc1c3c(nc4ccccc14)CCCC3)O2,6.954677021213342,1
COc1cc2c(cc1O)CCC(C)(CC(=O)NCCCCCCNc1c3c(nc4ccccc14)CCCC3)O2,6.560667306169737,1
COc1cc2c(cc1O)CCC(C)(CC(=O)NCCOCCOCCNc1c3c(nc4cc(Cl)ccc14)CCCC3)O2,7.319664486585436,1
COc1cc2c(cc1O)CCC(C)(CCC(=O)NCCCCCCCCNc1c3c(nc4cc(Cl)ccc14)CCCC3)O2,8.20551195334083,1
COc1cc2c(cc1O)CCC(C)(CCC(=O)NCCCCCCCNc1c3c(nc4cc(Cl)ccc14)CCCC3)O2,8.100179497572904,1
COc1cc2c(cc1O)CCC(C)(CCC(=O)NCCCCCCNc1c3c(nc4cc(Cl)ccc14)CCCC3)O2,8.42021640338319,1
COc1cc2c(cc1O)CCC(C)(CCN)O2,3.995678626217358,0
COc1cc2c(cc1O)CCC(C)(CCNCCCCCCCCCNc1c3c(nc4cc(Cl)ccc14)CCCC3)O2,9.568636235841012,1
COc1cc2c(cc1O)CCC(C)(CCNCCCCCCCCNc1c3c(nc4cc(Cl)ccc14)CCCC3)O2,9.920818753952375,1
COc1cc2c(cc1O)CCC(C)(CCNCCCCCCCNc1c3c(nc4cc(Cl)ccc14)CCCC3)O2,9.356547323513812,1
COc1cc2c(cc1O)CCC(C)(CCNCCOCCOCCNc1c3c(nc4cc(Cl)ccc14)CCCC3)O2,8.078313524516398,1
COc1cc2c(cc1O)CC[n+]1cc3c(OC)c(O)ccc3cc1-2,4.749579997691106,0
COc1cc2c(cc1O)[C@@H]1Cc3ccc(OC)c(O)c3CN1CC2,3.8437538096026556,0
COc1cc2c(cc1O)[C@@H]1[C@H](O)[C@@H](O)C=C3CCN(C2)[C@H]31,3.726697721432344,0
COc1cc2c(cc1OC(C)C)CC(C)C2=O,7.235096248429931,1
COc1cc2c(cc1OC)-c1c(-c3ccc(Cl)cc3)c(/C=N/c3ccc(/N=C/c4cn5c(c4-c4ccc(Cl)cc4)-c4cc(OC)c(OC)cc4CC5)cc3)cn1CC2,5.136677139879544,0
COc1cc2c(cc1OC)-c1cc(OCCN3CCCCC3)nc(=O)n1CC2,5.301029995663981,0
COc1cc2c(cc1OC)-c1cc3ccc(OC)c(OC)c3c[n+]1CC2,5.770832187004026,0
COc1cc2c(cc1OC)-c1cccc3c1N(CC3)C2,5.412289034981089,0
COc1cc2c(cc1OC)/C(=C/c1ccc(N3CCCCC3)c(O)c1)OC2=O,7.301029995663981,1
COc1cc2c(cc1OC)/C(=C\c1ccc(N3CCCCC3)c(O)c1)OC2=O,7.920818753952375,1
COc1cc2c(cc1OC)/C(=N\N)C(CC1CCN(Cc3ccccc3)CC1)C2,6.721246399047171,1
COc1cc2c(cc1OC)/C(=N\NC(=O)C(C)c1ccc(CC(C)C)cc1)C(CC1CCN(Cc3ccccc3)CC1)C2,7.823908740944319,1
COc1cc2c(cc1OC)/C(=N\NC(=O)C(CC(C)C)NC(=O)C(C)c1ccc(CC(C)C)cc1)C(CC1CCN(Cc3ccccc3)CC1)C2,6.455931955649724,1
COc1cc2c(cc1OC)/C(=N\NC(=O)C(NC(=O)C(C)c1ccc(CC(C)C)cc1)C(C)C)C(CC1CCN(Cc3ccccc3)CC1)C2,6.3979400086720375,1
COc1cc2c(cc1OC)/C(=N\NC(=O)CCNC(=O)C(C)c1ccc(CC(C)C)cc1)C(CC1CCN(Cc3ccccc3)CC1)C2,5.314258261397736,0
COc1cc2c(cc1OC)/C(=N\NC(=O)CNC(=O)C(C)c1ccc(CC(C)C)cc1)C(CC1CCN(Cc3ccccc3)CC1)C2,5.924453038607469,0
COc1cc2c(cc1OC)/C(=N\NC(=O)c1ccccc1OC(C)=O)C(CC1CCN(Cc3ccccc3)CC1)C2,7.337242168318426,1
COc1cc2c(cc1OC)C(=O)/C(=C/C1CCN(Cc3cc(N)c4ccccc4n3)CC1)C2,7.853871964321762,1
COc1cc2c(cc1OC)C(=O)/C(=C/C1CCN(Cc3cc(N=[N+]=[N-])c4ccccc4n3)CC1)C2,5.311580177997289,0
COc1cc2c(cc1OC)C(=O)/C(=C/C1CCN(Cc3ccccc3)CC1)C2,7.236572006437063,1
COc1cc2c(cc1OC)C(=O)/C(=C/c1cc[n+](Cc3ccc(Br)cc3)cc1)C2,7.15676722190199,1
COc1cc2c(cc1OC)C(=O)/C(=C/c1cc[n+](Cc3ccc(C)cc3)cc1)C2,7.730487055782084,1
COc1cc2c(cc1OC)C(=O)/C(=C/c1cc[n+](Cc3ccc(F)cc3)cc1)C2,8.387216143280265,1
COc1cc2c(cc1OC)C(=O)/C(=C/c1cc[n+](Cc3ccc(F)cc3)cc1)OC2,9.823908740944319,1
COc1cc2c(cc1OC)C(=O)/C(=C/c1cc[n+](Cc3ccc([N+](=O)[O-])cc3)cc1)C2,7.22548303427145,1
COc1cc2c(cc1OC)C(=O)/C(=C/c1cc[n+](Cc3cccc(Br)c3)cc1)C2,8.2839966563652,1
COc1cc2c(cc1OC)C(=O)/C(=C/c1cc[n+](Cc3cccc(C)c3)cc1)C2,8.397940008672037,1
COc1cc2c(cc1OC)C(=O)/C(=C/c1cc[n+](Cc3cccc(F)c3)cc1)C2,8.537602002101044,1
COc1cc2c(cc1OC)C(=O)/C(=C/c1cc[n+](Cc3cccc([N+](=O)[O-])c3)cc1)C2,8.443697499232712,1
COc1cc2c(cc1OC)C(=O)/C(=C/c1cc[n+](Cc3ccccc3)cc1)C2,8.468521082957745,1
COc1cc2c(cc1OC)C(=O)/C(=C/c1cc[n+](Cc3ccccc3Br)cc1)C2,8.42021640338319,1
COc1cc2c(cc1OC)C(=O)/C(=C/c1cc[n+](Cc3ccccc3C)cc1)C2,8.236572006437063,1
COc1cc2c(cc1OC)C(=O)/C(=C/c1cc[n+](Cc3ccccc3F)cc1)C2,9.096910013008056,1
COc1cc2c(cc1OC)C(=O)/C(=C/c1ccc(CN(C)C)c(O)c1)O2,4.614393726401688,0
COc1cc2c(cc1OC)C(=O)/C(=C/c1ccc(CN(C)Cc3ccccc3)c(O)c1)O2,4.580044251510242,0
COc1cc2c(cc1OC)C(=O)/C(=C/c1ccc(CN(C)Cc3ccccc3)cc1)C2,5.943095148663527,0
COc1cc2c(cc1OC)C(=O)/C(=C/c1ccc(CN(C)Cc3ccccc3)cc1)CC2,6.7447274948966935,1
COc1cc2c(cc1OC)C(=O)/C(=C/c1ccc(CN3CCCC3)c(O)c1)O2,5.8794260687941495,0
COc1cc2c(cc1OC)C(=O)/C(=C/c1ccc(CN3CCCCC3)c(O)c1)O2,7.430626090384954,1
COc1cc2c(cc1OC)C(=O)/C(=C/c1ccc(CN3CCN(C)CC3)c(O)c1)O2,4.853871964321762,0
COc1cc2c(cc1OC)C(=O)/C(=C/c1ccc(CN3CCOCC3)c(O)c1)O2,5.221848749616356,0
COc1cc2c(cc1OC)C(=O)/C(=C/c1ccc(N3CCN(C)CC3)cc1)C2,6.494850021680094,1
COc1cc2c(cc1OC)C(=O)/C(=C/c1ccc(N3CC[N+](C)(CCO)CC3)cc1)C2,5.958607314841775,0
COc1cc2c(cc1OC)C(=O)/C(=C/c1ccc(N3CC[N+](C)(Cc4ccc(Br)cc4)CC3)cc1)C2,5.5934598195660445,0
COc1cc2c(cc1OC)C(=O)/C(=C/c1ccc(N3CC[N+](C)(Cc4cccc(Br)c4)CC3)cc1)C2,5.701146923590294,0
COc1cc2c(cc1OC)C(=O)/C(=C/c1ccc(N3CC[N+](C)(Cc4cccc(Cl)c4)CC3)cc1)C2,6.494850021680094,1
COc1cc2c(cc1OC)C(=O)/C(=C/c1ccc(N3CC[N+](C)(Cc4ccccc4)CC3)cc1)C2,6.431798275933005,1
COc1cc2c(cc1OC)C(=O)/C(=C/c1ccc(N3CC[N+](C)(Cc4ccccc4Br)CC3)cc1)C2,6.267606240177031,1
COc1cc2c(cc1OC)C(=O)/C(=C/c1ccc(N3CC[N+](C)(Cc4ccccc4Cl)CC3)cc1)C2,6.318758762624412,1
COc1cc2c(cc1OC)C(=O)/C(=C/c1ccc(N3CC[N+](C)(Cc4ccccn4)CC3)cc1)C2,6.42021640338319,1
COc1cc2c(cc1OC)C(=O)/C(=C/c1ccc(O)c(CN(C)C)c1)O2,6.292429823902063,1
COc1cc2c(cc1OC)C(=O)/C(=C/c1ccc(OCCN3CCCCC3)cc1)C2,6.522878745280337,1
COc1cc2c(cc1OC)C(=O)/C(=C/c1ccc(OCCN[N+]3(C)CCN(c4ccc(/C=C5\Cc6cc(OC)c(OC)cc6C5=O)cc4)CC3)cc1)C2,4.619788758288394,0
COc1cc2c(cc1OC)C(=O)C(C)C2,7.350111288507793,1
COc1cc2c(cc1OC)C(=O)C(C1CC[N+](C)(Cc3ccccc3)CC1)=C2,6.6020599913279625,1
COc1cc2c(cc1OC)C(=O)C(CC1C=CN(Cc3cccc(Cl)c3)C=C1C(N)=O)C2,4.920990654809667,0
COc1cc2c(cc1OC)C(=O)C(CC1C=CN(Cc3ccccc3)C=C1C(C)=O)CC2,6.430466948952491,1
COc1cc2c(cc1OC)C(=O)C(CC1C=CN(Cc3ccccc3C)C=C1C(C)=O)C2,6.368556230986828,1
COc1cc2c(cc1OC)C(=O)C(CC1CCN(CC3CCCCC3)CC1)C2,8.045757490560675,1
COc1cc2c(cc1OC)C(=O)C(CC1CCN(CCCNc3c4c(nc5cc(Cl)ccc35)CCCC4)CC1)C2,9.568636235841012,1
COc1cc2c(cc1OC)C(=O)C(CC1CCN(CCCNc3c4c(nc5ccccc35)CCCC4)CC1)C2,9.05551732784983,1
COc1cc2c(cc1OC)C(=O)C(CC1CCN(CCNc3c4c(nc5cc(Cl)ccc35)CCCC4)CC1)C2,9.173925197299173,1
COc1cc2c(cc1OC)C(=O)C(CC1CCN(Cc3cc(N)c4ccccc4n3)CC1)C2,6.1487416512809245,1
COc1cc2c(cc1OC)C(=O)C(CC1CCN(Cc3ccc(C(F)(F)F)cc3)CC1)C2,5.265200170411153,0
COc1cc2c(cc1OC)C(=O)C(CC1CCN(Cc3ccc(C)cc3)CC1)C2,6.896196279044043,1
COc1cc2c(cc1OC)C(=O)C(CC1CCN(Cc3ccc(Cl)cc3)CC1)C2,5.543633966870956,0
COc1cc2c(cc1OC)C(=O)C(CC1CCN(Cc3ccc(F)cc3)CC1)C2,7.3872161432802645,1
COc1cc2c(cc1OC)C(=O)C(CC1CCN(Cc3ccc(O)c4ncccc34)CC1)C2,4.679853713888946,0
COc1cc2c(cc1OC)C(=O)C(CC1CCN(Cc3ccc([N+](=O)[O-])cc3)CC1)C2,5.718966632752272,0
COc1cc2c(cc1OC)C(=O)C(CC1CCN(Cc3ccc4cccc(O)c4n3)CC1)C2,4.525783735923745,0
COc1cc2c(cc1OC)C(=O)C(CC1CCN(Cc3ccc4ccccc4n3)CC1)C2,5.074172425375258,0
COc1cc2c(cc1OC)C(=O)C(CC1CCN(Cc3cccc(Br)n3)CC1)C2,5.703334809738469,0
COc1cc2c(cc1OC)C(=O)C(CC1CCN(Cc3cccc(C(F)(F)F)c3)CC1)C2,5.673664139071248,0
COc1cc2c(cc1OC)C(=O)C(CC1CCN(Cc3cccc(C)c3)CC1)C2,7.055517327849831,1
COc1cc2c(cc1OC)C(=O)C(CC1CCN(Cc3cccc(C)n3)CC1)C2,7.136677139879544,1
COc1cc2c(cc1OC)C(=O)C(CC1CCN(Cc3cccc(Cl)c3)CC1)C2,6.943095148663527,1
COc1cc2c(cc1OC)C(=O)C(CC1CCN(Cc3cccc(Cl)n3)CC1)C2,6.054039296422431,1
COc1cc2c(cc1OC)C(=O)C(CC1CCN(Cc3cccc(F)c3)CC1)C2,7.267606240177031,1
COc1cc2c(cc1OC)C(=O)C(CC1CCN(Cc3cccc(F)n3)CC1)C2,6.709965388637482,1
COc1cc2c(cc1OC)C(=O)C(CC1CCN(Cc3cccc([N+](=O)[O-])c3)CC1)C2,6.185752404268079,1
COc1cc2c(cc1OC)C(=O)C(CC1CCN(Cc3ccccc3)CC1)C2,7.638635896290604,1
COc1cc2c(cc1OC)C(=O)C(CC1CCN(Cc3ccccc3C(F)(F)F)CC1)C2,5.3124710387853655,0
COc1cc2c(cc1OC)C(=O)C(CC1CCN(Cc3ccccc3C)CC1)C2,6.614393726401688,1
COc1cc2c(cc1OC)C(=O)C(CC1CCN(Cc3ccccc3Cl)CC1)C2,7.013228265733755,1
COc1cc2c(cc1OC)C(=O)C(CC1CCN(Cc3ccccc3F)CC1)C2,7.494850021680094,1
COc1cc2c(cc1OC)C(=O)C(CC1CCN(Cc3ccccc3[N+](=O)[O-])CC1)C2,5.507239610973162,0
COc1cc2c(cc1OC)C(=O)C(CC1CCN(Cc3ccccn3)CC1)C2,6.8326826652518236,1
COc1cc2c(cc1OC)C(=O)C(CC1CCN(Cc3ncc(C)cc3C)CC1)C2,6.089375595110798,1
COc1cc2c(cc1OC)C(=O)C(CC1CCN(Cc3ncccc3C)CC1)C2,6.94692155651658,1
COc1cc2c(cc1OC)C(=O)C(CC1CCN(c3ccccc3)CC1)C2,8.244125144327509,1
COc1cc2c(cc1OC)C(=O)C(CC1CC[N+](C)(Cc3ccccc3)CC1)C2,7.6020599913279625,1
COc1cc2c(cc1OC)C(=O)C(CCCCCCCc1cccc(OC)[n+]1C)C2,6.644941317444092,1
COc1cc2c(cc1OC)C(=O)C(CCCCCCc1cccc(OC)[n+]1C)C2,7.0774509799928715,1
COc1cc2c(cc1OC)C(=O)C(CCCCCc1cccc(OC)[n+]1C)C2,6.903437700822769,1
COc1cc2c(cc1OC)C(=O)C(Cc1cc[n+](CCc3ccccc3)cc1C(N)=O)C2,6.047691990337874,1
COc1cc2c(cc1OC)C(=O)C(Cc1cc[n+](Cc3cccc(C)c3)cc1C(C)=O)C2,7.853871964321762,1
COc1cc2c(cc1OC)C(=O)C(Cc1cc[n+](Cc3cccc(C)n3)cc1C(N)=O)C2,5.730253626869233,0
COc1cc2c(cc1OC)C(=O)C(Cc1cc[n+](Cc3cccc(Cl)c3)cc1C(C)=O)C2,8.485452247339714,1
COc1cc2c(cc1OC)C(=O)C(Cc1cc[n+](Cc3cccc(Cl)c3)cc1C(C)=O)CC2,7.6777807052660805,1
COc1cc2c(cc1OC)C(=O)C(Cc1cc[n+](Cc3cccc(Cl)c3)cc1C(N)=O)C2,7.3872161432802645,1
COc1cc2c(cc1OC)C(=O)C(Cc1cc[n+](Cc3ccccc3)cc1)C2,7.437707135543525,1
COc1cc2c(cc1OC)C(=O)C(Cc1cc[n+](Cc3ccccc3)cc1Br)C2,9.443697499232712,1
COc1cc2c(cc1OC)C(=O)C(Cc1cc[n+](Cc3ccccc3)cc1C#N)C2,8.534617148551582,1
COc1cc2c(cc1OC)C(=O)C(Cc1cc[n+](Cc3ccccc3)cc1C(C)=O)C2,7.7447274948966935,1
COc1cc2c(cc1OC)C(=O)C(Cc1cc[n+](Cc3ccccc3)cc1C(C)=O)CC2,7.619788758288394,1
COc1cc2c(cc1OC)C(=O)C(Cc1cc[n+](Cc3ccccc3C)cc1C(C)=O)C2,8.05551732784983,1
COc1cc2c(cc1OC)C(=O)C(Cc1cc[n+](Cc3ccccc3C)cc1C(N)=O)C2,6.168770306132936,1
COc1cc2c(cc1OC)C(=O)C(Cc1cc[n+](Cc3ccccc3Cl)cc1C(C)=O)C2,7.7447274948966935,1
COc1cc2c(cc1OC)C(=O)C(Cc1cc[n+](Cc3nc4ccccc4o3)cc1C(N)=O)C2,5.033060836978887,0
COc1cc2c(cc1OC)C(=O)C(Cc1cn(CC3CCN(Cc4ccccc4)CC3)nn1)C2,5.308034897232639,0
COc1cc2c(cc1OC)C(=O)C(Oc1ccc(CN3CCCC3)cc1)C2,7.301029995663981,1
COc1cc2c(cc1OC)C(=O)C1(C2)C(c2ccc(F)cc2)C(c2ccccc2)NC12C(=O)Nc1ccc(Cl)cc12,5.006123085058789,0
COc1cc2c(cc1OC)C(=O)C1(C2)C(c2ccc(F)cc2)C(c2ccccc2)NC12C(=O)Nc1ccc([N+](=O)[O-])cc12,4.844663962534939,0
COc1cc2c(cc1OC)C(=O)C1(C2)C(c2ccc(F)cc2)C(c2ccccc2)NC12C(=O)Nc1ccccc12,5.163675884293248,0
COc1cc2c(cc1OC)C(=O)C1(C2)C(c2ccc(F)cc2)CN(C)C12C(=O)Nc1ccc(Cl)cc12,5.431798275933005,0
COc1cc2c(cc1OC)C(=O)C1(C2)C(c2ccc(F)cc2)CN(C)C12C(=O)Nc1ccc([N+](=O)[O-])cc12,5.065501548756432,0
COc1cc2c(cc1OC)C(=O)C1(C2)C(c2ccc(F)cc2)CN(C)C12C(=O)Nc1ccccc12,5.673664139071248,0
COc1cc2c(cc1OC)C(=O)C1(C2)C(c2ccccc2)C(c2ccccc2)NC12C(=O)Nc1ccc(Cl)cc12,5.139063379299906,0
COc1cc2c(cc1OC)C(=O)C1(C2)C(c2ccccc2)C(c2ccccc2)NC12C(=O)Nc1ccc([N+](=O)[O-])cc12,5.431798275933005,0
COc1cc2c(cc1OC)C(=O)C1(C2)C(c2ccccc2)C(c2ccccc2)NC12C(=O)Nc1ccccc12,5.290730039024169,0
COc1cc2c(cc1OC)C(=O)C1(C2)C(c2ccccc2)CN(C)C12C(=O)Nc1ccc(Cl)cc12,4.950781977329818,0
COc1cc2c(cc1OC)C(=O)C1(C2)C(c2ccccc2)CN(C)C12C(=O)Nc1ccc([N+](=O)[O-])cc12,4.87942606879415,0
COc1cc2c(cc1OC)C(=O)C1(C2)C(c2ccccc2)CN(C)C12C(=O)Nc1ccccc12,5.505845405981557,0
COc1cc2c(cc1OC)C(=O)C1(C2)C(c2ccccc2Cl)C(c2ccccc2)NC12C(=O)Nc1ccc(Cl)cc12,4.913640169325252,0
COc1cc2c(cc1OC)C(=O)C1(C2)C(c2ccccc2Cl)C(c2ccccc2)NC12C(=O)Nc1ccc([N+](=O)[O-])cc12,5.376750709602099,0
COc1cc2c(cc1OC)C(=O)C1(C2)C(c2ccccc2Cl)C(c2ccccc2)NC12C(=O)Nc1ccccc12,5.136677139879544,0
COc1cc2c(cc1OC)C(=O)C1(C2)C(c2ccccc2Cl)CN(C)C12C(=O)Nc1ccc(Cl)cc12,5.180456064458131,0
COc1cc2c(cc1OC)C(=O)C1(C2)C(c2ccccc2Cl)CN(C)C12C(=O)Nc1ccc([N+](=O)[O-])cc12,5.119186407719209,0
COc1cc2c(cc1OC)C(=O)C1(C2)C(c2ccccc2Cl)CN(C)C12C(=O)Nc1ccccc12,5.366531544420413,0
COc1cc2c(cc1OC)C(=O)[C@]1(C2)[C@H](c2ccc(C)cc2)[C@H](Cc2c[nH]c3ccccc23)NC12C(=O)Nc1ccccc12,4.846490010699163,0
COc1cc2c(cc1OC)C(=O)[C@]1(C2)[C@H](c2cccc([N+](=O)[O-])c2)[C@H](Cc2c[nH]c3ccccc23)NC12C(=O)Nc1ccccc12,5.723538195826755,0
COc1cc2c(cc1OC)C(=O)[C@]1(C2)[C@H](c2ccccc2OC)[C@H](Cc2c[nH]c3ccccc23)NC12C(=O)Nc1ccccc12,5.559090917934782,0
COc1cc2c(cc1OC)C(Cc1ccc(OCCCCCCN(C)C)cc1)NCC2,5.146910470148134,0
COc1cc2c(cc1OC)C(Cc1ccc(OCCCCCCN3CCC(O)(Cc4ccccc4)CC3)cc1)NCC2,4.40197592766581,0
COc1cc2c(cc1OC)C(Cc1ccc(OCCCCCCN3CCC(O)CC3)cc1)NCC2,5.018181392829336,0
COc1cc2c(cc1OC)C(Cc1ccc(OCCCCCCN3CCC(c4ccccc4)CC3)cc1)NCC2,5.0301183562534995,0
COc1cc2c(cc1OC)C(Cc1ccc(OCCCCCCN3CCCC3)cc1)NCC2,5.525783735923745,0
COc1cc2c(cc1OC)C(Cc1ccc(OCCCCCCN3CCCC3C)cc1)NCC2,5.346787486224656,0
COc1cc2c(cc1OC)C(Cc1ccc(OCCCCCCN3CCCCC3)cc1)NCC2,5.669586226650809,0
COc1cc2c(cc1OC)C(Cc1ccc(OCCCCCCN3CCCCC3C)cc1)NCC2,5.657577319177793,0
COc1cc2c(cc1OC)C(Cc1ccc(OCCCCCCN3CCN(Cc4ccccc4)CC3)cc1)NCC2,5.252588192113577,0
COc1cc2c(cc1OC)C(Cc1ccc(OCCCCCCN3CCN(c4ccccc4)CC3)cc1)NCC2,4.7870138152633315,0
COc1cc2c(cc1OC)C(Cc1ccc(OCCCCCCN3CCOCC3)cc1)NCC2,4.450016388840311,0
COc1cc2c(cc1OC)C(NC(=O)CN1CCN(Cc3ccccc3)CC1)c1cnn(-c3ccccc3)c1-2,5.52432881167557,0
COc1cc2c(cc1OC)C(NC(=O)CN1CCN(Cc3ccccc3)CC1)c1cnn(C)c1-2,5.735182176990463,0
COc1cc2c(cc1OC)C(NC(=O)CN1CCN(Cc3ccccc3F)CC1)c1cnn(-c3ccccc3)c1-2,5.614393726401688,0
COc1cc2c(cc1OC)C(NC(=O)CN1CCN(Cc3ccccc3F)CC1)c1cnn(C)c1-2,5.61261017366127,0
COc1cc2c(cc1OC)C(O)C(CC1CCN(c3ccccc3)CC1)C2,6.522878745280337,1
COc1cc2c(cc1OC)C(c1cccc([N+](=O)[O-])c1)N(CCCCCCc1cn(CCNc3c4c(nc5cc(Cl)ccc35)CC3C=C(C)CC4C3)nn1)CC2,8.40340290437354,1
COc1cc2c(cc1OC)C(c1ccccc1)N(CC1CCN(Cc3cc(Br)cc(/C=N/O)c3O)CC1)CC2,3.0099276653078473,0
COc1cc2c(cc1OC)C(c1ccccc1)N(CC1CCN(Cc3cc(C)cc(/C=N/O)c3O)CC1)CC2,3.280088935801661,0
COc1cc2c(cc1OC)C(c1ccccc1)N(CC1CCN(Cc3cc(Cl)cc(/C=N/O)c3O)CC1)CC2,3.026502691267937,0
COc1cc2c(cc1OC)C(c1ccccc1)N(CC1CCN(Cc3cc(F)cc(/C=N/O)c3O)CC1)CC2,3.1646265475299913,0
COc1cc2c(cc1OC)C(c1ccccc1)N(CC1CCN(Cc3ccc(O)c(/C=N/O)c3)CC1)CC2,3.631341287607773,0
COc1cc2c(cc1OC)C(c1ccccc1)N(CC1CCN(Cc3cccc(/C=N/O)c3O)CC1)CC2,3.1305335899191338,0
COc1cc2c(cc1OC)C(c1ccccc1)N(CCCCCCc1cc(C)nc(/C=N/O)c1O)CC2,3.5228787452803374,0
COc1cc2c(cc1OC)C(c1ccccc1)N(CCCCCCn1ccnc1/C=N/O)CC2,3.0604807473813818,0
COc1cc2c(cc1OC)C(c1ccccc1)N(CCCCCc1ccc(O)c(/C=N/O)n1)CC2,3.0506099933550868,0
COc1cc2c(cc1OC)C(c1ccccc1)N(CCCCCc1ccnc(/C=N/O)c1O)CC2,3.4948500216800937,0
COc1cc2c(cc1OC)C(c1ccccc1)N(CCCCCn1ccnc1/C=N/O)CC2,3.031517051446065,0
COc1cc2c(cc1OC)C(c1ccccc1)N(CCCc1ccc(O)c(/C=N/O)n1)CC2,3.585026652029182,0
COc1cc2c(cc1OC)C(c1ccccc1)N(CCc1cn(CCCCC3=C[C@H]4Cc5nc6cc(Cl)ccc6c(N)c5[C@H](C3)C4)nn1)CC2,9.366531544420413,1
COc1cc2c(cc1OC)C(c1ccccc1)N(Cc1cc(Br)cc(/C=N/O)c1O)CC2,3.047788941891331,0
COc1cc2c(cc1OC)C(c1ccccc1)N(Cc1cc(C)cc(/C=N/O)c1O)CC2,2.9492336887669577,0
COc1cc2c(cc1OC)C(c1ccccc1)N(Cc1cc(Cl)cc(/C=N/O)c1O)CC2,2.9182927299026504,0
COc1cc2c(cc1OC)C(c1ccccc1)N(Cc1cc(F)cc(/C=N/O)c1O)CC2,3.122225650008602,0
COc1cc2c(cc1OC)C(c1ccccc1)N(Cc1ccc(O)c(/C=N/O)c1)CC2,3.2037032599482087,0
COc1cc2c(cc1OC)C(c1ccccc1)N(Cc1cccc(/C=N/O)c1O)CC2,3.0420098215931697,0
COc1cc2c(cc1OC)CC(CC1CCN(CCCNc3c4c(nc5cc(Cl)ccc35)CC3C=C(C)CC4C3)CC1)C2,8.426692603481083,1
COc1cc2c(cc1OC)CC(CC1CCN(CCCNc3c4c(nc5cc(Cl)ccc35)CCCC4)CC1)C2,8.97469413473523,1
COc1cc2c(cc1OC)CC(CC1CCN(CCCNc3c4c(nc5ccccc35)CCCC4)CC1)C2,8.665546248849068,1
COc1cc2c(cc1OC)CC(CC1CCN(CCNc3c4c(nc5cc(Cl)ccc35)CC3C=C(C)CC4C3)CC1)C2,7.886056647693163,1
COc1cc2c(cc1OC)CC(CC1CCN(CCNc3c4c(nc5cc(Cl)ccc35)CCCC4)CC1)C2,8.585026652029182,1
COc1cc2c(cc1OC)CC(CC1CCN(CCNc3c4c(nc5ccccc35)CCCC4)CC1)C2,8.289882634888183,1
COc1cc2c(cc1OC)CC(CC1CCN(c3ccccc3)CC1)=C2,5.356547323513812,0
COc1cc2c(cc1OC)CN(CC1CCN(Cc3cc(Br)cc(/C=N/O)c3O)CC1)CC2,3.2456516642889808,0
COc1cc2c(cc1OC)CN(CC1CCN(Cc3cc(C)cc(/C=N/O)c3O)CC1)CC2,3.379343520180379,0
COc1cc2c(cc1OC)CN(CC1CCN(Cc3cc(Cl)cc(/C=N/O)c3O)CC1)CC2,3.1960651501361586,0
COc1cc2c(cc1OC)CN(CC1CCN(Cc3cc(F)cc(/C=N/O)c3O)CC1)CC2,3.181708109200004,0
COc1cc2c(cc1OC)CN(CC1CCN(Cc3ccc(O)c(/C=N/O)c3)CC1)CC2,3.405276053590253,0
COc1cc2c(cc1OC)CN(CC1CCN(Cc3cccc(/C=N/O)c3O)CC1)CC2,3.0956090799876383,0
COc1cc2c(cc1OC)CN(Cc1cc(Br)cc(/C=N/O)c1O)CC2,3.0192242260373785,0
COc1cc2c(cc1OC)CN(Cc1cc(C)cc(/C=N/O)c1O)CC2,2.9755143323008326,0
COc1cc2c(cc1OC)CN(Cc1cc(Cl)cc(/C=N/O)c1O)CC2,2.8049310035314097,0
COc1cc2c(cc1OC)CN(Cc1cc(F)cc(/C=N/O)c1O)CC2,3.1595802222635134,0
COc1cc2c(cc1OC)CN(Cc1ccc(O)c(/C=N/O)c1)CC2,3.252355180671752,0
COc1cc2c(cc1OC)CN(Cc1cccc(/C=N/O)c1O)CC2,2.897909474488163,0
COc1cc2c(cc1OC)CN(c1cc[n+](Cc3ccc(C[n+]4ccc(N5CCCCC5)cc4)cc3)cc1)CC2,7.207608310501746,1
COc1cc2c(cc1OC)C[N+](C)(CCCCCCCc1cccc(OC)[n+]1C)CC2,7.13420561740663,1
COc1cc2c(cc1OC)C[N+](C)(CCCCCCc1cccc(OC)[n+]1C)CC2,6.772577569995745,1
COc1cc2c(cc1OC)C[N+](C)(CCCCCc1cccc(OC)[n+]1C)CC2,6.3191360819912035,1
COc1cc2c(cc1OC)C[N+](C)(CCCCc1cccc(OC)[n+]1C)CC2,5.271816983435478,0
COc1cc2c(cc1OC)SC(C(=O)CC(O)C1CC[N+](C)(Cc3ccccc3)CC1)C2,6.721246399047171,1
COc1cc2c(cc1OC)SC(C(=O)CC1(O)CC[N+](C)(Cc3ccccc3)CC1)C2,7.045757490560675,1
COc1cc2c(cc1OC)SC(C(=O)CC1C=CC[N+](C)(Cc3ccccc3)CC1)C2,6.1249387366083,1
COc1cc2c(cc1OC)SC(C(=O)CCc1cc[n+](C)cc1)C2,6.045757490560675,1
COc1cc2c(cc1OC)SC(C(=O)CCc1cc[n+](CC3CC3)cc1)C2,6.958607314841775,1
COc1cc2c(cc1OC)SC(C(=O)CCc1cc[n+](CC3CCC3)cc1)C2,7.3979400086720375,1
COc1cc2c(cc1OC)SC(C(=O)CCc1cc[n+](Cc3ccc(F)cc3)cc1)C2,8.585026652029182,1
COc1cc2c(cc1OC)SC(C(=O)CCc1cc[n+](Cc3ccccc3)cc1)C2,8.337242168318426,1
COc1cc2c(cc1OC)SC(C(=O)CCc1cc[n+](Cc3ccsc3)cc1)C2,8.221848749616356,1
COc1cc2c(cc1OC)SC(C(=O)CCc1cc[n+](Cc3coc([N+](=O)[O-])c3)cc1)C2,8.346787486224656,1
COc1cc2c(cc1OC)SC(CC1CC[N+](C)(Cc3ccccc3)CC1)C2,4.522878745280337,0
COc1cc2c(cc1OC)[C@@H]1C(=O)c3ccc4c(c3O[C@@H]1CO2)C=CC(C)(C)O4,3.8972233851165585,0
COc1cc2c(cc1OC)[C@@H]1Cc3ccc(O)c(OC)c3CN1CC2,3.6753060861382254,0
COc1cc2c(cc1OC)[C@@H]1[C@H](O)[C@@H](OC)C=C3CCN(C2)[C@H]31,5.214670164989233,0
COc1cc2c(cc1OC)[C@]1(O)C(=O)c3ccc4c(c3O[C@@H]1CO2)C=CC(C)(C)O4,3.895581179352405,0
COc1cc2c(cc1OC)[C@]1(OC2=O)[C@H](O)[C@@H](O)C=C2CCN(C)[C@H]21,5.634512015109101,0
COc1cc2c(cc1OC)[Se](=O)N(CCC1CCN(Cc3ccccc3)CC1)C2=O,6.787812395596042,1
COc1cc2c(cc1OCCN1CCCCC1)C(=O)/C(=C/c1ccc(N(C)C)cc1)C2,6.54500278269054,1
COc1cc2c(cc1OCc1ccccc1)CCC(C)(CC(=O)NCCCCCCCCCNc1c3c(nc4cc(Cl)ccc14)CCCC3)O2,8.10292299679058,1
COc1cc2c(cc1OCc1ccccc1)CCC(C)(CC(=O)NCCCCCCCCNc1c3c(nc4cc(Cl)ccc14)CCCC3)O2,7.982966660701219,1
COc1cc2c(cc1OCc1ccccc1)CCC(C)(CC(=O)NCCCCCCCNc1c3c(nc4cc(Cl)ccc14)CCCC3)O2,8.15552282425432,1
COc1cc2c(cc1OCc1ccccc1)CCC(C)(CC(=O)NCCCCCCNc1c3c(nc4cc(Cl)ccc14)CCCC3)O2,7.958607314841775,1
COc1cc2c3c(c1)c1cc(=O)c(OC)cc-1cn3CC2,4.448428026325747,0
COc1cc2c3cc1Oc1c(O)c(OC)cc4c1[C@@H](Cc1ccc(O)c(c1)Oc1ccc(cc1)C[C@@H]3N(C)CC2)N(C)CC4,4.013228265733755,0
COc1cc2c[n+]3c(cc2c(CO)c1OC)-c1c(cc2c(c1OC)OCO2)CC3,4.698970004336019,0
COc1cc2cc(-c3ccc(CN(C)Cc4ccc(C)cc4)cc3)c(=O)oc2cc1OC,6.508638306165727,1
COc1cc2cc(-c3ccc(CN(C)Cc4ccc([N+](=O)[O-])cc4)cc3)c(=O)oc2cc1OC,4.609064892896621,0
COc1cc2cc(-c3ccc(CN(C)Cc4cccc(C)c4)cc3)c(=O)oc2cc1OC,6.913640169325252,1
COc1cc2cc(-c3ccc(CN(C)Cc4cccc([N+](=O)[O-])c4)cc3)c(=O)oc2cc1OC,6.434152181326482,1
COc1cc2cc(-c3ccc(CN(C)Cc4ccccc4)cc3)c(=O)oc2cc1OC,7.352185248407372,1
COc1cc2cc(-c3ccc(CN(C)Cc4ccccc4C)cc3)c(=O)oc2cc1OC,6.436518914605589,1
COc1cc2cc(-c3ccc(CN(C)Cc4ccccc4[N+](=O)[O-])cc3)c(=O)oc2cc1OC,6.005682847330363,1
COc1cc2cc(-c3ccc(CN(CCO)Cc4ccccc4)cc3)c(=O)oc2cc1OC,7.30715308072277,1
COc1cc2cc(-c3ccc(C[N+](C)(C)Cc4ccccc4)cc3)c(=O)oc2cc1OC,7.978810700930062,1
COc1cc2cc(-c3cccc(CN(C)Cc4ccccc4)c3)c(=O)oc2cc1OC,6.694648630553376,1
COc1cc2cc(C(=O)C3=CC[N+](C)(Cc4ccccc4)CC3)sc2cc1OC,6.2839966563652006,1
COc1cc2cc(C(=O)C3CCC[N+](C)(CC#N)CC3)sc2cc1OC,6.0,1
COc1cc2cc(C(=O)C3CCC[N+](C)(CC(=O)OC(C)(C)C)CC3)sc2cc1OC,7.102372908709558,1
COc1cc2cc(C(=O)C3CCC[N+](C)(CC4CCCCO4)CC3)sc2cc1OC,7.552841968657781,1
COc1cc2cc(C(=O)C3CCC[N+](C)(CCOc4ccccc4)CC3)sc2cc1OC,6.4089353929735005,1
COc1cc2cc(C(=O)C3CCC[N+](C)(Cc4ccc([N+](=O)[O-])o4)CC3)sc2cc1OC,7.494850021680094,1
COc1cc2cc(C(=O)C3CCC[N+](C)(Cc4ccccc4)CC3)sc2cc1OC,8.096910013008056,1
COc1cc2cc(C(=O)C3CC[N+](C)(Cc4ccccc4)CCC3O)sc2cc1OC,7.366531544420413,1
COc1cc2cc(C(=O)C3CC[N+](C)(Cc4ccccc4)CCC3OC)sc2cc1OC,6.920818753952375,1
COc1cc2cc(C(=O)C=C3CC[N+](C)(Cc4ccccc4)CC3)sc2cc1OC,6.2839966563652006,1
COc1cc2cc(C(=O)CC(O)C3CC[N+](C)(Cc4ccccc4)CC3)sc2cc1OC,6.73112804583109,1
COc1cc2cc(C(=O)CC(O)CCC3CC[N+](C)(Cc4ccccc4)CC3)sc2cc1OC,6.42021640338319,1
COc1cc2cc(C(=O)CC(OC)C3CC[N+](C)(Cc4ccccc4)CC3)sc2cc1OC,6.920818753952375,1
COc1cc2cc(C(=O)CC3(O)CC[N+](C)(Cc4ccccc4)CC3)sc2cc1OC,7.045757490560675,1
COc1cc2cc(C(=O)CC3=CC[N+](C)(Cc4ccccc4)CC3)sc2cc1OC,6.1249387366083,1
COc1cc2cc(C(=O)CC3CCC(O)C[N+](C)(Cc4ccccc4)CC3)sc2cc1OC,6.42021640338319,1
COc1cc2cc(C(=O)CC3CCCC[N+](C)(Cc4ccccc4)CC3)sc2cc1OC,6.958607314841775,1
COc1cc2cc(C(=O)CCC3CC[N+](C)(CC(=O)OC(C)(C)C)CC3)sc2cc1OC,7.102372908709558,1
COc1cc2cc(C(=O)CCC3CC[N+](C)(CC4CCCCO4)CC3)sc2cc1OC,7.552841968657781,1
COc1cc2cc(C(=O)CCC3CC[N+](C)(CCOc4ccccc4)CC3)sc2cc1OC,6.4089353929735005,1
COc1cc2cc(C(=O)CCC3CC[N+](C)(Cc4ccc([N+](=O)[O-])o4)CC3)sc2cc1OC,7.494850021680094,1
COc1cc2cc(C(=O)CCC3CC[N+](C)(Cc4ccccc4)CC3)n(C)c2cc1OC,6.920818753952375,1
COc1cc2cc(C(=O)CCC3CC[N+](C)(Cc4ccccc4)CC3)sc2cc1OC,8.096910013008056,1
COc1cc2cc(C(=O)CCCCC3CC[N+](C)(Cc4ccccc4)CC3)sc2cc1OC,6.958607314841775,1
COc1cc2cc(C(=O)CCc3cc[n+](C)cc3)sc2cc1OC,6.045757490560675,1
COc1cc2cc(C(=O)CCc3cc[n+](CC4CC4)cc3)sc2cc1OC,6.958607314841775,1
COc1cc2cc(C(=O)CCc3cc[n+](CC4CCC4)cc3)sc2cc1OC,7.3979400086720375,1
COc1cc2cc(C(=O)CCc3cc[n+](Cc4ccc(F)cc4)cc3)sc2cc1OC,8.585026652029182,1
COc1cc2cc(C(=O)CCc3cc[n+](Cc4ccc([N+](=O)[O-])o4)cc3)sc2cc1OC,8.346787486224656,1
COc1cc2cc(C(=O)CCc3cc[n+](Cc4ccccc4)cc3)sc2cc1OC,8.337242168318426,1
COc1cc2cc(C(=O)CCc3cc[n+](Cc4ccsc4)cc3)sc2cc1OC,8.221848749616356,1
COc1cc2cc(C(=O)NCCC3CCN(Cc4ccccc4)CC3)[nH]c2cc1OC,6.494850021680094,1
COc1cc2cc(C(O)C3CC[N+](C)(Cc4ccccc4)CC3)sc2cc1OC,4.708187312532881,0
COc1cc2cc(C3=CC[N+](C)(Cc4ccccc4)CC3)sc2cc1OC,5.573488738635424,0
COc1cc2cc(C3CC[N+](C)(Cc4ccccc4)CC3O)sc2cc1OC,4.708187312532881,0
COc1cc2cc(C=C3CC[N+](C)(Cc4ccccc4)CC3)sc2cc1OC,5.573488738635424,0
COc1cc2cc(CC3CC[N+](C)(Cc4ccccc4)CC3)sc2cc1OC,5.0,0
COc1cc2cc(NC(=O)C3CCN(Cc4ccccc4)CC3)c(=O)oc2cc1OC,6.651695136951839,1
COc1cc2cc(NC(=O)CCCNCc3ccccc3)c(=O)oc2cc1OC,6.126098402135538,1
COc1cc2cc(NC(=O)[C@@H]3CCC[C@H](NCc4ccccc4)C3)c(=O)oc2cc1OC,7.71669877129645,1
COc1cc2cc(NC(=O)[C@H]3CCC[C@@H](NCc4ccccc4)C3)c(=O)oc2cc1OC,7.074818361115709,1
COc1cc2cc[n+](C)c3c2c(c1OC)C(Br)OC3=O,3.9788107009300617,0
COc1cc2ccc(=O)oc2cc1O,3.7731424297112763,0
COc1cc2ccnc(C(O)c3ccccc3OC)c2cc1OC,5.158640529545146,0
COc1cc2ccnc3c2c(c1OC)C(Br)OC3=O,4.337242168318426,0
COc1cc2ccnc3c2c(c1OC)COC3(CC(O)CO)OC,4.017728766960431,0
COc1cc2ccnc3c2c(c1OC)COC3(CCCO)OC,3.8632794328435933,0
COc1cc2ccnc3c2c(c1OC)COC3(O)CC(O)CO,3.962573502059376,0
COc1cc2ccnc3c2c(c1OC)COC3=O,4.707743928643524,0
COc1cc2nc(C(=O)NCCC3CCN(Cc4ccccc4)CC3)cc(OC)c2cc1OC,6.207608310501746,1
COc1cc2nc(Cl)nc(NCCCNC(=O)CCCCC3CCSS3)c2cc1OC,3.7166987712964508,0
COc1cc2nc(N(C)CCCNC(=O)C3CCCO3)nc(N)c2cc1OC,7.7447274948966935,1
COc1cc2nc3c(c(N)c2cc1OC)C1CC(C)=CC(C3)C1,4.931814138253839,0
COc1cc2nc3c(c(N)c2cc1OC)CCCC3,5.28449850469204,0
COc1cc2nc3c(c(N4CCOCC4)c2cc1OC)CCCC3,7.207608310501746,1
COc1cc2nc3ccccc3c(Nc3ccc(C(=O)NO)cc3)c2c(OC)c1OC,6.1938200260161125,1
COc1cc2ncnc(N3CCN(C(C)=O)CC3)c2cc1OC,5.923723744595782,0
COc1cc2ncnc(N3CCN(C(c4ccccc4)c4ccccc4)CC3)c2cc1OC,6.360513510731414,1
COc1cc2ncnc(N3CCN(C)CC3)c2cc1OC,5.894489815230026,0
COc1cc2ncnc(N3CCN(Cc4ccc(C)cc4)CC3)c2cc1OC,5.9897000433601875,0
COc1cc2ncnc(N3CCN(Cc4ccc(Cl)cc4)CC3)c2cc1OC,6.03574036980315,1
COc1cc2ncnc(N3CCN(Cc4ccc(F)cc4)CC3)c2cc1OC,6.030584087646019,1
COc1cc2ncnc(N3CCN(Cc4ccccc4)CC3)c2cc1OC,6.548213564475709,1
COc1cc2ncnc(N3CCN(c4ccc(Br)cc4)CC3)c2cc1OC,6.011887159731648,1
COc1cc2ncnc(N3CCN(c4ccc(C)cc4)CC3)c2cc1OC,5.931443104927637,0
COc1cc2ncnc(N3CCN(c4ccc(F)cc4)CC3)c2cc1OC,5.983802646487561,0
COc1cc2ncnc(N3CCN(c4ccc([N+](=O)[O-])cc4)CC3)c2cc1OC,6.317854923626168,1
COc1cc2ncnc(N3CCN(c4ccccc4)CC3)c2cc1OC,5.997402019280091,0
COc1cc2ncnc(N3CCN(c4ccccc4[N+](=O)[O-])CC3)c2cc1OC,6.039053804266168,1
COc1cc2ncnc(N3CCN(c4ccccn4)CC3)c2cc1OC,5.940058111938045,0
COc1cc2ncnc(NCc3cn(CC4CCN(Cc5ccccc5)CC4)nn3)c2cc1OC,5.404503778174426,0
COc1cc2oc(-c3ccc(CN(C)Cc4ccccc4)cc3)cc(=O)c2cc1OC,5.508638306165727,0
COc1cc2oc(-c3ccc(CN4CCCC4)cc3)cc(=O)c2cc1OC,7.468521082957745,1
COc1cc2oc(-c3ccc(NCCCCNc4c5c(nc6cc(Cl)ccc46)CCCC5)cc3)cc(=O)c2c(OC)c1OC,8.288192770958808,1
COc1cc2oc(-c3ccc(NCCCNc4c5c(nc6cc(Cl)ccc46)CCCC5)cc3)cc(=O)c2c(OC)c1OC,8.721246399047171,1
COc1cc2oc(-c3ccc(NCCNc4c5c(nc6cc(Cl)ccc46)CCCC5)cc3)cc(=O)c2c(OC)c1OC,7.633587883484758,1
COc1cc2oc(-c3ccc(OCC(=O)NCCCCCCNc4c5c(nc6cc(Cl)ccc46)CCCC5)cc3)cc(=O)c2c(OC)c1OC,7.665546248849069,1
COc1cc2oc(-c3ccc(OCC(=O)NCCCCCNc4c5c(nc6cc(Cl)ccc46)CCCC5)cc3)cc(=O)c2c(OC)c1OC,8.161150909262744,1
COc1cc2oc(-c3ccc(OCCCCN(C)Cc4ccccc4)cc3)cc(=O)c2c(OC)c1OC,6.022276394711152,1
COc1cc2oc(-c3cccc(CN(C)Cc4ccccc4)c3)cc(=O)c2cc1OC,5.6439741428068775,0
COc1cc2oc(-c3cccc(OCC(=O)NCCCCCCNc4c5c(nc6cc(Cl)ccc46)CCCC5)c3)cc(=O)c2c(OC)c1OC,7.488116639021126,1
COc1cc2oc(-c3cccc(OCC(=O)NCCCCCNc4c5c(nc6cc(Cl)ccc46)CCCC5)c3)cc(=O)c2c(OC)c1OC,7.761953896871205,1
COc1cc2oc(=O)c(OCCCCOc3cc(O)cc(N(C)C)c3)c(C)c2cc1OC,9.627087997029893,1
COc1cc2oc(C(=O)NC3CCN(Cc4ccccc4)CC3)cc(=O)c2cc1OC,6.180456064458131,1
COc1cc2oc(C(=O)NCC3CCN(Cc4ccccc4)CC3)cc(=O)c2cc1OC,5.835647144215563,0
COc1cc2oc(C(=O)NCCC3CCN(Cc4ccccc4)CC3)cc(=O)c2cc1OC,7.337242168318426,1
COc1cc2oc(C(=O)NCCCC3CCN(Cc4ccccc4)CC3)cc(=O)c2cc1OC,6.958607314841775,1
COc1cc2oc(C(=O)NCCCCCCCCCCNc3c4c(nc5cc(Cl)ccc35)CCCC4)cc(=O)c2cc1OC,9.698970004336019,1
COc1cc2oc(C(=O)NCCCCCCCCCCNc3c4c(nc5ccccc35)CCCC4)cc(=O)c2cc1OC,8.744727494896694,1
COc1cc2oc(C(=O)Nc3cccc(CN(C)Cc4ccccc4)c3)cc(=O)c2cc1OC,5.346787486224656,0
COc1cc2oc(C(=O)OCC3CCN(Cc4ccccc4)CC3)cc(=O)c2cc1OC,6.522878745280337,1
COc1cc2oc(C(=O)OCCC3CCN(Cc4ccccc4)CC3)cc(=O)c2cc1OC,7.251811972993799,1
COc1cc2oc3c(Oc4cc(O)cc(O)c4)c(O)cc(O)c3c2c2c1Oc1c(Oc3cc(O)cc(O)c3)c(O)cc(O)c1O2,4.1830961606243395,0
COc1cc2oc3cc(CN(C)Cc4ccccc4)ccc3c(=O)c2cc1OC,4.518557371497695,0
COc1cc2oc3cc(OCCCCCCCN(C)Cc4ccccc4)ccc3c(=O)c2cc1OC,5.634512015109101,0
COc1cc2oc3cccc(O)c3c(=O)c2c(O)c1CN(C)C,4.0,0
COc1cc2occ(-c3ccc(CN(C)Cc4ccccc4)cc3)c(=O)c2cc1OC,5.910094888560602,0
COc1cc2occ(-c3ccc(N4CCCC4)cc3)c(=O)c2cc1OC,5.787812395596042,0
COc1cc2occ(-c3ccc(O)cc3O)c(=O)c2c(O)c1CC=C(C)C,5.004364805402449,0
COc1cc2occ(-c3ccc(OC4CCN(Cc5ccccc5)CC4)cc3)c(=O)c2cc1OC,7.031517051446064,1
COc1cc2occ(-c3cccc(CN(C)Cc4ccccc4)c3)c(=O)c2cc1OC,5.694648630553376,0
COc1cc2onc(CCC3CCN(Cc4ccccc4)CC3)c2cc1C,8.236572006437063,1
COc1ccc(-[n+]2ccc3c4ccccc4n(C)c3c2)cc1,6.522878745280337,1
COc1ccc(-[n+]2ccc3cccc(OC)c3c2)cc1,6.853871964321762,1
COc1ccc(-c2c3ccccc3[n+](C)c3ccccc23)cc1,4.863279432843593,0
COc1ccc(-c2cc(-c3cc(OC)c(OC)c(OC)c3)c3c(N)n[nH]c3n2)cc1,5.221125527997261,0
COc1ccc(-c2cc(-c3ccc(Br)cc3)c3c(N)n[nH]c3n2)cc1,5.429457060118102,0
COc1ccc(-c2cc(-c3ccc(Br)cc3)nc3[nH]nc(N)c23)cc1,6.455931955649724,1
COc1ccc(-c2cc(-c3ccc(Br)cc3)nc3[nH]nc(N)c23)cc1OC,6.795880017344075,1
COc1ccc(-c2cc(-c3ccc(N(C)C)cc3)nc(NS(=O)(=O)c3ccc(NC(C)=O)cc3)n2)cc1,5.070581074285707,0
COc1ccc(-c2cc(-c3ccc(OC)c(OC)c3)c3c(N)n[nH]c3n2)cc1,6.09151498112135,1
COc1ccc(-c2cc(-c3ccc(OC)cc3)c3c(N)n[nH]c3n2)cc1,6.585026652029182,1
COc1ccc(-c2cc(-c3ccccc3)nc3[nH]nc(N)c23)cc1,4.650139917807668,0
COc1ccc(-c2cc(-c3ccccc3)nc3[nH]nc(N)c23)cc1OC,5.016373712875465,0
COc1ccc(-c2cc(=O)c3cc(OC)c(O)c([C@@H]4CCC(=O)N4)c3o2)cc1,4.167491087293763,0
COc1ccc(-c2cc(=O)c3cc(OC)c(O)c([C@H]4CCC(=O)N4)c3o2)cc1,4.73754891026957,0
COc1ccc(-c2cc(=O)c3ccc(OCCN4CCC(C)CC4)cc3o2)cc1,8.198596289982644,1
COc1ccc(-c2cc(=O)c3ccc(OCCN4CCCC4)cc3o2)cc1,6.979638717352293,1
COc1ccc(-c2cc(=O)c3ccc(OCCN4CCN(CCO)CC4)cc3o2)cc1,8.121478204498793,1
COc1ccc(-c2cc(=O)c3ccc(OCCN4CCOCC4)cc3o2)cc1,7.958607314841775,1
COc1ccc(-c2cc(N)c3c(C(F)(F)F)cc(-c4ccccc4)nc3n2)cc1,5.084072788302884,0
COc1ccc(-c2cc3c(c(=O)o2)C(=O)C2[C@@]4(C)CC[C@H](O)[C@@](C)(CO)C4C[C@H](O)[C@@]2(C)O3)cc1,4.154901959985743,0
COc1ccc(-c2cc3c(c(=O)o2)C(=O)C2[C@@]4(C)CC[C@H](O)[C@@](C)(CO)C4C[C@H](O)[C@@]2(C)O3)cc1OC,4.236572006437063,0
COc1ccc(-c2cc3c(c(=O)o2)C[C@@]2(O)[C@@]4(C)C(=O)[C@@]5(OC)C(=O)O[C@]4(CC[C@@]2(C)O3)C5(C)C)cc1,6.638272163982407,1
COc1ccc(-c2cc3c(c(=O)o2)C[C@@]2(O)[C@@]4(C)C=CC(=O)C(C)(C)[C@@]4(O)CC[C@@]2(C)O3)cc1,7.045757490560675,1
COc1ccc(-c2cc3c(c(=O)o2)C[C@@]2(O)[C@@]4(C)CCC(=O)C(C)(C)[C@@]4(O)CC[C@@]2(C)O3)cc1,7.221848749616356,1
COc1ccc(-c2cc3c(c(=O)o2)C[C@@]2(O)[C@@]4(C)CCC(=O)OC(C)(C)[C@@]4(O)CC[C@@]2(C)O3)cc1,5.6020599913279625,0
COc1ccc(-c2cc3c(c(=O)o2)C[C@H]2[C@@](C)(CC[C@@]4(O)C(C)(C)C(=O)CC[C@]24C)O3)cc1,5.6020599913279625,0
COc1ccc(-c2cc3c(c(=O)o2)C[C@]2(O)[C@@]4(C)C(=O)C=CC(C)(C)[C@]4(O)CC[C@@]2(C)O3)cc1,7.586703473032976,1
COc1ccc(-c2cc3c(c(=O)o2)C[C@]2(O)[C@@]4(C)C(=O)C=CC(C)(C)[C@]4(O)CC[C@@]2(C)O3)cc1OC,9.0,1
COc1ccc(-c2cc3c(c(=O)o2)C[C@]2(O)[C@@]4(C)CC[C@@H](O)C(C)(C)[C@]4(O)CC[C@@]2(C)O3)cc1,6.1938200260161125,1
COc1ccc(-c2cc3c(c(=O)o2)C[C@]2(O)[C@@]4(C)CC[C@@H](OC(C)=O)C(C)(C)[C@]4(O)CC[C@@]2(C)O3)cc1,5.455931955649724,0
COc1ccc(-c2cc3c(ccc4c(/C=C/c5cc(OC)cc(OC)c5)cc(=O)oc43)o2)cc1,5.7447274948966935,0
COc1ccc(-c2cc3cc(OCCCN(C)Cc4cccc(OC(=O)NCCCCCc5ccccc5)c4)ccc3oc2=O)cc1,6.747146969020107,1
COc1ccc(-c2cc3cc4c(=O)c(/C=N/Nc5ccc(C(F)(F)F)cc5)coc4cc3o2)cc1,5.267606240177031,0
COc1ccc(-c2cc3cc4c(=O)c(C=O)coc4cc3o2)cc1,5.0,0
COc1ccc(-c2cc3ccc(OCCCN(C)Cc4cccc(OC(=O)NCCCCCc5ccccc5)c4)cc3oc2=O)cc1,6.505845405981557,1
COc1ccc(-c2ccc(/C=N/N3CC(=O)N(CCC4CCN(Cc5ccccc5)CC4)C3=O)o2)cc1,6.96657624451305,1
COc1ccc(-c2ccc(OCC(=O)NCCCN3CCCCC3)cc2)cc1,4.853871964321762,0
COc1ccc(-c2ccc(OCC(=O)NCCCN3CCN(C)CC3)cc2)cc1,3.721246399047171,0
COc1ccc(-c2ccccc2/C=C2/Cc3cc(OC)ccc3C2=O)cc1,7.673664139071248,1
COc1ccc(-c2coc3c4c(ccc3c2=O)OC(C)(C)C=C4)cc1OC,3.8821654814562523,0
COc1ccc(-c2csc(NC(=O)CCN3CCCC3)n2)cc1,6.292429823902063,1
COc1ccc(-c2csc(NC(=O)C[n+]3ccc(/C=N/O)cc3)n2)cc1,2.779891911959945,0
COc1ccc(-c2nc(C(=O)NCCCCCCNc3c4c(nc5ccccc35)CCCC4)cc3c2[nH]c2ccccc23)cc1,6.826813731587726,1
COc1ccc(-c2nc(NC(=O)C3CCN(Cc4c(F)cccc4Cl)CC3)sc2-c2ccc(OC)cc2)cc1,6.3872161432802645,1
COc1ccc(-c2nc(NC(=O)C3CCN(Cc4cc(F)cc(F)c4)CC3)sc2-c2ccc(OC)cc2)cc1,5.610833915635467,0
COc1ccc(-c2nc(NC(=O)C3CCN(Cc4ccc(F)cc4)CC3)sc2-c2ccc(OC)cc2)cc1,5.935542010773082,0
COc1ccc(-c2nc(NC(=O)C3CCN(Cc4ccc(F)cc4C(F)(F)F)CC3)sc2-c2ccc(OC)cc2)cc1,5.910094888560602,0
COc1ccc(-c2nc(NC(=O)C3CCN(Cc4cccc(F)c4)CC3)sc2-c2ccc(OC)cc2)cc1,6.2441251443275085,1
COc1ccc(-c2nc(NC(=O)C3CCN(Cc4ccccc4C#N)CC3)sc2-c2ccc(OC)cc2)cc1,5.552841968657781,0
COc1ccc(-c2nc(NC(=O)C3CCN(Cc4ccccc4C(F)(F)F)CC3)sc2-c2ccc(OC)cc2)cc1,6.167491087293763,1
COc1ccc(-c2nc(NC(=O)C3CCN(Cc4ccccc4C)CC3)sc2-c2ccc(OC)cc2)cc1,5.872895201635192,0
COc1ccc(-c2nc(NC3CCN(Cc4ccc(C(F)(F)F)cc4)CC3)sc2-c2ccc(OC)cc2)cc1,6.1249387366083,1
COc1ccc(-c2nc(NC3CCN(Cc4ccc(C)cc4)CC3)sc2-c2ccc(OC)cc2)cc1,6.080921907623926,1
COc1ccc(-c2nc(NCC3CCN(Cc4c(F)cccc4Cl)CC3)sc2-c2ccc(OC)cc2)cc1,6.443697499232712,1
COc1ccc(-c2nc(NCC3CCN(Cc4ccccc4C(F)(F)F)CC3)sc2-c2ccc(OC)cc2)cc1,6.161150909262744,1
COc1ccc(-c2nc(NCC3CCN(Cc4ccccc4C)CC3)sc2-c2ccc(OC)cc2)cc1,6.229147988357855,1
COc1ccc(-c2nc(SC)n(C(=O)N(C)C)n2)cc1,6.096910013008056,1
COc1ccc(-c2nnc(Nc3ncccn3)o2)cc1,5.809999051930337,0
COc1ccc(-c2nnc(Nc3ncccn3)o2)cc1OC,5.72000016363892,0
COc1ccc(-c2nnc3sc(-c4ccoc4)nn23)cc1,5.7495799976911055,0
COc1ccc(-c2oc3cc(Br)c(I)cc3c(=O)c2O)cc1,7.537751784645002,1
COc1ccc(-c2oc3cc(OC)c(I)cc3c(=O)c2O)cc1,8.143271109617118,1
COc1ccc(-n2cc(COc3ccc(/C=N/Nc4c5c(nc6ccccc46)CCCC5)cc3)nn2)cc1,5.638272163982407,0
COc1ccc(/C=C/C(=O)NCCC2CCN(Cc3ccccc3)CC2)c(OC)c1,6.200659450546418,1
COc1ccc(/C=C/C(=O)NCCC2CCN(Cc3ccccc3)CC2)cc1,6.309803919971486,1
COc1ccc(/C=C/C(=O)NCCC2CCN(Cc3ccccc3)CC2)cc1O,5.779891911959945,0
COc1ccc(/C=C/C(=O)NCCC2CCN(Cc3ccccc3)CC2)cc1OC,6.432020453937721,1
COc1ccc(/C=C/C(=O)Nc2cc[n+](Cc3ccc(F)cc3)cc2)cc1OC,8.065501548756432,1
COc1ccc(/C=C/C(=O)Nc2cc[n+](Cc3cccc(F)c3)cc2)cc1OC,7.71669877129645,1
COc1ccc(/C=C/C(=O)Nc2ccc(CN(C)Cc3ccccc3)cc2)c(OC)c1,5.05898575629443,0
COc1ccc(/C=C/C(=O)Nc2ccc(CN(C)Cc3ccccc3)cc2)cc1,5.290306336956176,0
COc1ccc(/C=C/C(=O)Nc2ccc(CN(C)Cc3ccccc3)cc2)cc1OC,5.464412608433687,0
COc1ccc(/C=C/C(=O)c2cc(I)c(Cl)cc2O)cc1,7.931072388317928,1
COc1ccc(/C=C/C(=O)c2cc(I)c(OC)cc2O)cc1,7.96018944585165,1
COc1ccc(/C=C/C(=O)c2ccc3c(c2O)C=CC(C)(C)O3)cc1,4.126621263590859,0
COc1ccc(/C=C/C(=O)c2cccc(OC(=O)N(C)C)c2)cc1,5.094204119632131,0
COc1ccc(/C=C2/S/C(=N/c3ccc4oc(=O)ccc4c3)NC2=O)cc1,7.302770657240282,1
COc1ccc(/C=C2\CCc3cc([N+](=O)[O-])ccc3C2=O)c(Cl)c1OC,5.534617148551582,0
COc1ccc(/C=C2\COc3cc(OCCCCCCCCNc4c5c(nc6ccccc46)CCCC5)ccc3C2=O)cc1,6.915066425063284,1
COc1ccc(/C=C2\COc3cc(OCCCCCCNc4c5c(nc6ccccc46)CCCC5)ccc3C2=O)cc1,6.80465394165158,1
COc1ccc(/C=C2\COc3cc(OCCCCCNc4c5c(nc6ccccc46)CCCC5)ccc3C2=O)cc1,7.008773924307505,1
COc1ccc(/C=C2\COc3cc(OCCCN4CCCCC4)ccc3C2=O)cc1,5.404503778174426,0
COc1ccc(/C=C2\Oc3cc(OCCN4CCCCC4)ccc3C2=O)cc1,6.073143291050307,1
COc1ccc(/C=C2\Oc3ccccc3C2=O)cc1,5.899629454882437,0
COc1ccc(/C=N/NC(=O)CN2CCC(Cc3ccccc3)CC2)cc1,4.133712660915805,0
COc1ccc(/C=N/NC(=O)CN2CCC(Cc3ccccc3)CC2)cc1OC,4.2020403562628035,0
COc1ccc(/C=N/NC(=O)CN2CCN(Cc3ccccc3)CC2)cc1,4.053056729302175,0
COc1ccc(/C=N/NC(=O)CN2CCN(Cc3ccccc3)CC2)cc1OC,4.090979145788844,0
COc1ccc(/C=N/c2ccc3oc(=O)ccc3c2)cc1,6.869344650977969,1
COc1ccc(/N=C/c2cn(-c3ccc(OC)cc3)cc2/C=N/c2ccc(OC)cc2)cc1,4.853871964321762,0
COc1ccc(C#N)c[n+]1C,4.280175785218264,0
COc1ccc(C(=O)CCC2C=CN(Cc3cccc(Cl)c3)C=C2C#N)cc1OC,6.0347982989740885,1
COc1ccc(C(=O)CCc2cc[n+](Cc3cccc(Cl)c3)cc2C#N)cc1OC,7.653647025549361,1
COc1ccc(C(=O)CCc2cc[n+](Cc3cccc(Cl)c3)cc2C(=O)O)cc1OC,7.7423214251308154,1
COc1ccc(C(=O)CCc2cc[n+](Cc3cccc(Cl)c3)cc2C(C)=O)cc1OC,6.843148098929989,1
COc1ccc(C(=O)CCc2cc[n+](Cc3cccc(F)c3)cc2C#N)cc1OC,7.958607314841775,1
COc1ccc(C(=O)CCc2cc[n+](Cc3ccccc3C(F)(F)F)cc2C#N)cc1OC,6.560667306169737,1
COc1ccc(C(=O)CCc2ccc([N+](C)(C)C)cc2)cc1OC,5.522878745280337,0
COc1ccc(C(=O)CCc2ccc([N+](C)(C)Cc3ccccc3)cc2)cc1OC,5.886056647693163,0
COc1ccc(C(=O)CCc2cccc([N+](C)(C)Cc3ccccc3)c2)cc1OC,5.982966660701219,0
COc1ccc(C(=O)CNc2ccc3oc(=O)ccc3c2)cc1,7.259637310505756,1
COc1ccc(C(=O)COc2ccc([N+](C)(C)C)cc2)cc1OC,5.0,0
COc1ccc(C(=O)COc2ccc([N+](C)(C)Cc3ccccc3)cc2)cc1OC,5.0,0
COc1ccc(C(=O)COc2cccc([N+](C)(C)C)c2)cc1OC,5.0,0
COc1ccc(C(=O)COc2cccc([N+](C)(C)Cc3ccccc3)c2)cc1OC,6.481486060122112,1
COc1ccc(C(=O)Cc2ncc(C(=O)N(C)CCCOc3c(F)c(F)c(F)c(F)c3F)cn2)cc1,5.289036881004725,0
COc1ccc(C(=O)Cc2ncc(C(=O)N(C)CCCOc3ccc(C(F)(F)F)cc3)cn2)cc1,4.525783735923745,0
COc1ccc(C(=O)Cc2ncc(C(=O)N(C)CCCOc3ccc(OC)c(OC)c3)cn2)cc1,4.525783735923745,0
COc1ccc(C(=O)Cc2ncc(C(=O)N(C)CCCOc3ccc([N+](=O)[O-])cc3)cn2)cc1,5.341035157335565,0
COc1ccc(C(=O)Cc2ncc(C(=O)N(C)CCCOc3ccc([N+](=O)[O-])cc3)cn2)cc1OC,5.421360790031928,0
COc1ccc(C(=O)Cc2ncc(C(=O)N(C)CCCOc3cccc(OC)c3)cn2)cc1,4.347753658996677,0
COc1ccc(C(=O)Cc2ncc(C(=O)N3CCN(Cc4ccccc4)CC3)cn2)cc1,4.761953896871205,0
COc1ccc(C(=O)Cc2ncc(C(=O)NC3CCN(Cc4ccccc4)CC3)cn2)cc1,4.552841968657781,0
COc1ccc(C(=O)Cc2ncc(C(=O)NCc3ccc(OC)c(OC)c3)cn2)cc1,5.0,0
COc1ccc(C(=O)Cc2ncc(C(=O)NCc3cccs3)cn2)cc1,4.512861624522813,0
COc1ccc(C(=O)Cc2ncc(C(=O)Nc3ccncc3)cn2)cc1,4.747146969020107,0
COc1ccc(C(=O)N(CCC2CCN(Cc3ccccc3)CC2)c2ccccc2)cc1,6.229147988357855,1
COc1ccc(C(=O)N2CCN(CC(=O)N3CCN(CCCc4c[nH]c5ccc(F)cc45)CC3)CC2)cc1,4.841637507904751,0
COc1ccc(C(=O)N2CCN(CC(=O)N3CCN(CCCc4c[nH]c5ccccc45)CC3)CC2)cc1,4.600326278518962,0
COc1ccc(C(=O)N2Cc3ccc(N4C(=O)c5ccccc5C4=O)cc3CC2=O)cc1,7.086981316252039,1
COc1ccc(C(=O)N2c3ccccc3Sc3ccc(Cl)cc32)cc1,5.229147988357855,0
COc1ccc(C(=O)N2c3ccccc3Sc3ccc(Cl)cc32)cc1OC,5.1938200260161125,0
COc1ccc(C(=O)N2c3ccccc3Sc3ccccc32)cc1,5.200659450546418,0
COc1ccc(C(=O)N2c3ccccc3Sc3ccccc32)cc1OC,5.236572006437063,0
COc1ccc(C(=O)N2c3ccccc3[Se]c3ccc(Cl)cc32)cc1,5.236572006437063,0
COc1ccc(C(=O)N2c3ccccc3[Se]c3ccc(Cl)cc32)cc1OC,5.207608310501746,0
COc1ccc(C(=O)N2c3ccccc3[Se]c3ccccc32)cc1,5.337242168318426,0
COc1ccc(C(=O)N2c3ccccc3[Se]c3ccccc32)cc1OC,5.292429823902063,0
COc1ccc(C(=O)NC(=S)NCCOCCN(C)Cc2ccccc2)cc1,7.585026652029182,1
COc1ccc(C(=O)Nc2cc3ccccc3oc2=O)cc1,4.158202701125645,0
COc1ccc(C(=O)O[C@H]2CC[C@@]3(C)[C@@H](CC[C@@]4(C)C[C@@]5(O)[C@H](CC[C@@H]43)[C@@]3(C)CC[C@@H](O)C(C)(C)[C@@H]3C[C@@H]5O)[C@@]2(C)C(=O)O)cc1O,5.000869458712629,0
COc1ccc(C(=O)c2c(-c3ccc(OCCCCCCCN(C)Cc4ccccc4)cc3)oc3ccccc23)cc1,3.55129368009492,0
COc1ccc(C(=O)c2c(-c3ccc(OCCCCCCCN(C)Cc4ccccc4)cc3)oc3ccccc23)cc1OC,3.7520267336381936,0
COc1ccc(C(=O)c2c(C3CCN(Cc4cc(OC)ccc4OC)CC3)oc3ccccc23)cc1,4.214812579970638,0
COc1ccc(C(=O)c2c(C3CCN(Cc4ccccc4)CC3)oc3ccccc23)cc1,4.316052869248487,0
COc1ccc(C(=O)c2ccc(/C=C/CN(C)Cc3ccccc3)cc2)cc1OC,5.6777807052660805,0
COc1ccc(C(=O)c2ccc(CN(C)CCN(C)C)cc2)cc1OC,5.625251653989896,0
COc1ccc(C(=O)c2ccc(CN(C)Cc3cccc(C)c3)cc2)cc1OC,5.782516055786093,0
COc1ccc(C(=O)c2ccc(CN(C)Cc3cccc([N+](=O)[O-])c3)cc2)cc1OC,5.369572124974976,0
COc1ccc(C(=O)c2ccc(CN(C)Cc3ccccc3)cc2)cc1,5.739928612014925,0
COc1ccc(C(=O)c2ccc(CN(C)Cc3ccccc3)cc2)cc1F,5.804100347590767,0
COc1ccc(C(=O)c2ccc(CN(C)Cc3ccccc3)cc2)cc1OC,6.337242168318426,1
COc1ccc(C(=O)c2ccc(CN(CCN(C)C)Cc3ccccc3)cc2)cc1OC,5.063486257521107,0
COc1ccc(C(=O)c2ccc(CN(CCO)Cc3ccccc3)cc2)cc1OC,5.850780887344619,0
COc1ccc(C(=O)c2ccc(CN3CCOCC3)cc2)cc1OC,3.4621809049267256,0
COc1ccc(C(=O)c2ccc(CN3CCc4ccccc4C3)cc2)cc1OC,4.267606240177032,0
COc1ccc(C(=O)n2cc(/C=C3\CN(Cc4ccccc4)CCC3=O)c3ccccc32)cc1,4.154901959985743,0
COc1ccc(C(C#N)N2CCCC2)cc1O,3.4045037781744254,0
COc1ccc(C(C#N)N2CCCC2)cc1OC,4.376750709602099,0
COc1ccc(C(C#N)N2CCCCC2)cc1O,3.320572103387881,0
COc1ccc(C(C#N)N2CCCCC2)cc1OC,4.346787486224656,0
COc1ccc(C(C#N)N2CCN(C)CC2)cc1O,3.4558078892349675,0
COc1ccc(C(C#N)N2CCN(C)CC2)cc1OC,3.421360790031928,0
COc1ccc(C(C#N)N2CCOCC2)cc1O,3.4400933749638876,0
COc1ccc(C(C#N)N2CCOCC2)cc1OC,4.267606240177032,0
COc1ccc(C(C)NS(=O)(=O)NC(=O)OCc2ccccc2)cc1,10.571055709964426,1
COc1ccc(C(C)NS(=O)(=O)NC(=O)OCc2ccccc2)cc1OC,10.571055709964426,1
COc1ccc(C(C)NS(N)(=O)=O)cc1,10.571055709964426,1
COc1ccc(C(C)NS(N)(=O)=O)cc1OC,10.571055709964426,1
COc1ccc(C(CN(C)c2ccc(NCc3cc(C)cc(/C=N/O)c3O)cc2)C2(O)CCCCC2)cc1,2.9010103605988222,0
COc1ccc(C(CN(C)c2ccc(NCc3cc(Cl)cc(/C=N/O)c3O)cc2)C2(O)CCCCC2)cc1,2.6011922697967353,0
COc1ccc(C(F)(F)F)c[n+]1C,4.573455235074067,0
COc1ccc(C(F)(F)F)c[n+]1CCCCCO,3.9457513143258702,0
COc1ccc(C(F)(F)F)c[n+]1CCCCCOc1ccc2c(C)cc(=O)oc2c1,6.064915139431779,1
COc1ccc(C(F)(F)F)c[n+]1CCCCC[n+]1cc(C(F)(F)F)ccc1OC,4.657577319177793,0
COc1ccc(C(F)(F)F)c[n+]1CCCCOc1ccc2c(C)cc(=O)oc2c1,6.0369317144662755,1
COc1ccc(C(F)(F)F)c[n+]1CCCOc1ccc2c(C)cc(=O)oc2c1,5.443697499232712,0
COc1ccc(C(F)(F)F)c[n+]1CCC[n+]1cc(C(F)(F)F)ccc1OC,5.211254100081387,0
COc1ccc(C(O)c2nccc3cc(OC)c(OC)cc23)cc1OC,4.9694002780340485,0
COc1ccc(C)c([N+](C)(C)C)c1,3.4619999991643073,0
COc1ccc(C)cc1,5.374901992742274,0
COc1ccc(C)cc1OC,5.354902053014033,0
COc1ccc(C2=NN(C(C)=O)C(c3ccc(-c4ccccc4)cc3)C2)c(OC)c1,2.9476909003526766,0
COc1ccc(C2=NN(C(C)=O)C(c3ccc(-n4ccnc4)cc3)C2)cc1OC,3.686976889676762,0
COc1ccc(C2=NN(C(C)=O)C(c3ccc(-n4cnc5ccccc54)cc3)C2)cc1OC,3.495937117321308,0
COc1ccc(C2=NN(C(C)=O)C(c3ccc(-n4cncn4)cc3)C2)cc1OC,3.0198602222542457,0
COc1ccc(C2=NN(C(C)=O)C(c3ccc(N4CCC(C)CC4)cc3)C2)cc1OC,4.111259039317107,0
COc1ccc(C2=NN(C(C)=O)C(c3ccc(N4CCC(Cc5ccccc5)CC4)cc3)C2)cc1OC,4.696803942579511,0
COc1ccc(C2=NN(C(C)=O)C(c3ccc(N4CCN(C)CC4)cc3)C2)cc1OC,5.187086643357144,0
COc1ccc(C2=NN(C(C)=O)C(c3ccc(N4CCN(Cc5ccccc5)CC4)cc3)C2)cc1,3.999132278468773,0
COc1ccc(C2=NN(C(C)=O)C(c3ccc(N4CCN(Cc5ccccc5)CC4)cc3)C2)cc1OC,4.2020403562628035,0
COc1ccc(C2=NN(C(C)=O)C(c3ccc(N4CCN(c5ccccc5)CC4)cc3)C2)cc1OC,3.530325227448202,0
COc1ccc(C2C([N+](=O)[O-])C(Cc3c[nH]cn3)NC23c2ccccc2-c2nc4ccccc4nc23)cc1,5.688246138944246,0
COc1ccc(C2C(c3ccccc3)NC3(C(=O)Nc4ccc(Cl)cc43)C23Cc2cc(OC)c(OC)cc2C3=O)cc1OC,5.083019952679617,0
COc1ccc(C2C(c3ccccc3)NC3(C(=O)Nc4ccc([N+](=O)[O-])cc43)C23Cc2cc(OC)c(OC)cc2C3=O)cc1OC,4.813326132500255,0
COc1ccc(C2C(c3ccccc3)NC3(C(=O)Nc4ccccc43)C23Cc2cc(OC)c(OC)cc2C3=O)cc1OC,5.2839966563652006,0
COc1ccc(C2C3=C(CC(C)(C)CC3=O)Nc3nc4c(c(N)c32)CCCC4)cc1,6.431798275933005,1
COc1ccc(C2CC(=O)c3ccc4c(c3O2)C=CC(C)(C)O4)cc1,4.040624663424157,0
COc1ccc(C2CC(c3cc(F)cc(F)c3)=NN2c2ccc(S(N)(=O)=O)cc2)c(OC)c1,8.196542884351587,1
COc1ccc(C2CC(c3cc(F)cc(F)c3)=NN2c2ccc(S(N)(=O)=O)cc2)cc1OC,8.196542884351587,1
COc1ccc(C2CC(c3cc(F)ccc3F)=NN2c2ccc(S(N)(=O)=O)cc2)c(OC)c1,8.196542884351587,1
COc1ccc(C2CC(c3cc(F)ccc3F)=NN2c2ccc(S(N)(=O)=O)cc2)cc1OC,8.196542884351587,1
COc1ccc(C2CC(c3ccc(-c4ccccc4)cc3)=NN2C(C)=O)cc1OC,2.8458804744841535,0
COc1ccc(C2CN(C)C3(C(=O)Nc4ccc(Cl)cc43)C23Cc2cc(OC)c(OC)cc2C3=O)cc1OC,5.376750709602099,0
COc1ccc(C2CN(C)C3(C(=O)Nc4ccc([N+](=O)[O-])cc43)C23Cc2cc(OC)c(OC)cc2C3=O)cc1OC,5.214670164989233,0
COc1ccc(C2CN(C)C3(C(=O)Nc4ccccc43)C23Cc2cc(OC)c(OC)cc2C3=O)cc1OC,5.376750709602099,0
COc1ccc(C2N(C)Cc3cc(O)ccc3N2C)cc1,3.983802646487561,0
COc1ccc(C2NC(=S)Nc3nc4c(c(N)c32)CCCC4)cc1,5.116906641424309,0
COc1ccc(C2SCC(=O)N2c2ccc3oc(=O)ccc3c2)cc1,7.148130399270234,1
COc1ccc(C2c3c(nc(C)[nH]c3=O)Oc3c2n(C(C)=O)c2ccccc32)cc1,3.6901995543982666,0
COc1ccc(C2c3c(nc(C)[nH]c3=O)Oc3c2n(C(C)=O)c2ccccc32)cc1[N+](=O)[O-],4.039814723395389,0
COc1ccc(C2c3c(nc4c(c3N)CCCC4)Oc3ccc4ccccc4c32)cc1OC,7.080921907623926,1
COc1ccc(C2c3ccc4ccccc4c3Oc3nc4c(c(N)c32)CCCC4)c(OC)c1,6.431798275933005,1
COc1ccc(C2c3ccc4cccnc4c3Oc3nc4c(c(N)c32)CCCC4)cc1,5.821023052706831,0
COc1ccc(CC(=O)Nc2ccc(CN(C)Cc3ccccc3)cc2)cc1O,5.517126416391246,0
COc1ccc(CC(=O)Nc2ccc(CN(C)Cc3ccccc3)cc2)cc1OC,5.732828271596986,0
COc1ccc(CC2=[N+](C)CCc3cc(OC)c(OC)cc32)cc1OC,5.259637310505756,0
COc1ccc(CCC(=O)Nc2nc(-c3cc4ccccc4oc3=O)cs2)cc1OC,6.130768280269024,1
COc1ccc(CCN2CC(=O)N(CCc3ccccn3)CC2=O)cc1OC,4.698970004336019,0
COc1ccc(CCNC(=O)COc2cc(C(C)C)ccc2C)cc1OC,5.714442690992226,0
COc1ccc(CCNc2c3c(nc4cc(Cl)ccc24)CCCC3)cc1OC,6.221848749616356,1
COc1ccc(CCNc2nc(CC(N)=O)nc3ccccc23)cc1OC,4.903089986991944,0
COc1ccc(CCNc2nc(NC(C)=O)nc3ccccc23)cc1OC,5.130768280269024,0
COc1ccc(CCNc2nc(NC(C)C)nc3ccccc23)cc1OC,5.119186407719209,0
COc1ccc(CCNc2nc(NC(N)=O)nc3ccccc23)cc1OC,5.060480747381382,0
COc1ccc(CCNc2nc(NC3CC3)nc3ccccc23)cc1OC,5.142667503568731,0
COc1ccc(CCOCCCCCNc2c3c(nc4ccccc24)CCCC3)cc1,6.665546248849068,1
COc1ccc(CCOCCCCCNc2c3c(nc4ccccc24)CCCC3)cc1OC,6.774690718274137,1
COc1ccc(CCc2cc(=O)c3c(o2)[C@H]2O[C@H]2[C@@H](O)[C@H]3OC)cc1,3.80799040734633,0
COc1ccc(CCc2cc(=O)c3c(o2)[C@H]2O[C@H]2[C@@H](O)[C@H]3OC)cc1O,3.3549709352788577,0
COc1ccc(CN(C)CCCCCC(=O)N(C)CCCCCCCCN(C)C(=O)CCCCCN(C)Cc2ccc(OC)cc2)cc1,5.2399999527072705,0
COc1ccc(CN(C)CCCCCCCOc2ccc3c(=O)c4ccccc4oc3c2)c(OC)c1OC,3.809668301829708,0
COc1ccc(CN(C)CCCCCCCOc2ccc3c(=O)c4ccccc4oc3c2)cc1,3.4436974992327123,0
COc1ccc(CN(C)Cc2ccc(-c3cc4cc(OC)c(OC)cc4oc3=O)cc2)cc1,5.645891560852599,0
COc1ccc(CN(C)[C@@H](C)[C@H]2[C@H](O)C[C@@]3(C)[C@@H]4CC[C@H]5[C@]6(C)CSC(C(C)C)=N[C@H]6CC[C@@]56C[C@@]46C(=O)C[C@]23C)cc1,8.045757490560675,1
COc1ccc(CN(CC(=O)NCc2ccccc2)C(=O)CCCCCn2ccnc2/C=N/O)cc1,3.7447274948966935,0
COc1ccc(CN2CCC(CCC(=O)c3cc4c5c(ccn5C(=O)CC4)c3)CC2)cc1,6.459996055149974,1
COc1ccc(CN2CCC(CCC(=O)c3ccc4c(c3)CCN4)CC2)cc1,4.876148359032914,0
COc1ccc(CN2CCC(CCC(=O)c3ccc4c(c3)NCCCC4)CC2)cc1,4.2580609222708015,0
COc1ccc(CN2CCC(CCN3C(=O)c4ccc([N+](=O)[O-])cc4C3=O)CC2)cc1,6.356547323513812,1
COc1ccc(CN2CCC(CCNC(=O)/C=C/c3cc(C(C)(C)C)c(O)c(C(C)(C)C)c3)CC2)cc1,5.673664139071248,0
COc1ccc(CN2CCC(Nc3nc(-c4ccc(Cl)cc4)c(-c4ccc(Cl)cc4)s3)CC2)cc1,5.950781977329818,0
COc1ccc(CN2CCC(Nc3nc(-c4ccc(OC)cc4)c(-c4ccc(OC)cc4)s3)CC2)cc1,6.113509274827518,1
COc1ccc(CN2CCC(c3cc4ccccc4o3)CC2)cc1,4.03240522732811,0
COc1ccc(CN2CCC(c3cc4ccccc4o3)CC2)cc1OC,4.277530614115969,0
COc1ccc(CN2CCC(c3oc4ccccc4c3C(=O)c3ccc(OC)c(OC)c3)CC2)cc1OC,4.167746629802992,0
COc1ccc(CN2CCC(c3oc4ccccc4c3C(=O)c3ccc(OC)cc3)CC2)cc1,4.223807485252928,0
COc1ccc(CN2CCC(c3oc4ccccc4c3C(=O)c3ccccc3)CC2)cc1,4.0126466112642065,0
COc1ccc(CN2CCC(c3oc4ccccc4c3C(=O)c3ccccc3)CC2)cc1OC,4.3438059378208145,0
COc1ccc(CN2CCN(C(=O)/C=C/c3ccc(O)c(OC)c3)CC2)cc1,4.785421046429501,0
COc1ccc(CNC(=O)C2CCN(C(=O)c3ccccc3)CC2)cc1OC,8.386158178123932,1
COc1ccc(CNc2c3c(nc4cc(Cl)ccc24)CCCC3)cc1OC,6.096910013008056,1
COc1ccc(CNc2c3c(nc4ccccc24)CCCC3)cc1OC,5.657577319177793,0
COc1ccc(CNc2ccnc(NC3CCN(Cc4ccccc4)CC3)n2)cc1,5.026872146400301,0
COc1ccc(CNc2ccnc(NC3CCN(Cc4ccccc4)CC3)n2)cc1OC,5.004364805402449,0
COc1ccc(CNc2nc(CC(N)=O)nc3ccccc23)cc1OC,5.130768280269024,0
COc1ccc(CNc2nc(NC(C)=O)nc3ccccc23)cc1OC,5.070581074285707,0
COc1ccc(CNc2nc(NC(C)C)nc3ccccc23)cc1OC,5.167491087293763,0
COc1ccc(CNc2nc(NC(N)=O)nc3ccccc23)cc1OC,5.065501548756432,0
COc1ccc(CNc2nc(NC3CC3)nc3ccccc23)cc1OC,5.142667503568731,0
COc1ccc(COc2c(OC)ccc3cc4[n+](cc23)CCc2cc3c(cc2-4)OCO3)cc1,5.275724130399211,0
COc1ccc(COc2nn(CCN(C(C)C)C(C)C)c3ccc([N+](=O)[O-])cc23)cc1,4.040958607678906,0
COc1ccc(CSS(=O)(=O)c2ccc(C)cc2)cc1,6.31140222491883,1
COc1ccc(C[C@H]2c3c(ccc(OC)c3O)CCN2C)cc1,4.59176003468815,0
COc1ccc(Cc2nccc3cc(OC)c(OC)cc23)cc1OC,4.613857891069181,0
COc1ccc(Cn2cc(C(=O)NCCCCCCCCNc3c4c(nc5cc(Cl)ccc35)CCCC4)c(=O)c3ccccc32)cc1,6.924453038607469,1
COc1ccc(Cn2cc(C(=O)NCCCCCCCCNc3c4c(nc5ccc(OC)cc35)CCCC4)c(=O)c3ccccc32)cc1,4.129011186239425,0
COc1ccc(Cn2cc(C(=O)NCCCCCCCCNc3c4c(nc5ccccc35)CCCC4)c(=O)c3ccccc32)cc1,6.114638779968487,1
COc1ccc(Cn2cc(C(=O)NCCCCCCCNc3c4c(nc5cc(Cl)ccc35)CCCC4)c(=O)c3ccccc32)cc1,7.286509456906058,1
COc1ccc(Cn2cc(C(=O)NCCCCCCCNc3c4c(nc5ccc(OC)cc35)CCCC4)c(=O)c3ccccc32)cc1,5.815308569182401,0
COc1ccc(Cn2cc(C(=O)NCCCCCCCNc3c4c(nc5ccccc35)CCCC4)c(=O)c3ccccc32)cc1,6.7121982700697735,1
COc1ccc(Cn2cc(C(=O)NCCCCCCNc3c4c(nc5cc(Cl)ccc35)CCCC4)c(=O)c3ccccc32)cc1,7.026410376572743,1
COc1ccc(Cn2cc(C(=O)NCCCCCCNc3c4c(nc5ccc(OC)cc35)CCCC4)c(=O)c3ccccc32)cc1,5.0,0
COc1ccc(Cn2cc(C(=O)NCCCCCCNc3c4c(nc5ccccc35)CCCC4)c(=O)c3ccccc32)cc1,6.7121982700697735,1
COc1ccc(Cn2cc(C(=O)NCCCCCNc3c4c(nc5cc(Cl)ccc35)CCCC4)c(=O)c3ccccc32)cc1,6.7447274948966935,1
COc1ccc(Cn2cc(C(=O)NCCCCCNc3c4c(nc5ccc(OC)cc35)CCCC4)c(=O)c3ccccc32)cc1,5.095825631715837,0
COc1ccc(Cn2cc(C(=O)NCCCCCNc3c4c(nc5ccccc35)CCCC4)c(=O)c3ccccc32)cc1,6.53313237964589,1
COc1ccc(Cn2cc(C(=O)NCCCCNc3c4c(nc5cc(Cl)ccc35)CCCC4)c(=O)c3ccccc32)cc1,7.047691990337874,1
COc1ccc(Cn2cc(C(=O)NCCCCNc3c4c(nc5ccc(OC)cc35)CCCC4)c(=O)c3ccccc32)cc1,5.022276394711152,0
COc1ccc(Cn2cc(C(=O)NCCCCNc3c4c(nc5ccccc35)CCCC4)c(=O)c3ccccc32)cc1,6.308918507877031,1
COc1ccc(Cn2cc(C(=O)NCCCNc3c4c(nc5cc(Cl)ccc35)CCCC4)c(=O)c3ccccc32)cc1,7.377785977033705,1
COc1ccc(Cn2cc(C(=O)NCCCNc3c4c(nc5ccc(OC)cc35)CCCC4)c(=O)c3ccccc32)cc1,5.649751981665837,0
COc1ccc(Cn2cc(C(=O)NCCCNc3c4c(nc5ccccc35)CCCC4)c(=O)c3ccccc32)cc1,6.889410289700751,1
COc1ccc(Cn2cc(C(=O)NCCNc3c4c(nc5cc(Cl)ccc35)CCCC4)c(=O)c3ccccc32)cc1,7.127843727251707,1
COc1ccc(Cn2cc(C(=O)NCCNc3c4c(nc5ccc(OC)cc35)CCCC4)c(=O)c3ccccc32)cc1,5.578396073130168,0
COc1ccc(Cn2cc(C(=O)NCCNc3c4c(nc5ccccc35)CCCC4)c(=O)c3ccccc32)cc1,6.7281583934635005,1
COc1ccc(F)c[n+]1C,4.7827155479829,0
COc1ccc(N(C)C(=O)Oc2ccc3c(c2)C(N)CC3)cc1,6.522878745280337,1
COc1ccc(N(CCC2CCN(Cc3ccccc3)CC2)C(C)=O)cc1,6.154901959985743,1
COc1ccc(N2C(=O)C3CN(C)C4(C(=O)c5ccccc5C4=O)C3C2=O)cc1,6.107905397309519,1
COc1ccc(N2CCN(C(=O)/C=C/c3ccc(O)c(OC)c3)CC2)cc1,4.919012953089113,0
COc1ccc(NC(=O)C2CCN(C(=O)c3ccccc3)CC2)cc1,8.009661145212398,1
COc1ccc(NC(=O)C2CCN(C(=O)c3ccccc3)CC2)cc1OC,8.386158178123932,1
COc1ccc(NC(=O)CNC(=O)/C=C/c2ccc(O)c(OC)c2)cc1,4.762205006726077,0
COc1ccc(NC(=O)Oc2ccc3c(c2)[C@]2(C)CCN(C)C2N3C)cc1,5.769776006336217,0
COc1ccc(NC(=O)Oc2ccc3c(c2)[C@]2(C)CCN(C)[C@@H]2N3C)cc1,6.547102059816066,1
COc1ccc(NC(=O)c2cc(=O)c3cc(/C=C/C(=O)O)ccc3o2)cc1,5.129011186239424,0
COc1ccc(NC(=O)c2cc(=O)c3cc(/C=C/C(=O)OCCN(C)C)ccc3o2)cc1,6.040958607678906,1
COc1ccc(NC(=O)c2coc3ccc(/C=C/C(=O)O)cc3c2=O)cc1,5.060480747381382,0
COc1ccc(NC(=O)c2coc3ccc(/C=C/C(=O)OCCN(C)C)cc3c2=O)cc1,5.450996737974212,0
COc1ccc(NC(=S)NCCN(C)C)cc1Cl,4.337242168318426,0
COc1ccc(NC(=S)NCCN2CCCCC2)cc1,3.920818753952375,0
COc1ccc(NC(=S)NCCN2CCOCC2)cc1Cl,4.853871964321762,0
COc1ccc(NC(=S)NCCOCCN(C)Cc2cccc([N+](=O)[O-])c2)cc1OC,5.823908740944319,0
COc1ccc(NC(=S)NNC=C2C(=O)NC(=S)NC2=O)cc1,3.685479720938315,0
COc1ccc(NC(=S)NNc2c3c(nc4ccccc24)CCCC3)cc1,6.53313237964589,1
COc1ccc(NC(S)=NCCN2CCC(C)CC2)cc1Cl,4.920818753952375,0
COc1ccc(NCC(=O)Nc2ccc3oc(=O)ccc3c2)cc1,7.258060922270801,1
COc1ccc(NCC2CCN(Cc3ccccc3)CC2)cc1,6.782516055786093,1
COc1ccc(NCC2CCN(Cc3ccccc3)CC2)cc1OC,6.838631997765026,1
COc1ccc(NCc2ccc(Oc3c(N)cccc3Cl)cc2)cc1,5.280668713016274,0
COc1ccc(NCc2ccc3c(c2)C(=O)C(=O)N3C(=O)c2ccccc2)cc1,6.7700623140920655,1
COc1ccc(OC)c(C(C)NS(=O)(=O)NC(=O)OCc2ccccc2)c1,10.571055709964426,1
COc1ccc(OC)c(C(C)NS(N)(=O)=O)c1,10.571055709964426,1
COc1ccc(OC)c(C2=NN(C(C)=O)C(c3ccc(-c4ccccc4)cc3)C2)c1,2.7682756166714837,0
COc1ccc(OC)c(C2CC(c3cc(F)cc(F)c3)=NN2c2ccc(S(N)(=O)=O)cc2)c1,8.196542884351587,1
COc1ccc(OC)c(C2CC(c3cc(F)ccc3F)=NN2c2ccc(S(N)(=O)=O)cc2)c1,8.196542884351587,1
COc1ccc(OC)c(C2CC(c3ccc(-c4ccccc4)cc3)=NN2C(C)=O)c1,2.8474059220725305,0
COc1ccc(OC)c(CN(C)CCCCCCCOc2ccc3c(=O)c4ccccc4oc3c2)c1,3.8961962790440428,0
COc1ccc(OC)c(CN2CCC(c3cc4ccccc4o3)CC2)c1,4.621602099051862,0
COc1ccc(OC)c(CN2CCC(c3oc4ccccc4c3C(=O)c3ccc(OC)c(OC)c3)CC2)c1,4.256411849840096,0
COc1ccc(OC)c(CN2CCC(c3oc4ccccc4c3C(=O)c3ccccc3)CC2)c1,4.235151642806589,0
COc1ccc(OC)c(NC2=C([N+](=O)[O-])C3(NN2)C(=O)Nc2ccc([N+](=O)[O-])cc23)c1,4.371100435579393,0
COc1ccc(OC)c2c1CC(C)C2=O,6.930095077235149,1
COc1ccc(OCC(=O)NCC2CCN(Cc3ccccc3)CC2)cc1,6.055517327849831,1
COc1ccc(OCC(=O)NCCN2CCN(Cc3ccccc3)CC2)cc1,6.522878745280337,1
COc1ccc(OCCCN(C)C(=O)c2cnc(CC(=O)c3ccc(OC)cc3)nc2)cc1,5.00788851221305,0
COc1ccc(Oc2ccc3nc4c(c(N)c3c2)CCC4)cc1,5.372634143407268,0
COc1ccc(Oc2ccc3nc4c(c(N)c3c2)CCCC4)cc1,5.537602002101044,0
COc1ccc(Oc2ccc3nc4c(c(N)c3c2)CCCCC4)cc1,5.440093374963888,0
COc1ccc([C@@H]2CC(=O)c3c(O)cc(O)cc3O2)cc1O,2.6062318198412546,0
COc1ccc([C@@H]2CC(=O)c3c(cc(O)c(C/C=C(\C)CCC=C(C)C)c3O)O2)cc1O,4.0343280287798935,0
COc1ccc([C@@H]2CN(C)C3(C(=O)c4ccccc4C3=O)[C@]23CSc2ccccc2C3=O)cc1,5.935542010773082,0
COc1ccc([C@@H]2N[C@@H](C(=O)O)Cc3c2n(C)c2ccccc32)cc1OC,5.6020599913279625,0
COc1ccc([C@@H]2[C@H]3CSCN3C3(C(=O)c4ccccc4C3=O)[C@]23CSc2ccccc2C3=O)cc1,5.958607314841775,0
COc1ccc([C@@H]2c3[nH]c4ccccc4c3C[C@@H]3C(=O)N(CCC4CCN(Cc5ccccc5)CC4)CC(=O)N23)cc1,7.508638306165727,1
COc1ccc([C@@H]2c3[nH]c4ccccc4c3C[C@H]3C(=O)N(CCC4CCN(Cc5ccccc5)CC4)CC(=O)N23)cc1,6.659379381312206,1
COc1ccc([C@H](O)[C@H](N)C(=O)O)cc1OC,9.0,1
COc1ccc([C@H]2C3=C(CC(C)(C)CC3=O)Nc3nc4c(c(N)c32)CCCC4)cc1,6.6599923820033275,1
COc1ccc([C@H]2C3=C(CC(C)(C)CC3=O)Oc3nc4c(c(N)c32)CCCC4)cc1,4.389999976337708,0
COc1ccc([C@H]2OC(=O)[C@H]3[C@@H]2C(=O)O[C@@H]3c2ccc3c(c2)OCO3)cc1OC,6.801342913045577,1
COc1ccc([C@H]2OC[C@H]3[C@@H]2C(=O)O[C@@H]3c2ccc3c(c2)OCO3)cc1OC,5.651889931519762,0
COc1ccc([C@H]2OC[C@H]3[C@@H]2CO[C@@H]3c2cc(OC)c(OC)c(OC)c2)cc1OC,6.044312249686494,1
COc1ccc([C@H]2O[C@@H](O)[C@H]3[C@@H]2C(=O)O[C@@H]3c2cc(OC)c3c(c2)OCO3)cc1OC,8.522878745280337,1
COc1ccc([C@H]2O[C@@H](O)[C@H]3[C@@H]2C(=O)O[C@@H]3c2ccc(OC)c(OC)c2)cc1OC,7.552841968657781,1
COc1ccc([C@H]2Oc3cc(O)c(C/C=C(\C)CCC=C(C)C)c(O)c3C(=O)[C@@H]2O)cc1O,4.496209316942819,0
COc1ccc([N+](=O)[O-])c[n+]1C,4.790435346129012,0
COc1ccc([N+]2=Cc3c(cccc3OC)CC2)cc1,5.982966660701219,0
COc1ccc2[nH]c(C(=O)NCCC3CCN(Cc4ccccc4)CC3)cc(=O)c2c1,6.055517327849831,1
COc1ccc2[nH]c(C(=O)Nc3ccc4nc5n(c(=O)c4c3)CCC5)cc2c1,6.920818753952375,1
COc1ccc2[nH]c(CCNC(=O)CCCn3cc(CCCCN4CCc5cc(OC)c(OC)cc5C4CCCN4C(=O)c5ccccc5C4=O)nn3)cc2c1,3.7996968170184147,0
COc1ccc2[nH]c(CCNC(=O)Cn3cc(CCCCN4CCc5cc(OC)c(OC)cc5C4CCCN4C(=O)c5ccccc5C4=O)nn3)cc2c1,3.759700417997287,0
COc1ccc2[nH]c3c(C)[n+](C)ccc3c2c1,6.109455647130561,1
COc1ccc2[nH]c3c(c2c1)CN(Cc1ccccc1)CC3,4.278189384787454,0
COc1ccc2[nH]c3c[n+](C)ccc3c2c1,5.656789125060316,0
COc1ccc2[nH]c3cc[n+](C)cc3c2c1,4.8326826652518236,0
COc1ccc2[nH]c3ccncc3c2c1,4.304518323509803,0
COc1ccc2[nH]c3nc4c(c(N)c3c2c1)CCCC4,5.823908740944319,0
COc1ccc2[nH]cc(/C=C3\CN(Cc4ccccc4)CCC3=O)c2c1,5.221848749616356,0
COc1ccc2[nH]cc(CCCN3CCN(C(=O)CN4CCN(C(=O)c5cccc(F)c5)CC4)CC3)c2c1,4.428291168191312,0
COc1ccc2[nH]cc(CCNC(=O)/C=C/c3cc[n+](Cc4ccc(F)cc4)cc3)c2c1,6.6777807052660805,1
COc1ccc2[nH]cc(CCNC(=O)/C=C/c3cc[n+](Cc4cccc(F)c4)cc3)c2c1,6.958607314841775,1
COc1ccc2[nH]cc(CCNC(=O)/C=C/c3cc[n+](Cc4ccccc4F)cc3)c2c1,6.585026652029182,1
COc1ccc2[nH]cc(CCNC(=O)C3CCN(Cc4ccccc4)CC3)c2c1,4.912928794093465,0
COc1ccc2[nH]cc(CCNC(=O)C3CCN(Cc4ccccc4C)CC3)c2c1,5.1295960947209736,0
COc1ccc2[nH]cc(CCNC(=O)CC3CCN(Cc4ccc(C)cc4)CC3)c2c1,5.033389013318065,0
COc1ccc2[nH]cc(CCNC(=O)CC3CCN(Cc4cccc(C)c4)CC3)c2c1,4.8696662315049934,0
COc1ccc2[nH]cc(CCNC(=O)CC3CCN(Cc4ccccc4C)CC3)c2c1,5.443697499232712,0
COc1ccc2[nH]cc(CCNC(=O)CCCCCCCNc3c4c(nc5ccccc35)CCCC4)c2c1,14.301029995663981,1
COc1ccc2[nH]cc(CCNC(=O)CCCCCCNc3c4c(nc5cc(Cl)cc(Cl)c35)CCCC4)c2c1,12.34948500216801,1
COc1ccc2[nH]cc(CCNC(=O)CCCCCCNc3c4c(nc5ccccc35)CCCC4)c2c1,11.744058319510563,1
COc1ccc2[nH]cc(CCNC(=O)CCCCCNc3c4c(nc5cc(Cl)cc(Cl)c35)CCCC4)c2c1,14.301029995663981,1
COc1ccc2[nH]cc(CCNC(=O)CCCCCNc3c4c(nc5cc(Cl)ccc35)CCCC4)c2c1,14.301029995663981,1
COc1ccc2[nH]cc(CCNC(=O)CCCCCNc3c4c(nc5cccc(Cl)c35)CCCC4)c2c1,14.301029995663981,1
COc1ccc2[nH]cc(CCNC(=O)CCCCCNc3c4c(nc5ccccc35)CCCC4)c2c1,14.301029995663981,1
COc1ccc2[nH]cc(CCNC(=O)CCCCNc3c4c(nc5ccccc35)CCCC4)c2c1,14.301029995663981,1
COc1ccc2[nH]cc(CCNC(=O)CCCCn3cc(CCCCN4CC[C@@]56C=C[C@H](O)C[C@@H]5Oc5c(OC)ccc(c56)C4)nn3)c2c1,7.7447274948966935,1
COc1ccc2[nH]cc(CCNC(=O)CCCCn3cc(CN4CC[C@@]56C=C[C@H](O)C[C@@H]5Oc5c(OC)ccc(c56)C4)nn3)c2c1,5.999132278468773,0
COc1ccc2[nH]cc(CCNC(=O)CCc3cc[n+](Cc4ccc(F)cc4)cc3)c2c1,6.236572006437063,1
COc1ccc2[nH]cc(CCNC(=O)CCc3cc[n+](Cc4cccc(F)c4)cc3)c2c1,6.356547323513812,1
COc1ccc2[nH]cc(CCNC(=O)CCc3cc[n+](Cc4ccccc4F)cc3)c2c1,6.275724130399211,1
COc1ccc2[nH]cc(CCNC(=O)CN(CCC3CCN(Cc4ccccc4)CC3)C(=O)/C=C/c3ccc(O)c(OC)c3)c2c1,7.512861624522813,1
COc1ccc2[nH]cc(CCNC(=O)CN(CCCC3CCN(Cc4ccccc4)CC3)C(=O)/C=C/c3ccc(O)c(OC)c3)c2c1,7.581698708680254,1
COc1ccc2[nH]cc(CCNC(=O)CN(CCCCC3CCN(Cc4ccccc4)CC3)C(=O)c3cc(=O)c4ccccc4o3)c2c1,5.698970004336019,0
COc1ccc2[nH]cc(CCNC(=O)CN(CCCCCCCCNc3c4c(nc5ccccc35)CCCC4)C(=O)/C=C/c3ccc(O)c(OC)c3)c2c1,7.359518563029578,1
COc1ccc2[nH]cc(CCNC(=O)CN(CCCCCCCCNc3c4c(nc5ccccc35)CCCC4)C(=O)CCCC[C@@H]3CCSS3)c2c1,6.7447274948966935,1
COc1ccc2[nH]cc(CCNC(=O)CNC(=O)/C=C/c3ccc(O)c(OC)c3)c2c1,6.017728766960431,1
COc1ccc2[nH]cc(CCNC(=O)Cn3cc(CCCCN(C)CCCC4c5cc(OC)c(OC)cc5CCN4C)nn3)c2c1,5.657577319177793,0
COc1ccc2[nH]cc(CCNC(=O)Cn3cc(CCCCN4CC[C@@]56C=C[C@H](O)C[C@@H]5Oc5c(OC)ccc(c56)C4)nn3)c2c1,7.638272163982407,1
COc1ccc2[nH]cc(CCNC(=O)Cn3cc(CN4CC[C@@]56C=C[C@H](O)C[C@@H]5Oc5c(OC)ccc(c56)C4)nn3)c2c1,5.266642212074414,0
COc1ccc2[nH]cc(CCNC(=O)Cn3cc(CN4CCc5cc(OC)c(OC)cc5C4CCCN4C(=O)c5ccccc5C4=O)nn3)c2c1,4.399027104313252,0
COc1ccc2[nH]cc(CCNC(=O)c3cc[n+](Cc4ccc(F)cc4)cc3)c2c1,5.292429823902063,0
COc1ccc2[nH]cc(CCNC(=O)c3cc[n+](Cc4ccc(OC(=O)N(C)C)cc4)cc3)c2c1,5.886056647693163,0
COc1ccc2[nH]cc(CCNC(=O)c3cc[n+](Cc4cccc(F)c4)cc3)c2c1,5.42021640338319,0
COc1ccc2[nH]cc(CCNC(=O)c3cc[n+](Cc4ccccc4F)cc3)c2c1,5.481486060122112,0
COc1ccc2[nH]cc(CCNC(=O)c3ccc(CN(C)Cc4cccc(Cl)c4)cc3)c2c1,5.251811972993799,0
COc1ccc2[nH]cc(CCNC(=O)c3ccc(CN(C)Cc4ccccc4)cc3)c2c1,5.214670164989233,0
COc1ccc2[nH]cc(CCNC(=O)c3ccc(CN(C)Cc4ccccc4Cl)cc3)c2c1,5.585026652029182,0
COc1ccc2[nH]cc(CCNC(=O)c3ccc(CN(C)Cc4ccccc4OC)cc3)c2c1,5.267606240177031,0
COc1ccc2c(=O)c3ccc(OCCCCCCCN(C)Cc4ccccc4)cc3oc2c1,5.105683937315561,0
COc1ccc2c(=O)cc(-c3ccc(CN(C)Cc4ccccc4)cc3)oc2c1,4.094204119632131,0
COc1ccc2c(=O)cc(C(=O)NCCC3CCN(Cc4ccccc4)CC3)[nH]c2c1,6.346787486224656,1
COc1ccc2c(=O)cc(C(=O)NCCC3CCN(Cc4ccccc4)CC3)oc2c1,7.481486060122112,1
COc1ccc2c(=O)cc(C(=O)NCCN3CCCCC3)oc2c1,7.045757490560675,1
COc1ccc2c(=O)oc3c(OC)cc(CCN(C)C)c4c(=O)oc1c2c34,6.267606240177031,1
COc1ccc2c(CCC3CCN(Cc4ccccc4)CC3)noc2c1,8.075663292496282,1
COc1ccc2c(CCNC(=O)c3ccc(CN(C)Cc4cccc(Cl)c4)cc3)c[nH]c2c1,5.6777807052660805,0
COc1ccc2c(CCNC(=O)c3ccc(CN(C)Cc4ccccc4)cc3)c[nH]c2c1,5.3872161432802645,0
COc1ccc2c(N)c3c(nc2c1)CCCC3,6.455466028729693,1
COc1ccc2c(c1)-c1nc3ccccc3c(N)c1C2,5.369999510099088,0
COc1ccc2c(c1)C(=O)/C(=C/C1CCN(Cc3ccc4c(c3)OCO4)CC1)C2,4.598685637308212,0
COc1ccc2c(c1)C(=O)/C(=C/C1CCN(Cc3ccccc3)CC1)C2,6.465973893943865,1
COc1ccc2c(c1)C(=O)/C(=C/c1ccc(CN(C)Cc3ccccc3)cc1)C2,6.200659450546418,1
COc1ccc2c(c1)C(=O)/C(=C/c1ccc(CN(C)Cc3ccccc3)cc1)CC2,5.269217724333611,0
COc1ccc2c(c1)C(=O)C(C)C2,6.7551163542216734,1
COc1ccc2c(c1)C(=O)N(CCC1CCN(Cc3ccccc3)CC1)C2=O,8.096910013008056,1
COc1ccc2c(c1)C(=O)c1nccc3cc4c(c-2c13)OCO4,4.962573502059376,0
COc1ccc2c(c1)C/C(=C/C1CCN(Cc3ccccc3)CC1)C2=O,7.355561410532161,1
COc1ccc2c(c1)C/C(=C/c1ccccc1-c1ccc3ccccc3c1)C2=O,7.489454989793388,1
COc1ccc2c(c1)C/C(=C/c1ccccc1-c1ccc3nc(N)ccc3c1)C2=O,7.8326826652518236,1
COc1ccc2c(c1)C/C(=C/c1ccccc1-c1ccccc1)C2=O,7.525783735923745,1
COc1ccc2c(c1)C/C(=C\C1CCN(Cc3ccccc3)CC1)C2=O,7.366531544420413,1
COc1ccc2c(c1)C/C(=C\c1ccc(CN(C)Cc3ccccc3)cc1)C2=O,4.542118103266008,0
COc1ccc2c(c1)CC(Cc1cc[n+](Cc3ccccc3C)cc1C(C)=O)C2=O,7.522878745280337,1
COc1ccc2c(c1)CC(NS(=O)(=O)N(C)C)CC2,7.800793520838342,1
COc1ccc2c(c1)CC/C(=C\c1ccc(CN(C)Cc3ccccc3)cc1)C2=O,6.958607314841775,1
COc1ccc2c(c1)CCC(Cc1cc[n+](CC3CCCCC3)cc1C(C)=O)C2=O,6.6777807052660805,1
COc1ccc2c(c1)CCC(Cc1cc[n+](Cc3ccc(C)cc3)cc1C(C)=O)C2=O,6.2549252084179425,1
COc1ccc2c(c1)CCC(Cc1cc[n+](Cc3ccc(Cl)cc3)cc1C(C)=O)C2=O,6.245651664288982,1
COc1ccc2c(c1)CCC(Cc1cc[n+](Cc3cccc(C(F)(F)F)c3)cc1C(C)=O)C2=O,6.5121548798885645,1
COc1ccc2c(c1)CCC(Cc1cc[n+](Cc3cccc(C)c3)cc1Br)C2=O,7.782516055786093,1
COc1ccc2c(c1)CCC(Cc1cc[n+](Cc3cccc(C)c3)cc1C(C)=O)C2=O,6.95663772197887,1
COc1ccc2c(c1)CCC(Cc1cc[n+](Cc3cccc(Cl)c3)cc1C(C)=O)C2=O,7.1487416512809245,1
COc1ccc2c(c1)CCC(Cc1cc[n+](Cc3cccc(F)c3)cc1C(C)=O)C2=O,7.255707016877324,1
COc1ccc2c(c1)CCC(Cc1cc[n+](Cc3ccccc3C)cc1C(C)=O)C2=O,8.0,1
COc1ccc2c(c1)CCC(Cc1cc[n+](Cc3ccccc3C)cc1C(F)(F)F)C2=O,6.6154673845057514,1
COc1ccc2c(c1)CCC(Cc1cc[n+](Cc3ccccc3C)cc1C(N)=O)C2=O,6.0487596496756595,1
COc1ccc2c(c1)CCC(Cc1cc[n+](Cc3ccccc3Cl)cc1C(C)=O)C2=O,7.530177984021837,1
COc1ccc2c(c1)CCC(Cc1cc[n+](Cc3ccccc3Cl)cc1C(N)=O)C2=O,6.421590029668764,1
COc1ccc2c(c1)CCC(Cc1cc[n+](Cc3ccccc3F)cc1C(C)=O)C2=O,7.366531544420413,1
COc1ccc2c(c1)CCC(NC(=O)N(C)C)C2,7.785686102575601,1
COc1ccc2c(c1)CCC(NS(=O)(=O)N(C)C)C2,7.770318157682324,1
COc1ccc2c(c1)CCCc1c-2nc2ccccc2c1N,4.162411561764489,0
COc1ccc2c(c1)CCc1c-2nc2ccccc2c1N,4.327902142064283,0
COc1ccc2c(c1)C[C@@H](NC(=O)N(C)C)CC2,7.6495581434649385,1
COc1ccc2c(c1)C[C@@H]1c3c(cc4c(c3-2)OCO4)CCN1C,4.581698708680254,0
COc1ccc2c(c1)C[C@H]1NCCc3cc4c(c-2c31)OCO4,3.8999742698921374,0
COc1ccc2c(c1)Cc1c-2nc2ccccc2c1N,5.190000154058473,0
COc1ccc2c(c1)O/C(=C\c1ccc(OCCN3CCCCC3)c(Cl)c1)C2=O,6.795880017344075,1
COc1ccc2c(c1)[nH]c1c(C(C)=O)nccc12,5.3979400086720375,0
COc1ccc2c(c1)[nH]c1c(C)nccc12,4.94692155651658,0
COc1ccc2c(c1)c(/C=C1\CN(Cc3ccccc3)CCC1=O)cn2C(=O)c1ccccc1,4.096910013008056,0
COc1ccc2c(c1)c(=O)c1ccccc1n2Cc1cn(Cc2ccc(Cl)cc2)nn1,5.13608262304214,0
COc1ccc2c(c1)c(C=O)cn2CCCCCCCCCCCCN(C)Cc1ccc(O)cc1,4.21745571598999,0
COc1ccc2c(c1)c(C=O)cn2CCCCCCCCCCCCN(C)Cc1ccc(OC)c(OC)c1,4.347173697438995,0
COc1ccc2c(c1)c(C=O)cn2CCCCCCCCCCCCN(C)Cc1cccc(O)c1,4.116225038644742,0
COc1ccc2c(c1)c(C=O)cn2CCCCCCCCCCN(C)Cc1ccc(O)cc1,6.221848749616356,1
COc1ccc2c(c1)c(C=O)cn2CCCCCCCCCCN(C)Cc1cccc(O)c1,5.3448615651886175,0
COc1ccc2c(c1)c(C=O)cn2CCCCCCCCCN(C)Cc1ccc(O)cc1,5.20551195334083,0
COc1ccc2c(c1)c(C=O)cn2CCCCCCCCCN(C)Cc1cccc(O)c1,5.284832642151542,0
COc1ccc2c(c1)c(C=O)cn2CCCCCCCCN(C)Cc1ccc(O)cc1,5.686132779630847,0
COc1ccc2c(c1)c(C=O)cn2CCCCCCCCN(C)Cc1cccc(O)c1,5.585026652029182,0
COc1ccc2c(c1)c(C=O)cn2CCCCCCCN(C)Cc1ccc(O)cc1,5.79317412396815,0
COc1ccc2c(c1)c(C=O)cn2CCCCCCCN(C)Cc1cccc(O)c1,5.2564902352715706,0
COc1ccc2c(c1)c(CC(=O)N/N=C1\c3cc(OC)c(OC)cc3CC1CC1CCN(Cc3ccccc3)CC1)c(C)n2C(=O)c1ccc(Cl)cc1,6.292429823902063,1
COc1ccc2c(c1)c(CC(=O)NCCCNCCCNC1=CC(=O)C(NCCCNCCCNC(=O)Cc3c(C)n(C(=O)c4ccc(Cl)cc4)c4ccc(OC)cc34)=CC1=O)c(C)n2C(=O)c1ccc(Cl)cc1,4.987162775294828,0
COc1ccc2c(c1)c1c[n+](C)ccc1n2CCC(=O)N1c2ccccc2Sc2ccccc21,5.275724130399211,0
COc1ccc2c(c1)c1cc[n+](C)cc1n2C,5.870528068976891,0
COc1ccc2c(c1)c1ccnc(C)c1n2C,4.928558991464248,0
COc1ccc2c(c1)c1cnccc1n2CCC(=O)N1c2ccccc2Sc2ccccc21,6.267606240177031,1
COc1ccc2c(c1OC)C(=O)C(C)C2,6.740099124187763,1
COc1ccc2c(c1OC)C(=O)CC2CCC1CCN(Cc2ccccc2)CC1,8.096910013008056,1
COc1ccc2c(c1OC)CC(C)C2=O,7.060136751680211,1
COc1ccc2c(c1OC)c1c3c4c(cc5c(c42)OCO5)CCN3C(=O)C1=O,4.481486060122112,0
COc1ccc2c(c[n+](C)c3c4cc5c(cc4ccc23)OCO5)c1OC,5.825555638464281,0
COc1ccc2c(ccc[n+]2C)c1,4.303381540767775,0
COc1ccc2c(ccc[n+]2Cc2ccccc2)c1,5.276544327964814,0
COc1ccc2c3c([nH]c2c1)C(C)=NCC3,4.6252516539898965,0
COc1ccc2c3c([nH]c2c1N)C(C)NCC3,5.698970004336019,0
COc1ccc2c3c1O[C@H]1CC(O)CC[C@@]31CCN(C)C2,6.214670164989233,1
COc1ccc2c3c1O[C@H]1C[C@@H](O)C=C[C@@]31CCN(C)C2,5.808077127169984,0
COc1ccc2c3c1O[C@H]1C[C@@H](O)C=C[C@@]31CCN(C/C=C/CNC13CC4CC(C)(CC(C)(C4)C1)C3)C2,6.939302159646388,1
COc1ccc2c3c1O[C@H]1C[C@@H](O)C=C[C@@]31CCN(CC#CCNC13CC4CC(C)(CC(C)(C4)C1)C3)C2,6.118045028660399,1
COc1ccc2c3c1O[C@H]1C[C@@H](O)C=C[C@@]31CCN(CCCCCCCCN1C(=O)c3ccccc3S1(=O)=O)C2,7.301029995663981,1
COc1ccc2c3c1O[C@H]1C[C@@H](O)C=C[C@@]31CCN(CCCCNC13CC4CC(C)(CC(C)(C4)C1)C3)C2,5.94692155651658,0
COc1ccc2c3c1O[C@H]1C[C@@H](O)C=C[C@@]31CCN(CCCCc1cn(CC(=O)NCCc3c[nH]c4ccccc34)nn1)C2,6.860120913598763,1
COc1ccc2c3c1O[C@H]1C[C@@H](O)C=C[C@@]31CCN(CCCCc1cn(CCCC(=O)NCCc3c[nH]c4ccccc34)nn1)C2,6.920818753952375,1
COc1ccc2c3c1O[C@H]1C[C@@H](O)C=C[C@@]31CCN(CCCCc1cn(CCCCC(=O)NCCc3c[nH]c4ccccc34)nn1)C2,7.508638306165727,1
COc1ccc2c3c1O[C@H]1C[C@@H](O)C=C[C@@]31CCN(CCCN1CCCCC1)C2,6.455931955649724,1
COc1ccc2c3c1O[C@H]1C[C@@H](O)C=C[C@@]31CCNC2,5.97061622231479,0
COc1ccc2c3c1O[C@H]1C[C@@H](O)C=C[C@@]31[C@H](O)CN(C)C2,5.79317412396815,0
COc1ccc2c3c1O[C@H]1C[C@@H](O)CC[C@@]31CCN(C)C2,4.697452627512514,0
COc1ccc2c3c1O[C@H]1C[C@@H](O)CC[C@@]31CCNC2,3.8109871953997585,0
COc1ccc2c3c1O[C@H]1C[C@H](O)C=C[C@@]31[C@H](O)CN(C)C2,5.045275209020938,0
COc1ccc2c3c1O[C@H]1C[C@H](O)CC[C@@]31CCN(C)C2,4.2373214362725635,0
COc1ccc2c3ccnc(C)c3n(CC3CC(c4ccccc4)=NO3)c2c1,4.958607314841775,0
COc1ccc2cc(-c3ccc(CN(C)Cc4ccccc4)cc3)c(=O)oc2c1,6.049635145623877,1
COc1ccc2cc(-c3cccc(CN(C)Cc4ccccc4)c3)c(=O)oc2c1,5.6401645176601125,0
COc1ccc2cc(C(=O)CCC3CC[N+](C)(Cc4ccccc4)CC3)ccc2c1,7.301029995663981,1
COc1ccc2cc(C(=O)CN3CCN(Cc4ccccc4)CC3)c(=O)oc2c1,5.75448733218585,0
COc1ccc2cc(C(=O)NCCC3CCN(Cc4ccccc4)CC3)ccc2c1,6.769551078621726,1
COc1ccc2cc(C(=O)N[C@@H](CCC(=O)NCCC3CCN(Cc4ccccc4)CC3)C(=O)O)ccc2c1,4.818156412055227,0
COc1ccc2cc([C@H](C)C(=O)N/N=C3\c4cc(OC)c(OC)cc4CC3CC3CCN(Cc4ccccc4)CC3)ccc2c1,6.823908740944319,1
COc1ccc2cc3[n+](cc2c1OC(C)c1ccccc1)CCc1cc2c(cc1-3)OCO2,6.102372908709558,1
COc1ccc2cc3[n+](cc2c1OC)CCc1cc(O)c(O)cc1-3,5.107905397309519,0
COc1ccc2cc3[n+](cc2c1OC)CCc1cc2c(cc1-3)OCO2,6.216338611959205,1
COc1ccc2cc3[n+](cc2c1OCc1cc(C)cc(C)c1)CCc1cc2c(cc1-3)OCO2,5.6020599913279625,0
COc1ccc2cc3[n+](cc2c1OCc1ccc(Br)cc1)CCc1cc2c(cc1-3)OCO2,5.481486060122112,0
COc1ccc2cc3[n+](cc2c1OCc1ccc(C#N)cc1)CCc1cc2c(cc1-3)OCO2,5.769551078621726,0
COc1ccc2cc3[n+](cc2c1OCc1ccc(C(C)C)cc1)CCc1cc2c(cc1-3)OCO2,5.376750709602099,0
COc1ccc2cc3[n+](cc2c1OCc1ccc(C(F)(F)F)cc1)CCc1cc2c(cc1-3)OCO2,5.886056647693163,0
COc1ccc2cc3[n+](cc2c1OCc1ccc(C)cc1)CCc1cc2c(cc1-3)OCO2,4.120330794367947,0
COc1ccc2cc3[n+](cc2c1OCc1ccc(Cl)c(Cl)c1)CCc1cc2c(cc1-3)OCO2,5.913640169325252,0
COc1ccc2cc3[n+](cc2c1OCc1ccc(Cl)cc1)CCc1cc2c(cc1-3)OCO2,5.6020599913279625,0
COc1ccc2cc3[n+](cc2c1OCc1ccc(SC)cc1)CCc1cc2c(cc1-3)OCO2,5.585026652029182,0
COc1ccc2cc3[n+](cc2c1OCc1ccc([N+](=O)[O-])cc1)CCc1cc2c(cc1-3)OCO2,6.004364805402449,1
COc1ccc2cc3[n+](cc2c1OCc1ccc2ccccc2c1)CCc1cc2c(cc1-3)OCO2,5.823908740944319,0
COc1ccc2cc3[n+](cc2c1OCc1cccc(Br)c1)CCc1cc2c(cc1-3)OCO2,5.568636235841012,0
COc1ccc2cc3[n+](cc2c1OCc1cccc(C)c1)CCc1cc2c(cc1-3)OCO2,5.136677139879544,0
COc1ccc2cc3[n+](cc2c1OCc1cccc(Cl)c1)CCc1cc2c(cc1-3)OCO2,5.721246399047171,0
COc1ccc2cc3[n+](cc2c1OCc1cccc([N+](=O)[O-])c1)CCc1cc2c(cc1-3)OCO2,5.838631997765026,0
COc1ccc2cc3[n+](cc2c1OCc1ccccc1)CCc1cc2c(cc1-3)OCO2,5.301029995663981,0
COc1ccc2cc3[n+](cc2c1OCc1ccccc1Br)CCc1cc2c(cc1-3)OCO2,5.769551078621726,0
COc1ccc2cc3[n+](cc2c1OCc1ccccc1C)CCc1cc2c(cc1-3)OCO2,4.982966660701219,0
COc1ccc2nc(NCCc3cc[n+](Cc4c(F)cccc4F)cc3)sc2c1,6.692503962086787,1
COc1ccc2nc(NCCc3cc[n+](Cc4ccc(F)cc4)cc3)sc2c1,6.651695136951839,1
COc1ccc2nc(NCCc3cc[n+](Cc4ccccc4)cc3)sc2c1,6.730487055782083,1
COc1ccc2nc3c(c(N)c2c1)C1CC(C)=CC(C3)C1,5.580044251510242,0
COc1ccc2nc3c(c(N)c2c1)C1CC=CC(C3)C1,5.580044251510242,0
COc1ccc2nc3c(c(N)c2c1)CCC3,5.0851281824599495,0
COc1ccc2nc3c(c(N)c2c1)CCCC3,4.945847198220455,0
COc1ccc2nc3c(c(N)c2c1)CCCCC3,4.7544873321858505,0
COc1ccc2nc3c(c(N4CCCCCN(c5c6c(nc7ccc(OC)cc57)CCCC6)CCCCC4)c2c1)CCCC3,5.337242168318426,0
COc1ccc2nc3c(c(NCCCCCCCCN(CC(=O)Nc4ccc5ccccc5c4)C(=O)/C=C/c4ccc(O)c(OC)c4)c2c1)CCCC3,7.653647025549361,1
COc1ccc2nc3c(c(NCCCCCCCCNC(=O)C4(C)CCc5c(C)c(O)c(C)c(C)c5O4)c2c1)CCCC3,5.458420756053419,0
COc1ccc2nc3c(c(NCCCCCCCCNC(=O)[C@@H](N)Cc4c[nH]c5ccccc45)c2c1)CCCC3,5.886056647693163,0
COc1ccc2nc3c(c(NCCCCCCCCNC(=S)NC45CC6CC(CC(C6)C4)C5)c2c1)CCCC3,5.795880017344075,0
COc1ccc2nc3c(c(NCCCCCCCN(CC(=O)NCCc4c[nH]c5ccc(OC)cc45)C(=O)/C=C/c4ccc(O)c(OC)c4)c2c1)CCCC3,5.889410289700751,0
COc1ccc2nc3c(c(NCCCCCCCNC(=O)C4(C)CCc5c(C)c(O)c(C)c(C)c5O4)c2c1)CCCC3,5.172630726946174,0
COc1ccc2nc3c(c(NCCCCCCCNC(=O)[C@@H](N)Cc4c[nH]c5ccccc45)c2c1)CCCC3,6.008773924307505,1
COc1ccc2nc3c(c(NCCCCCCCNC(=S)NC45CC6CC(CC(C6)C4)C5)c2c1)CCCC3,5.459670525209127,0
COc1ccc2nc3c(c(NCCCCCCNC(=O)C4(C)CCc5c(C)c(O)c(C)c(C)c5O4)c2c1)CCCC3,5.17979854051436,0
COc1ccc2nc3c(c(NCCCCCCNC(=O)[C@@H](N)Cc4c[nH]c5ccccc45)c2c1)CCCC3,6.026872146400301,1
COc1ccc2nc3c(c(NCCCCCNC(=O)C4(C)CCc5c(C)c(O)c(C)c(C)c5O4)c2c1)CCCC3,4.876475019057268,0
COc1ccc2nc3c(c(NCCCCCNC(=O)[C@@H](N)Cc4c[nH]c5ccccc45)c2c1)CCCC3,6.207608310501746,1
COc1ccc2nc3c(c(NCCCCCNC(=S)NC45CC6CC(CC(C6)C4)C5)c2c1)CCCC3,6.327902142064282,1
COc1ccc2nc3c(c(NCCCCCNC(=S)N[C@]45CC6C[C@@H](C[C@@H](C6)C4)C5)c2c1)CCCC3,6.327902142064282,1
COc1ccc2nc3c(c(NCCCCNC(=O)C4(C)CCc5c(C)c(O)c(C)c(C)c5O4)c2c1)CCCC3,5.142064735280571,0
COc1ccc2nc3c(c(NCCCCNC(=O)[C@@H](N)Cc4c[nH]c5ccccc45)c2c1)CCCC3,4.920818753952375,0
COc1ccc2nc3c(c(NCCCNC(=O)C4(C)CCc5c(C)c(O)c(C)c(C)c5O4)c2c1)CCCC3,5.8124792791635365,0
COc1ccc2nc3c(c(NCCCNC(=O)[C@@H](N)Cc4c[nH]c5ccccc45)c2c1)CCCC3,5.886056647693163,0
COc1ccc2nc3c(c(NCCCNC(=O)c4sc(-c5ccnc(NC(=O)C6CC6)c5)nc4OC)c2c1)CCCC3,7.42021640338319,1
COc1ccc2nc3c(c(NCCCNC4=C(Cl)C(=O)c5ccccc5C4=O)c2c1)CCCC3,6.092051478387727,1
COc1ccc2nc3c(c(NCCCNC4=CC(=O)c5c(O)cccc5C4=O)c2c1)CCCC3,6.458420756053419,1
COc1ccc2nc3c(c(NCCCNC4=CC(=O)c5ccccc5C4=O)c2c1)CCCC3,5.211124884224583,0
COc1ccc2nc3c(c(NCCNC(=O)C4(C)CCc5c(C)c(O)c(C)c(C)c5O4)c2c1)CCCC3,5.360513510731414,0
COc1ccc2nc3c(c(NCCNC(=O)[C@@H](N)Cc4c[nH]c5ccccc45)c2c1)CCCC3,5.2441251443275085,0
COc1ccc2nc3c(c(NCCNC(=O)c4sc(-c5ccnc(NC(=O)C6CC6)c5)nc4OC)c2c1)CCCC3,7.638272163982407,1
COc1ccc2nc3c(c(NCCNC4=C(Cl)C(=O)c5ccccc5C4=O)c2c1)CCCC3,5.863279432843593,0
COc1ccc2nc3c(c(NCCNC4=CC(=O)c5c(O)cccc5C4=O)c2c1)CCCC3,6.186419011431807,1
COc1ccc2nc3c(c(NCCNC4=CC(=O)c5ccccc5C4=O)c2c1)CCCC3,5.596879478824182,0
COc1ccc2nc3cc(Cl)ccc3c(Nc3ccc(C(=O)NO)cc3)c2n1,5.0338582672609675,0
COc1ccc2oc(-c3ccc(CN(C)Cc4ccccc4)cc3)cc(=O)c2c1,4.7423214251308154,0
COc1ccc2oc(=O)c(-c3ccc(CN(C)Cc4ccccc4)cc3)cc2c1,6.787812395596042,1
COc1ccc2oc(=O)c(-c3cccc(CN(C)Cc4ccccc4)c3)cc2c1,6.518557371497694,1
COc1ccc2oc(C(=O)NC3CCN(Cc4ccccc4)CC3)cc(=O)c2c1,6.013228265733755,1
COc1ccc2oc(C(=O)NCC3CCN(Cc4ccccc4)CC3)cc(=O)c2c1,5.442492798094342,0
COc1ccc2oc(C(=O)NCCC3CCN(Cc4ccccc4)CC3)cc(=O)c2c1,6.769551078621726,1
COc1ccc2oc(C(=O)NCCCC3CCN(Cc4ccccc4)CC3)cc(=O)c2c1,6.431798275933005,1
COc1ccc2oc(C(=O)NCCCCCCCCCCNc3c4c(nc5cc(Cl)ccc35)CCCC4)cc(=O)c2c1,10.0,1
COc1ccc2oc(C(=O)NCCCCCCCCCCNc3c4c(nc5ccccc35)CCCC4)cc(=O)c2c1,9.11069829749369,1
COc1ccc2oc(C(=O)OCC3CCN(Cc4ccccc4)CC3)cc(=O)c2c1,5.125518182300533,0
COc1ccc2onc(CCC3CCN(Cc4ccccc4)CC3)c2c1,8.142210727116336,1
COc1ccc2sc3c(C)ccc(NCCC4CCN(C)CC4)c3c(=O)c2c1,4.79317412396815,0
COc1ccc2sc3c(C)ccc(NCC[C@@H]4CCCN5CCCC[C@H]45)c3c(=O)c2c1,5.44490555142168,0
COc1ccc2sc3c(N)ccc(NCC[C@@H]4CCCN5CCCC[C@H]45)c3c(=O)c2c1,5.619788758288394,0
COc1ccc2sc3c([N+](=O)[O-])ccc(NCCC[C@@H]4CCCN5CCCC[C@H]45)c3c(=O)c2c1,5.756961951313706,0
COc1ccc2sc3c([N+](=O)[O-])ccc(NCC[C@@H]4CCCN5CCCC[C@H]45)c3c(=O)c2c1,5.323306390375134,0
COc1cccc(-[n+]2ccc3cccc(OC)c3c2)c1,5.161150909262744,0
COc1cccc(-c2ccc(/C=N/N3CC(=O)N(CCC4CCN(Cc5ccccc5)CC4)C3=O)o2)c1,7.327902142064282,1
COc1cccc(-c2nnc(-c3ccc4c(c3)CO[C@@]4(CCCN(C)C)c3ccc(F)cc3)[nH]2)c1,3.907384609058445,0
COc1cccc(-c2nnc(N3CCN(c4ccccn4)CC3)o2)c1OC,5.924453038607469,0
COc1cccc(-c2nnc3sc(-c4ccoc4)nn23)c1,5.7495799976911055,0
COc1cccc(/C=C/C(=O)NCCC2CCN(Cc3ccccc3)CC2)c1,6.143044822935522,1
COc1cccc(/C=C/C(=O)Nc2ccc(CN(C)Cc3ccccc3)cc2)c1,5.330683119433887,0
COc1cccc(C#N)[n+]1C,4.799299729609228,0
COc1cccc(C(=O)Cc2ncc(C(=O)N(C)CCCOc3ccc([N+](=O)[O-])cc3)cn2)c1,5.3979400086720375,0
COc1cccc(C(=O)N2CCN(CC(=O)N3CCN(CCCc4c[nH]c5ccc(F)cc45)CC3)CC2)c1,4.7121982700697735,0
COc1cccc(C(=O)N2c3ccccc3Sc3ccc(Cl)cc32)c1,5.337242168318426,0
COc1cccc(C(=O)N2c3ccccc3Sc3ccccc32)c1,5.207608310501746,0
COc1cccc(C(=O)N2c3ccccc3[Se]c3ccc(Cl)cc32)c1,5.229147988357855,0
COc1cccc(C(=O)N2c3ccccc3[Se]c3ccccc32)c1,5.207608310501746,0
COc1cccc(C(=O)c2c(-c3ccc(OCCCCCCCN(C)Cc4ccccc4)cc3)oc3ccccc23)c1,3.8961962790440428,0
COc1cccc(C(C)N(C)CCCNC(=O)CCCCC2CCSS2)c1,4.130181792020672,0
COc1cccc(C(F)(F)F)[n+]1C,4.390469833775569,0
COc1cccc(C(c2ccc(F)cc2)N2CCN(c3cnccn3)CC2)c1O,6.1487416512809245,1
COc1cccc(C)c1,5.984898150987407,0
COc1cccc(C2C([N+](=O)[O-])C(Cc3c[nH]cn3)NC23c2ccccc2-c2nc4ccccc4nc23)c1,5.036212172654444,0
COc1cccc(C2CC(c3cc(F)cc(F)c3)=NN2c2ccc(S(N)(=O)=O)cc2)c1OC,8.196542884351587,1
COc1cccc(C2CC(c3cc(F)ccc3F)=NN2c2ccc(S(N)(=O)=O)cc2)c1OC,8.196542884351587,1
COc1cccc(C2NC(=S)Nc3nc4c(c(N)c32)CCCC4)c1,5.515700160653214,0
COc1cccc(C2c3c(nc(C)[nH]c3=O)Oc3c2n(C(C)=O)c2ccccc32)c1,4.769806621130955,0
COc1cccc(C2c3ccc4cccnc4c3Oc3nc4c(c(N)c32)CCCC4)c1,6.1249387366083,1
COc1cccc(CC2CCN(CCCCOc3ccc4c(c3)oc(=O)c3ccccc34)CC2)c1,4.562249437179612,0
COc1cccc(CC2CCN(CCCCOc3ccc4c5c(c(=O)oc4c3)CCCC5)CC2)c1,4.863279432843593,0
COc1cccc(CC2CCN(CCCOc3ccc4c(c3)oc(=O)c3ccccc34)CC2)c1,4.732828271596986,0
COc1cccc(CC2CCN(CCCOc3ccc4c5c(c(=O)oc4c3)CCCC5)CC2)c1,5.309803919971486,0
COc1cccc(CC2CCN(CCOc3ccc4c(c3)oc(=O)c3ccccc34)CC2)c1,4.533132379645891,0
COc1cccc(CC2CCN(CCOc3ccc4c5c(c(=O)oc4c3)CCCC5)CC2)c1,4.429457060118103,0
COc1cccc(CCCCCCCCNc2c3c(nc4cc(Cl)ccc24)CCCC3)c1,8.243363891754152,1
COc1cccc(CCCCCCCCNc2c3c(nc4ccccc24)CCCC3)c1,7.3979400086720375,1
COc1cccc(CCCCCCCCc2cccc(OC)[n+]2C)[n+]1C,6.732986946971932,1
COc1cccc(CCCCCCCc2cccc(OC)[n+]2C)[n+]1C,6.920818753952375,1
COc1cccc(CCCCCCc2cccc(OC)[n+]2C)[n+]1C,7.154901959985743,1
COc1cccc(CCCCCc2cccc(OC)[n+]2C)[n+]1C,6.979303657420887,1
COc1cccc(CCc2cccc(OC)[n+]2C)[n+]1C,6.025061147981562,1
COc1cccc(CN(C)CCCCCC(=O)N(C)CCCCCCCCN(C)C(=O)CCCCCN(C)Cc2cccc(OC)c2)c1,6.17000191130262,1
COc1cccc(CN(C)CCCCCCCOc2ccc3c(=O)c4ccccc4oc3c2)c1,4.3979400086720375,0
COc1cccc(CN(C)CCCCCCCOc2ccc3c(=O)c4ccccc4oc3c2)c1OC,3.860120913598763,0
COc1cccc(CN(C)CCCCOc2ccc3c(c2)oc(=O)c2ccccc23)c1,5.080921907623926,0
COc1cccc(CN(C)CCCCOc2ccc3c4c(c(=O)oc3c2)CCCC4)c1,5.769551078621726,0
COc1cccc(CN(C)CCCOc2ccc3c(c2)oc(=O)c2ccccc23)c1,4.679853713888946,0
COc1cccc(CN(C)CCCOc2ccc3c4c(c(=O)oc3c2)CCCC4)c1,5.568636235841012,0
COc1cccc(CN(C)CCOc2ccc3c(c2)oc(=O)c2ccccc23)c1,4.735182176990463,0
COc1cccc(CN(C)CCOc2ccc3c4c(c(=O)oc3c2)CCCC4)c1,5.221848749616356,0
COc1cccc(CN(C)Cc2ccc(-c3cc4cc(OC)c(OC)cc4oc3=O)cc2)c1,6.146301788223825,1
COc1cccc(CN(C)Cc2ccc(C(=O)NCCc3c[nH]c4ccc(OC)cc34)cc2)c1,5.167491087293763,0
COc1cccc(CN(C)Cc2ccc(C(=O)NCCc3c[nH]c4ccccc34)cc2)c1,5.42021640338319,0
COc1cccc(CN(C)[C@@H](C)[C@H]2[C@H](O)C[C@@]3(C)[C@@H]4CC[C@H]5[C@]6(C)CSC(C(C)C)=N[C@H]6CC[C@@]56C[C@@]46C(=O)C[C@]23C)c1,8.522878745280337,1
COc1cccc(CN2CCC(/C=C3\Cc4cc(OC)ccc4C3=O)CC2)c1,6.069050968832476,1
COc1cccc(CN2CCC(/C=C3\Cc4ccc(OC)cc4C3=O)CC2)c1,4.462180904926726,0
COc1cccc(CN2CCC(/C=C3\Cc4cccc(OC)c4C3=O)CC2)c1,4.915245036820646,0
COc1cccc(CN2CCC(CCC(=O)c3cc4c5c(ccn5C(=O)CC4)c3)CC2)c1,6.900008766455315,1
COc1cccc(CN2CCC(CCC(=O)c3ccc4c(c3)CCN4)CC2)c1,5.571865205971211,0
COc1cccc(CN2CCC(CCC(=O)c3ccc4c(c3)NCCCC4)CC2)c1,6.072116589669293,1
COc1cccc(CN2CCN(C(=O)/C=C/c3ccc(O)c(OC)c3)CC2)c1,4.818728228440539,0
COc1cccc(CN2CCN(CCCCOc3ccc4c(c3)oc(=O)c3ccccc34)CC2)c1,4.671620396561262,0
COc1cccc(CN2CCN(CCCCOc3ccc4c5c(c(=O)oc4c3)CCCC5)CC2)c1,5.060480747381382,0
COc1cccc(CN2CCN(CCCOc3ccc4c(c3)oc(=O)c3ccccc34)CC2)c1,4.7447274948966935,0
COc1cccc(CN2CCN(CCCOc3ccc4c5c(c(=O)oc4c3)CCCC5)CC2)c1,5.207608310501746,0
COc1cccc(CN2CCN(CCOc3ccc4c(c3)oc(=O)c3ccccc34)CC2)c1,4.943095148663527,0
COc1cccc(CN2CCN(CCOc3ccc4c5c(c(=O)oc4c3)CCCC5)CC2)c1,5.136677139879544,0
COc1cccc(CNC2CCN(Cc3ccccc3)C2)c1OC,5.358228529346041,0
COc1cccc(CNC2CCN(Cc3ccccc3)CC2)c1OC,5.657577319177793,0
COc1cccc(COc2c(OC)ccc3cc4[n+](cc23)CCc2cc3c(cc2-4)OCO3)c1,5.455931955649724,0
COc1cccc(COc2ccc3c(C)c(C)c(=O)oc3c2)c1,5.522878745280337,0
COc1cccc(N(CCC2CCN(Cc3ccccc3)CC2)C(C)=O)c1,7.337242168318426,1
COc1cccc(N2CCN(C(=O)/C=C/c3ccc(O)c(OC)c3)CC2)c1,5.003926345514724,0
COc1cccc(NC(=O)CCNC(=O)/C=C/c2ccc(O)c(OC)c2)c1,5.617982957425132,0
COc1cccc(NC(=O)CNC(=O)/C=C/c2ccc(O)c(OC)c2)c1,5.616184634019569,0
COc1cccc(NCc2ccc(Oc3c(N)cccc3Cl)cc2)c1,5.247951552180561,0
COc1cccc(OC)c1C(C)NS(=O)(=O)NC(=O)OCc1ccccc1,10.571055709964426,1
COc1cccc(OC)c1C(C)NS(N)(=O)=O,10.571055709964426,1
COc1cccc(Oc2ccc3nc4c(c(N)c3c2)CCC4)c1,5.279840696594043,0
COc1cccc(Oc2ccc3nc4c(c(N)c3c2)CCCC4)c1,5.578396073130168,0
COc1cccc(Oc2ccc3nc4c(c(N)c3c2)CCCCC4)c1,5.371611069949688,0
COc1cccc([C@@H]2[C@H](Cc3c[nH]c4ccccc34)NC3(C(=O)Nc4ccccc43)[C@@]23Cc2cc(OC)c(OC)cc2C3=O)c1,5.636388020107855,0
COc1cccc([C@H]2C3=C(CC(C)(C)CC3=O)Oc3nc4c(c(N)c32)CCCC4)c1,4.6700000181810175,0
COc1cccc([N+](C)(C)C)c1,3.22399999751502,0
COc1cccc([N+](C)(C)C)c1C,3.621999996892253,0
COc1cccc([N+]2=Cc3c(cccc3OC)CC2)c1,5.281498311132726,0
COc1cccc2c(=O)cc(C(=O)NCCC3CCN(Cc4ccccc4)CC3)[nH]c12,5.785156151952302,0
COc1cccc2c(CCC3CCN(Cc4ccccc4)CC3)noc12,8.149047886938051,1
COc1cccc2c1C(=O)/C(=C/C1CCN(Cc3ccc4c(c3)OCO4)CC1)C2,4.953309778629943,0
COc1cccc2c1C(=O)/C(=C/C1CCN(Cc3ccccc3)CC1)C2,5.82131076022441,0
COc1cccc2c1C=[N+](c1c(F)cccc1F)CC2,5.889410289700751,0
COc1cccc2c1C=[N+](c1ccc(Br)cc1)CC2,6.552841968657781,1
COc1cccc2c1C=[N+](c1ccc(Br)cc1Br)CC2,5.429457060118102,0
COc1cccc2c1C=[N+](c1ccc(Br)cc1F)CC2,5.889410289700751,0
COc1cccc2c1C=[N+](c1ccc(C(F)(F)F)cc1)CC2,5.7121982700697735,0
COc1cccc2c1C=[N+](c1ccc(C)cc1)CC2,6.275724130399211,1
COc1cccc2c1C=[N+](c1ccc(Cl)cc1)CC2,6.494850021680094,1
COc1cccc2c1C=[N+](c1ccc(Cl)cc1Cl)CC2,5.982966660701219,0
COc1cccc2c1C=[N+](c1ccc(F)cc1)CC2,5.701146923590294,0
COc1cccc2c1C=[N+](c1ccc(I)cc1)CC2,5.995678626217357,0
COc1cccc2c1C=[N+](c1ccc(I)cc1F)CC2,5.97469413473523,0
COc1cccc2c1C=[N+](c1cccc(C#N)c1)CC2,5.289882634888183,0
COc1cccc2c1C=[N+](c1cccc(C)c1)CC2,5.539102157243452,0
COc1cccc2c1C=[N+](c1ccccc1)CC2,5.790484985457369,0
COc1cccc2c1C=[N+](c1ccccc1Br)CC2,5.823908740944319,0
COc1cccc2c1C=[N+](c1ccccc1C)CC2,5.512861624522813,0
COc1cccc2c1C=[N+](c1ccccc1F)CC2,5.531652669587842,0
COc1cccc2c1C=[N+](c1ccccc1I)CC2,5.747146969020107,0
COc1cccc2c1CC(C)C2=O,7.170155967858235,1
COc1cccc2c1CCC(NS(=O)(=O)N(C)C)C2,7.9186526921958675,1
COc1cccc2c1CCCC2NS(=O)(=O)NC(=O)OCc1ccccc1,9.679853713888946,1
COc1cccc2c1CC[C@H](NC(=O)N(C)C)C2,7.701146923590294,1
COc1cccc2c1Cc1c-2nc2ccccc2c1N,5.779999190713337,0
COc1cccc2cc(C(=O)NCCCCCCCNc3c4c(nc5ccccc35)CCC4)oc12,6.0030507515046185,1
COc1cccc2cc(C(=O)NCCCCCCCNc3c4c(nc5ccccc35)CCCC4)oc12,7.354577730650908,1
COc1cccc2cc(C(=O)NCCCCCCCNc3c4c(nc5ccccc35)CCCCC4)oc12,6.380906669373257,1
COc1cccc2cc(C(=O)NCCCCCCNc3c4c(nc5ccccc35)CCC4)oc12,5.773400094792643,0
COc1cccc2cc(C(=O)NCCCCCCNc3c4c(nc5ccccc35)CCCC4)oc12,7.61261017366127,1
COc1cccc2cc(C(=O)NCCCCCCNc3c4c(nc5ccccc35)CCCCC4)oc12,7.490797477668897,1
COc1cccc2cc(CN(CCCCCCCNc3c4c(nc5ccccc35)CCCCC4)Cc3cc4cccc(OC)c4o3)oc12,6.701146923590294,1
COc1cccc2cc(CN(CCCCCCNc3c4c(nc5ccccc35)CCC4)Cc3cc4cccc(OC)c4o3)oc12,5.125228362815702,0
COc1cccc2cc(CN(CCCCCCNc3c4c(nc5ccccc35)CCCC4)Cc3cc4cccc(OC)c4o3)oc12,6.585026652029182,1
COc1cccc2cc(CN(CCCCCCNc3c4c(nc5ccccc35)CCCCC4)Cc3cc4cccc(OC)c4o3)oc12,5.984640244590786,0
COc1cccc2cc(CNCCCCCCCNc3c4c(nc5ccccc35)CCCCC4)oc12,8.59176003468815,1
COc1cccc2cc(CNCCCCCCNc3c4c(nc5ccccc35)CCC4)oc12,7.199970640755866,1
COc1cccc2cc(CNCCCCCCNc3c4c(nc5ccccc35)CCCC4)oc12,7.815308569182401,1
COc1cccc2cc[n+](-c3c(F)cccc3F)cc12,5.568636235841012,0
COc1cccc2cc[n+](-c3ccc(Br)cc3)cc12,6.721246399047171,1
COc1cccc2cc[n+](-c3ccc(Br)cc3Br)cc12,6.2441251443275085,1
COc1cccc2cc[n+](-c3ccc(Br)cc3F)cc12,6.045757490560675,1
COc1cccc2cc[n+](-c3ccc(C(F)(F)F)cc3)cc12,6.161150909262744,1
COc1cccc2cc[n+](-c3ccc(C)cc3)cc12,5.96657624451305,0
COc1cccc2cc[n+](-c3ccc(Cl)cc3)cc12,6.769551078621726,1
COc1cccc2cc[n+](-c3ccc(Cl)cc3Cl)cc12,5.465973893943865,0
COc1cccc2cc[n+](-c3ccc(F)cc3)cc12,6.173925197299173,1
COc1cccc2cc[n+](-c3ccc(I)cc3)cc12,6.142667503568731,1
COc1cccc2cc[n+](-c3ccc(I)cc3F)cc12,5.910094888560602,0
COc1cccc2cc[n+](-c3cccc(C#N)c3)cc12,5.467245621007502,0
COc1cccc2cc[n+](-c3cccc(C)c3)cc12,5.655607726314889,0
COc1cccc2cc[n+](-c3cccc(Cl)c3)cc12,5.0245681914907365,0
COc1cccc2cc[n+](-c3cccc(F)c3)cc12,5.039529222465701,0
COc1cccc2cc[n+](-c3ccccc3)cc12,5.847711655616943,0
COc1cccc2cc[n+](-c3ccccc3Br)cc12,5.281498311132726,0
COc1cccc2cc[n+](-c3ccccc3C#N)cc12,5.756961951313706,0
COc1cccc2cc[n+](-c3ccccc3C)cc12,5.539102157243452,0
COc1cccc2cc[n+](-c3ccccc3Cl)cc12,5.273272790973428,0
COc1cccc2cc[n+](-c3ccccc3F)cc12,5.5934598195660445,0
COc1cccc2cc[n+](-c3ccccc3I)cc12,5.686132779630847,0
COc1cccc2n1cc(-c1ccc(OC(=O)N(C)C)cc1)[n+]2C,5.09151498112135,0
COc1cccc2n1cc(-c1cccc(OC(=O)N(C)C)c1)[n+]2C,4.688246138944246,0
COc1cccc2nc3c(c(N)c12)CCCC3,6.2105606819170465,1
COc1cccc2nc3c(c(N)c12)CCCO3,6.217527375833714,1
COc1cccc2oc(C(=O)NCCC3CCN(Cc4ccccc4)CC3)cc(=O)c12,6.060480747381382,1
COc1cccc[n+]1C,4.384520222125715,0
COc1ccccc1-c1ccc(/C=N/N2CC(=O)N(CCC3CCN(Cc4ccccc4)CC3)C2=O)o1,7.043831569524636,1
COc1ccccc1-c1nnc(-c2ccc3c(c2)CO[C@@]3(CCCN(C)C)c2ccc(F)cc2)[nH]1,3.792257947393055,0
COc1ccccc1-c1nnc2sc(-c3ccoc3)nn12,5.7495799976911055,0
COc1ccccc1/C=C/C=C(\Br)S(=O)(=O)F,7.102372908709558,1
COc1ccccc1/C=C1\CN(C(=O)C[C@H]2C[C@H]3CCCN3[C@]23C(=O)Nc2ccccc23)C/C(=C\c2ccccc2OC)C1=O,4.799696817018415,0
COc1ccccc1/C=C1\CN(C(=O)C[C@H]2C[C@H]3CCCN3[C@]23C(=O)Nc2ccccc23)C[C@@]2(C[C@H]3CCCN3[C@@]23C(=O)Nc2ccccc23)C1=O,4.942714355581785,0
COc1ccccc1/C=C1\CN(C(=O)[C@@H]2CCN(C)[C@]23C(=O)Nc2ccccc23)C[C@]2(C1=O)[C@H](c1ccccc1OC)CN(C)[C@]21C(=O)Nc2ccccc21,5.325138859262188,0
COc1ccccc1/C=C1\CN(C(=O)[C@H]2C[C@H]3CCCN3[C@]23C(=O)Nc2cc(Cl)ccc23)C/C(=C\c2ccccc2OC)C1=O,4.838033383635925,0
COc1ccccc1C(=O)N1Cc2cc(NC(=O)c3cccc(Cl)c3)ccc2CC1=O,10.960585880823864,1
COc1ccccc1C(=O)N1Cc2cc(NC(=O)c3ccccc3)ccc2CC1=O,10.722849386036204,1
COc1ccccc1C(=O)N1Cc2ccc(N3C(=O)c4ccccc4C3=O)cc2CC1=O,7.088043810927313,1
COc1ccccc1C(=O)Nc1ccc2c(c1)CN(C(=O)c1cccc(C)c1)C(=O)C2,10.586365002801443,1
COc1ccccc1C(=O)Nc1ccc2c(c1)CN(C(=O)c1cccc(Cl)c1)C(=O)C2,10.776763726897002,1
COc1ccccc1C(=O)Nc1ccc2c(c1)CN(C(=O)c1ccccc1)C(=O)C2,10.531948208545762,1
COc1ccccc1C(=O)Nc1ccc2c(c1)CN(C(=O)c1ccccc1OC)C(=O)C2,10.665948559653108,1
COc1ccccc1C(=O)O[C@H]1CN2Cc3cc4c(cc3[C@]13C=C[C@@H](O)C[C@H]23)OCO4,4.045757490560675,0
COc1ccccc1C(C)NS(=O)(=O)NC(=O)OCc1ccccc1,10.571055709964426,1
COc1ccccc1C(C)NS(N)(=O)=O,10.571055709964426,1
COc1ccccc1C1C([N+](=O)[O-])C(Cc2c[nH]cn2)NC12c1ccccc1-c1nc3ccccc3nc12,5.282329496997738,0
COc1ccccc1C1N(C)Cc2cc(O)ccc2N1C,3.714892970433188,0
COc1ccccc1C1NC(=S)Nc2nc3c(c(N)c21)CCCC3,4.505845405981558,0
COc1ccccc1C1c2ccc3ccccc3c2Oc2nc3c(c(N)c21)CCCC3,5.343901797987169,0
COc1ccccc1CN(C)CCCCCC(=O)N(C)CCCCCCCCN(C)C(=O)CCCCCN(C)Cc1ccccc1OC,6.787604093281204,1
COc1ccccc1CN(C)CCCCCCCOc1ccc2c(=O)c3ccccc3oc2c1,5.661543506395395,0
COc1ccccc1CN(C)CCCCCCNC1=CC(=O)C(NCCCCCCN(C)Cc2ccccc2OC)=CC1=O,7.109020403010311,1
COc1ccccc1CN(C)CCCCOc1ccc(-c2cc(=O)c3c(OC)c(OC)c(OC)cc3o2)cc1,6.301029995663981,1
COc1ccccc1CN(C)CCCN(C)CCCNCCC[n+]1c(-c2ccccc2)c2cc(N)ccc2c2ccc(N)cc21,6.035012766409803,1
COc1ccccc1CN(C)CCCOc1ccc2c(=O)c3ccccc3oc2c1,5.468521082957745,0
COc1ccccc1CN(C)Cc1ccc(-c2cc3cc(OC)c(OC)cc3oc2=O)cc1,7.20690839982342,1
COc1ccccc1CN(C)Cc1ccc(C(=O)NCCc2c[nH]c3ccccc23)cc1,5.327902142064282,0
COc1ccccc1CN(C)Cc1ccc(C(=O)c2ccc(OC)c(OC)c2)cc1,5.430626090384954,0
COc1ccccc1CN(C)[C@@H](C)[C@H]1[C@H](O)C[C@@]2(C)[C@@H]3CC[C@H]4[C@]5(C)CSC(C(C)C)=N[C@H]5CC[C@@]45C[C@@]35C(=O)C[C@]12C,8.221848749616356,1
COc1ccccc1CN(CCCCCC(=O)N(C)CCCCCCCCN(C)C(=O)CCCCCN(Cc1ccccc1OC)C(C)C)C(C)C,7.140021558357979,1
COc1ccccc1CN(CCCCCCCCN(Cc1ccccc1OC)C(=O)CCCCCN)C(=O)CCCCCN,4.480000028175458,0
COc1ccccc1CN(CCCCCCNC1=CC(=O)C(NCCCCCCN(Cc2ccccc2OC)C(C)C)=CC1=O)C(C)C,7.889410289700751,1
COc1ccccc1CN1CCC(CCC(=O)c2cc3c4c(ccn4C(=O)CC3)c2)CC1,7.189969213594161,1
COc1ccccc1CN1CCC(CCC(=O)c2ccc3c(c2)CCN3)CC1,6.090443970758825,1
COc1ccccc1CN1CCC(CCC(=O)c2ccc3c(c2)NCCCC3)CC1,5.576426480267264,0
COc1ccccc1CN1CCC(N2CCC(NC3=CC(=O)c4ccccc4C3=O)CC2)CC1,4.764471553092451,0
COc1ccccc1CN1CCCCCC(=O)N(C)CCCCCCCCN(C)C(=O)CCCCCN(Cc2ccccc2OC)Cc2ccc(cc2)-c2ccc(cc2)C1,4.2699999970646445,0
COc1ccccc1CN1CCCCCCCCN(Cc2ccccc2OC)C(=O)CCCCCNCc2ccc(cc2)-c2ccc(cc2)CNCCCCCC1=O,5.470000200122707,0
COc1ccccc1CN1CCCCCCCCN(Cc2ccccc2OC)C(=O)CCCCCNCc2ccc(cc2)CNCCCCCC1=O,5.849999245077862,0
COc1ccccc1CN1CCCCCCCCN(Cc2ccccc2OC)C(=O)CCCCCNCc2cccc(c2)Cc2cccc(c2)CNCCCCCC1=O,5.210000001311123,0
COc1ccccc1CN1CCN(CCCCCOc2cccc3[nH]c4ccccc4c23)CC1,5.619788758288394,0
COc1ccccc1CNCCCCCC(=O)N(C)CCCCCCCCN(C)C(=O)CCCCCNCc1ccccc1OC,6.509999358109048,1
COc1ccccc1CNCCCCCC(=O)N1CCC(CCC2CCN(C(=O)CCCCCNCc3ccccc3OC)CC2)CC1,6.869988050328096,1
COc1ccccc1CNCCCCCC(=O)NCCCCCCCCNC(=O)CCCCCNCc1ccccc1OC,5.7299993321845495,0
COc1ccccc1CNCCCCCCN1CCC(CCC2CCN(CCCCCCNCc3ccccc3OC)CC2)CC1,5.889999848866887,0
COc1ccccc1CNCCCCCCNC(=O)c1cc(Cl)nc(Cl)c1,5.080921907623926,0
COc1ccccc1CNCCCCCCNC1=CC(=O)C(NCCCCCCNCc2ccccc2OC)=CC1=O,6.910094888560602,1
COc1ccccc1CNCCCCCCNC1=CC(=O)c2ccccc2C1=O,5.732828271596986,0
COc1ccccc1CNCCCCCCNCCCCCCCCNCCCCCCNCc1ccccc1OC,5.269999835325843,0
COc1ccccc1CNCCCCCCNCCCCCCCNCCCCCCNCc1ccccc1OC,5.349999603463148,0
COc1ccccc1CNCCCCCCNCCCCCCNCCCCCCNCc1ccccc1OC,5.190000154058473,0
COc1ccccc1CNCCCCCCNCCCCCNCCCCCCNCc1ccccc1OC,5.139999976065226,0
COc1ccccc1CNCCCCCCNCCSSCCNCCCCCCNCc1ccccc1OC,5.140087128644435,0
COc1ccccc1CNCCCCCOC(=O)Nc1cc(Cl)nc(Cl)c1,5.210419287835574,0
COc1ccccc1CNCCCNCCCNCCC[n+]1c(-c2ccccc2)c2cc(N)ccc2c2ccc(N)cc21,6.021363051615525,1
COc1ccccc1N1C(=O)C2CN(C)C3(C(=O)c4ccccc4C3=O)C2C1=O,4.953895212753961,0
COc1ccccc1NC(=O)C1CCN(C(=O)c2ccccc2)CC1,8.072629636960976,1
COc1ccccc1NC(=S)NCCN(C)C,3.920818753952375,0
COc1ccccc1NC(=S)NCCN1CCCCC1,4.494850021680094,0
COc1ccccc1NCC1CCN(Cc2ccccc2)CC1,6.804100347590767,1
COc1ccccc1NCc1cc(=O)oc2cc3oc4ccccc4c3cc12,6.721246399047171,1
COc1ccccc1Oc1ccc2nc3c(c(N)c2c1)CCC3,5.0695604052333,0
COc1ccccc1Oc1ccc2nc3c(c(N)c2c1)CCCC3,6.075720713938118,1
COc1ccccc1Oc1ccc2nc3c(c(N)c2c1)CCCCC3,5.016824927962187,0
COc1ccccc1[C@H]1C2=C(CC(C)(C)CC2=O)Oc2nc3c(c(N)c21)CCCC3,5.149999867728904,0
COc1nc(-c2ccnc(NC(=O)C3CC3)c2)sc1C(=O)NCCCCCCNc1c2c(nc3ccccc13)CCCC2,7.657577319177793,1
COc1nc(-c2ccnc(NC(=O)C3CC3)c2)sc1C(=O)NCCCNc1c2c(nc3cc(Cl)ccc13)CCCC2,8.443697499232712,1
COc1nc(-c2ccnc(NC(=O)C3CC3)c2)sc1C(=O)NCCCNc1c2c(nc3ccccc13)CCCC2,8.193820026016112,1
COc1nc(-c2ccnc(NC(=O)C3CC3)c2)sc1C(=O)NCCNc1c2c(nc3cc(Cl)ccc13)CCCC2,8.67778070526608,1
COc1nc(-c2ccnc(NC(=O)C3CC3)c2)sc1C(=O)NCCNc1c2c(nc3ccccc13)CCCC2,8.200659450546418,1
COc1nc(Oc2ccc(C(=O)OCC(C)N(C)C)cc2)nc(Oc2ccc(C(=O)OCC(C)N(C)C)cc2)n1,3.95663772197887,0
CS(=O)(=O)Nc1ccc2c(CCC3CCN(Cc4ccccc4)CC3)noc2c1,7.849857838151442,1
CSP(C)(=O)OC(C)C(C)(C)C,3.142667503568731,0
CSP(C)(=O)OC1CCCCC1,4.154901959985743,0
CS[C@@H](Cn1nnc2cc(C#Cc3ccc(-n4ccnc4CO)cc3)ccc21)N(O)C=O,4.823908740944319,0
CS[C@@H](Cn1nnc2cc(C#Cc3ccc(CN4CCOCC4)cc3)ccc21)N(O)C=O,5.455931955649724,0
CS[C@@H](Cn1nnc2cc(C#Cc3ccc(N4CC5(COC5)C4)cc3)ccc21)N(O)C=O,4.494850021680094,0
CS[C@@H](Cn1nnc2cc(C#Cc3ccc(N4C[C@H](O)[C@@H](O)C4)cc3)ccc21)N(O)C=O,4.657577319177793,0
CSc1ccc(/C=C2/S/C(=N/c3ccc4oc(=O)ccc4c3)NC2=O)cc1,6.821886747685369,1
CSc1ccc(/C=N/c2ccc3oc(=O)ccc3c2)cc1,6.76421912967244,1
CSc1ccc(C2SCC(=O)N2c2ccc3oc(=O)ccc3c2)cc1,6.507239610973162,1
CSc1n[nH]c2nc3c(c(N)c12)C1CC(C)=CC(C3)C1,4.301029995663981,0
CSc1nc(-c2ccc(-c3ccccc3)cc2)nn1C(=O)N(C)C,6.251811972993799,1
CSc1nc(-c2ccc(C(F)(F)F)cc2)nn1C(=O)N(C)C,6.301029995663981,1
CSc1nc(-c2ccc(C)cc2)nn1C(=O)N(C)C,6.096910013008056,1
CSc1nc(-c2ccc(C)cc2)nn1C(=O)N(C)c1ccccc1,5.619788758288394,0
CSc1nc(-c2ccc(Cl)cc2)nn1C(=O)N(C)C,7.0,1
CSc1nc(-c2ccc(Cl)cc2)nn1C(=O)N(C)c1ccccc1,5.853871964321762,0
CSc1nc(-c2ccc(Cl)cc2)nn1C(=O)N1CCCCC1,7.585026652029182,1
CSc1nc(-c2ccc(OC(F)(F)F)cc2)nn1C(=O)N(C)C,4.8979400086720375,0
CSc1nc(-c2ccc3ccccc3c2)nn1C(=O)N(C)C,7.301029995663981,1
C[C@@H](C(=O)NCCCNCCCNC1=CC(=O)C(NCCCNCCCNC(=O)[C@H](C)c2ccc(-c3ccccc3)c(F)c2)=CC1=O)c1ccc(-c2ccccc2)c(F)c1,4.555955204081924,0
C[C@@H](Cc1ccccc1)NC(=O)Oc1cccc([C@H](C)N(C)C)c1,6.29413628771608,1
C[C@@H]([C@H]1CC=C2[C@@H]3CCC4=C[C@@H](N(C)C)CC[C@]4(C)[C@H]3CC[C@@]21C)N(C)C,4.616184634019569,0
C[C@@H]([C@H]1CC[C@@]2(C)[C@@H]3CC[C@@H]4C(=CC3=CC[C@]12C)CC[C@H](N(C)C)C4(C)C)N(C)C,4.096910013008056,0
C[C@@H]([C@H]1CC[C@H]2[C@@H]3CC=C4C[C@@H](N(C)C)CC[C@]4(C)[C@H]3CC[C@]12C)N(C)C,4.399999967876858,0
C[C@@H]([C@H]1CC[C@H]2[C@@H]3CC[C@H]4C(=O)C(NC(=O)c5ccccc5)=CC[C@]4(C)[C@H]3CC[C@]12C)N(C)C,5.280000380871156,0
C[C@@H]([C@H]1CC[C@H]2[C@@H]3CC[C@H]4C[C@@H](N(C)C(=O)/C=C/c5ccccc5)CC[C@]4(C)[C@H]3CC[C@]12C)N(C)C,4.70999991085297,0
C[C@@H]([C@H]1CC[C@H]2[C@@H]3CC[C@H]4C[C@@H](N(C)C)CC[C@]4(C)[C@H]3CC[C@]12C)N(C)C,4.655607726314889,0
C[C@@H]([C@H]1CC[C@H]2[C@@H]3CC[C@H]4C[C@@H](N)CC[C@]4(C)[C@H]3CC[C@]12C)N(C)C,4.552841968657781,0
C[C@@H]([C@H]1CC[C@H]2[C@@H]3CC[C@H]4C[C@@H](NC(=O)c5ccccc5)CC[C@]4(C)[C@H]3CC[C@]12C)N(C)C,4.539999925177879,0
C[C@@H]([C@H]1CC[C@H]2[C@@H]3CC[C@H]4C[C@@H](NC(=O)c5ccccc5)[C@@H](O)C[C@]4(C)[C@H]3CC[C@]12C)N(C)C,4.110000009303415,0
C[C@@H]([C@H]1[C@H](O)C[C@@]2(C)[C@@H]3C=C[C@H]4C(C)(C)[C@@H](N(C)C)[C@H](O)C[C@@]45C[C@@]35CC[C@]12C)N(C)C,4.640164517660112,0
C[C@@H]([C@H]1[C@H](O)C[C@@]2(C)[C@@H]3CC[C@@H]4C(=CC3=CC[C@]12C)CC[C@H](N(C)C)C4(C)C)N(C)C,4.525783735923745,0
C[C@@H]([C@H]1[C@H](O)C[C@@]2(C)[C@@H]3CC[C@@H]4C(=CC[C@@H]5N=C(C(C)(C)C)OC[C@]54C)C[C@H]3C(=O)C[C@]12C)N(C)C,6.454692883534175,1
C[C@@H]([C@H]1[C@H](O)C[C@@]2(C)[C@@H]3CC[C@H]4[C@]5(C)COC(C(C)(C)F)=N[C@H]5CC[C@@]45C[C@@]35C(=O)C[C@]12C)N(C)C,6.128427064454121,1
C[C@@H]([C@H]1[C@H](O)C[C@@]2(C)[C@@H]3CC[C@H]4[C@]5(C)COC(C(F)(C(F)(F)F)C(F)(F)F)=N[C@H]5CC[C@@]45C[C@@]35C(=O)C[C@]12C)N(C)C,5.522444667801019,0
C[C@@H]([C@H]1[C@H](O)C[C@@]2(C)[C@@H]3C[C@H](O)[C@H]4[C@]5(C)CO[C@]4(C=C[C@@H]5NC(=O)c4ccccc4)CC3=CC[C@]12C)N(C)C,5.070581074285707,0
C[C@@H](c1ccc2c(c1)oc(=O)c1ccccc12)N(C)C,5.102372908709558,0
C[C@@H](c1cccc(OC(=O)N(C)[C@@H](C)Cc2ccccc2)c1)N(C)C,6.882728704344236,1
C[C@@H](c1cccc(OC(=O)NCCCCCCNc2c3c(nc4cc(Br)ccc24)CCCC3)c1)N(C)C,7.251889532505016,1
C[C@@H](c1cccc(OC(=O)NCCCCCCNc2c3c(nc4cc(Cl)ccc24)CCCC3)c1)N(C)C,7.59176003468815,1
C[C@@H](c1cccc(OC(=O)NCCCCCCNc2c3c(nc4cc(F)ccc24)CCCC3)c1)N(C)C,7.37509939779551,1
C[C@@H](c1cccc(OC(=O)NCCCCCCNc2c3c(nc4ccccc24)CCCC3)c1)N(C)C,6.926061809364747,1
C[C@@H](c1cccc(OC(=O)NCCCCCNc2c3c(nc4cc(Br)ccc24)CCCC3)c1)N(C)C,7.321754848072958,1
C[C@@H](c1cccc(OC(=O)NCCCCCNc2c3c(nc4cc(Cl)ccc24)CCCC3)c1)N(C)C,8.08196966321512,1
C[C@@H](c1cccc(OC(=O)NCCCCCNc2c3c(nc4cc(F)ccc24)CCCC3)c1)N(C)C,7.422163658707256,1
C[C@@H](c1cccc(OC(=O)NCCCCCNc2c3c(nc4ccccc24)CCCC3)c1)N(C)C,6.931257707067019,1
C[C@@H](c1cccc(OC(=O)NCCCCNc2c3c(nc4ccccc24)CCCC3)c1)N(C)C,6.534290063581759,1
C[C@@H](c1cccc(OC(=O)NCCCNc2c3c(nc4ccccc24)CCCC3)c1)N(C)C,6.4141671775240825,1
C[C@@H](c1cccc(OC(=O)NCCNc2c3c(nc4ccccc24)CCCC3)c1)N(C)C,6.597790219955255,1
C[C@@H]1CCC[C@H](C)N1Cc1ccc(-c2cnc3[nH]c4cnc(C#N)cc4c3c2)cc1,6.8696662315049934,1
C[C@@H]1CCC[C@H](C)N1S(=O)(=O)c1cc(Cl)ccc1Cl,7.045757490560675,1
C[C@@H]1CCC[C@H](C)N1S(=O)(=O)c1ccc(C(C)(C)C)cc1,6.339134521996131,1
C[C@@H]1CCC[C@H](C)N1S(=O)(=O)c1ccc(Cl)cc1,6.497572880015568,1
C[C@@H]1CCC[C@H](C)N1S(=O)(=O)c1ccc([N+](=O)[O-])cc1,5.939302159646388,0
C[C@@H]1CCC[C@H](C)N1S(=O)(=O)c1cccc([N+](=O)[O-])c1,6.71669877129645,1
C[C@@H]1CCC[C@H](C)N1S(=O)(=O)c1ccccc1,6.406713932979542,1
C[C@@H]1CCC[C@H](C)N1S(=O)(=O)c1ccccc1[N+](=O)[O-],6.732828271596986,1
C[C@@H]1CCC[C@H](C)N1S(C)(=O)=O,7.1249387366083,1
C[C@@H]1CC[C@H]2[C@H](C(=O)c3c(O)c([C@@]4(O)CC[C@@H](O)[C@H]5O[C@H]54)cn(O)c3=O)[C@H](C)C=C[C@@H]2C1,4.4089353929735005,0
C[C@@H]1CC[C@H]2[C@H](C(=O)c3c4c(cn(O)c3=O)[C@@]3(O)CC[C@H](O)[C@H](O4)[C@@H]3O)[C@H](C)C=C[C@@H]2C1,4.327902142064283,0
C[C@@H]1C[C@H](C)CN(Cc2ccc(-c3cnc4[nH]c5cnc(C#N)cc5c4c3)cc2)C1,5.3872161432802645,0
C[C@@H]1C[C@H]2CC(=O)[C@H]3CCC[N+]4([O-])CCC[C@]2(O)[C@]34C1,6.229147988357855,1
C[C@@H]1O[C@@H](OC[C@H]2O[C@@H](Oc3c(-c4ccc(O)c(O)c4)oc4cc(O)cc(O)c4c3=O)[C@H](O)[C@@H](O)[C@@H]2O)[C@H](O)[C@H](O)[C@H]1O,5.933294422044488,0
C[C@@H]1[C@@H]2CC[C@@H]3C(=CC[C@]4(C)[C@@H]([C@H](C)N(C)C)[C@H](O)C[C@@]34C)C=C2CC[C@@H]1N(C)C,4.58838029403677,0
C[C@@]1(O)C[N+](C)(C)CCO1,2.7619999998029403,0
C[C@@]12CCN(Cc3ccccc3)C1N(Cc1ccccc1)c1ccc(OC(=O)Nc3ccccc3)cc12,4.385841290490825,0
C[C@@]12CCN(Cc3ccccc3)[C@@H]1N(Cc1ccccc1)c1ccc(OC(=O)Nc3ccccc3)cc12,4.385841290490825,0
C[C@@]12CCNC1Nc1ccc(OC(=O)Nc3ccccc3)cc12,7.655607726314889,1
C[C@@]12CC[C@@H]3[C@@](CC[C@H]4[C@@]3(C)CCC[C@@]4(C)C(=O)OCC[N+](C)(C)C)(CC1=O)C2,3.8239087409443187,0
C[C@@]12CC[C@@H]3[C@@](CC[C@H]4[C@@]3(C)CCC[C@@]4(C)C(=O)OCC[N+](C)(C)CCCCCCCCCCCC[N+](C)(C)CCOC(=O)[C@]3(C)CCC[C@@]4(C)[C@@H]5CC[C@@]6(C)C[C@]5(CC[C@@H]43)CC6=O)(CC1=O)C2,5.657577319177793,0
C[C@@]12CC[C@@H]3[C@@](CC[C@H]4[C@@]3(C)CCC[C@@]4(C)C(=O)OCC[N+](C)(C)CCCCCCCCCC[N+](C)(C)CCOC(=O)[C@]3(C)CCC[C@@]4(C)[C@@H]5CC[C@@]6(C)C[C@]5(CC[C@@H]43)CC6=O)(CC1=O)C2,4.055517327849831,0
C[C@@]12CC[C@@H]3[C@@](CC[C@H]4[C@@]3(C)CCC[C@@]4(C)C(=O)OCC[N+](C)(C)Cc3ccccc3)(CC1=O)C2,4.522878745280337,0
C[C@@]12CC[C@@H]3[C@](C)(CC[C@H](OC(=O)CCc4ccc(O)cc4)[C@]3(C)C(=O)O)[C@H]1CC[C@H]1C(=CC[C@@H]3[C@]1(C)CC[C@@H](O)[C@]3(C)CO)C2,5.772113295386326,0
C[C@@]12CC[C@@H]3[C@]4(CC[C@H]5[C@@]3(C)CCC[C@@]5(C)C(=O)OCC[N+](C)(C)CCCCCCCCC[N+](C)(C)CCOC(=O)[C@]3(C)CCC[C@@]5(C)[C@@H]6CC[C@@]7(C)C[C@]6(CC[C@@H]53)C[C@H]7OC(=O)CCCCCCCCC(=O)O[C@@H]1C4)C2,5.301029995663981,0
C[C@H](C(=O)NCCCNCCCNC1=CC(=O)C(NCCCNCCCNC(=O)[C@@H](C)c2ccc(-c3ccccc3)c(F)c2)=CC1=O)c1ccc(-c2ccccc2)c(F)c1,5.539102157243452,0
C[C@H](CC(=O)C[C@@H](C)[C@H]1CC(=O)[C@@]2(C)C3=C(C(=O)C[C@]12C)[C@@]1(C)CCC(=O)C(C)(C)[C@@H]1CC3=O)C(=O)O,4.7363639314118915,0
C[C@H](CCC(=O)O)[C@H]1CC(=O)[C@@]2(C)C3=C(C(=O)C[C@]12C)[C@@]1(C)CCC(=O)C(C)(C)[C@@H]1C[C@@H]3O,4.619065536669298,0
C[C@H](CCC(=O)O)[C@H]1CC(=O)[C@@]2(C)C3=C(C(=O)C[C@]12C)[C@@]1(C)CC[C@H](O)C(C)(C)[C@@H]1C[C@@H]3O,4.586532587014175,0
C[C@H](CCC=C(CO)CO)[C@H]1CC[C@@]2(C)C3=CC[C@H]4C(C)(C)C(=O)CC[C@]4(C)C3=CC[C@]12C,4.660747365967301,0
C[C@H](CC[C@@H](O)C(C)(C)O)[C@H]1CC[C@@]2(C)C3=CC[C@H]4C(C)(C)C(=O)CC[C@]4(C)C3=CC[C@]12C,4.6006724678413216,0
C[C@H](CC[C@H](O)C(C)(C)O)[C@H]1CC[C@@]2(C)C3=CC[C@H]4C(C)(C)[C@@H](O)CC[C@]4(C)C3=CC[C@]12C,4.788612447063141,0
C[C@H](CC[C@H](O)[C@](C)(O)CO)[C@H]1CC[C@@]2(C)C3=CC[C@H]4C(C)(C)C(=O)CC[C@]4(C)C3=CC[C@]12C,4.651500429716163,0
C[C@H](Cc1ccccc1)N(C)C(=O)Oc1cccc([C@H](C)N(C)C)c1,6.51999305704285,1
C[C@H](Cc1ccccc1)NC(=O)Oc1cccc([C@H](C)N(C)C)c1,6.393618634889394,1
C[C@H](NC=O)[C@H]1CC[C@H]2[C@@H]3CC[C@H]4C[C@@H](N(C)C)CC[C@]4(C)[C@H]3CC[C@]12C,5.190000154058473,0
C[C@H](c1cccc(OC(=O)N(C)C)c1)N1CCCCC1,7.494850021680094,1
C[C@H]1C=C2N3CC[C@@H](O)C24[C@H](CC(=O)[C@H]4C[C@H](O)C3)C1,4.554395796726403,0
C[C@H]1CCCN1Cc1nc2cc(NC(=O)c3ccc4cnccc4c3)ccc2[nH]1,6.6020599913279625,1
C[C@H]1CN2C(=O)[C@]34Cc5c([nH]c6c7c(ccc56)OC(C)(C)CC7=O)C(C)(C)[C@@H]3C[C@@]2(C1)C(=O)N4,4.236572006437063,0
C[C@H]1COc2c1c(=O)oc(=O)c1c3c(ccc21)C(C)(C)CCC3,5.493089274448482,0
C[C@H]1C[C@@]23CC[C@H]4[C@@](C)(CCC[C@@]4(C)C(=O)OCC[N+](C)(C)C)[C@@H]2CC[C@]1(Cl)C3,4.468521082957745,0
C[C@H]1C[C@@]23CC[C@H]4[C@@](C)(CCC[C@@]4(C)C(=O)OCC[N+](C)(C)Cc4ccccc4)[C@@H]2CC[C@]1(Cl)C3,5.045757490560675,0
C[C@]1(CO)CCC[C@]2(C)[C@H]1C[C@H](O)[C@@]13C[C@@H](CC[C@@H]21)[C@]1(C)O[C@@H]13,4.838631997765025,0
C[C@]12CCNC1Nc1ccc(OC(=O)Nc3ccccc3)cc12,6.636388020107855,1
C[C@]12CC[C@H](O)[C@@](C)(CO)C1C[C@H](O)[C@@]1(C)Oc3cc(-c4ccc(Cl)nc4)oc(=O)c3C(=O)C21,4.096910013008056,0
C[C@]12CC[C@H](O)[C@@](C)(CO)C1C[C@H](O)[C@@]1(C)Oc3cc(-c4ccccc4)oc(=O)c3C(=O)C21,4.00436480540245,0
C[C@]12CC[C@H](O)[C@@](C)(CO)C1C[C@H](O)[C@@]1(C)Oc3cc(-c4ccccn4)oc(=O)c3C(=O)C21,3.995678626217358,0
C[C@]12CC[C@H](O)[C@@](C)(CO)C1C[C@H](O)[C@@]1(C)Oc3cc(-c4cccnc4)oc(=O)c3C(=O)C21,4.455931955649724,0
C[C@]12CC[C@H](O)[C@@](C)(CO)C1C[C@H](O)[C@@]1(C)Oc3cc(-c4ccncc4)oc(=O)c3C(=O)C21,5.102372908709558,0
C[N+](C)(C)CCCBr,4.056000008315555,0
C[N+](C)(C)CCCCBr,3.22399999751502,0
C[N+](C)(C)CCCCCBr,3.2719999995100837,0
C[N+](C)(C)CCCCCCCCCC[N+](C)(C)C,5.614573994178928,0
C[N+](C)(C)CCCCI,3.326999996677582,0
C[N+](C)(C)CCCl,2.622000000529848,0
C[N+](C)(C)CCNC(=O)/C=C/c1ccc(O)c(O)c1,5.136677139879544,0
C[N+](C)(C)CCO,2.5210000006033875,0
C[N+](C)(C)CCOC(=O)Sc1ccccc1,3.0,0
C[N+](C)(C)CCOC(=O)c1ccc(Oc2nc(Oc3ccc(C(=O)OCC[N+](C)(C)C)cc3)nc(Oc3ccc(C(=O)OCC[N+](C)(C)C)cc3)n2)cc1,6.522878745280337,1
C[N+](C)(C)CCS,3.356999995492287,0
C[N+](C)(C)c1cccc(N)c1,3.717000009205801,0
C[N+](C)(C)c1cccc(O)c1,6.01199876052422,1
C[N+](C)(C)c1cccc(OC(=O)Nc2ccccc2)c1,5.726998727936262,0
C[N+](C)(C)c1cccc([N+](=O)[O-])c1,3.2019999991794243,0
C[N+](C)(CC#CCOC1=NOCC1)CCCCCCCCCCNc1c2c(nc3ccccc13)CCCC2,8.750068243365805,1
C[N+](C)(CC#CCOC1=NOCC1)CCCCCCCCCC[N+](C)(C)CCCN1C(=O)c2ccccc2C1=O,4.879999913868448,0
C[N+](C)(CC#CCOC1=NOCC1)CCCCCCCNc1c2c(nc3ccccc13)CCCC2,8.700057099977233,1
C[N+](C)(CCNC(=O)C(=O)NCC[N+](C)(C)Cc1ccccc1Cl)Cc1ccccc1Cl,9.154901959985743,1
C[N+]1(C)CCO[C@@](O)(C(F)(F)F)C1,2.417000000359418,0
C[N+]1(C)CCO[C@@](O)(c2ccc(C#N)cc2)C1,1.9360000000581392,0
C[N+]1(C)CCO[C@@](O)(c2ccc(Cl)cc2)C1,2.090000000087678,0
C[N+]1(C)CCO[C@@](O)(c2ccc(N)cc2)C1,3.1610000024162552,0
C[N+]1(C)CCO[C@@](O)(c2ccc([N+](=O)[O-])cc2)C1,2.2909999996098325,0
C[N+]1(C)CCO[C@H](O)C1,2.753999999115533,0
C[N+]1(Cc2ccccc2)CCC(CCC(=O)c2ccc3c(c2)CCCCO3)CC1,6.856985199745905,1
C[N+]1(Cc2ccccc2)CCC(CCC(=O)c2ccc3c(c2)CCO3)CC1,7.769551078621726,1
C[N+]1(Cc2ccccc2)CCC(CCC(=O)c2ccc3c(c2)OCCO3)CC1,7.0,1
C[N+]1(Cc2ccccc2)CCC(CCC(=O)c2ccc3c(c2)OCO3)CC1,7.000870330788151,1
C[N@+]1(Cc2ccccc2)CC[C@H](CCC(=O)c2ccc3c(c2)CCO3)CC1,7.180456064458131,1
C[Si](C)(C)c1cccc(C(=O)C(F)(F)F)c1,6.788569712998924,1
C[n+]1c(-c2ccccc2)cn2cc(C(N)=O)ccc21,5.022276394711152,0
C[n+]1c(/C=C/c2cc3ccccc3[nH]2)cc(N2CCOCC2)c2ccccc21,5.356547323513812,0
C[n+]1c(/C=C/c2cc3ccccc3[nH]2)ccc2ccccc21,6.154901959985743,1
C[n+]1c(/C=C/c2ccc(Cl)cc2)ccc2ccccc21,5.356547323513812,0
C[n+]1c(/C=C/c2ccc(F)cc2)ccc2ccccc21,5.619788758288394,0
C[n+]1c(/C=C/c2ccc(N3CCOCC3)cc2)ccc2ccccc21,5.619788758288394,0
C[n+]1c(/C=C/c2ccc(O)cc2)ccc2ccccc21,5.7447274948966935,0
C[n+]1c(/C=C/c2ccccc2)ccc2ccccc21,5.366531544420413,0
C[n+]1c2ccccc2c(-c2ccc(F)cc2)c2ccccc21,4.490797477668897,0
C[n+]1c2ccccc2c(-c2ccc(N)cc2)c2ccccc21,5.118045028660399,0
C[n+]1c2ccccc2c(-c2ccc(NC(=O)C(F)(F)F)cc2)c2ccccc21,4.437707135543525,0
C[n+]1c2ccccc2c(-c2ccccc2)c2ccccc21,4.212539525481585,0
C[n+]1c2ccccc2c(-c2cccs2)c2ccccc21,4.388276691992658,0
C[n+]1c2ccccc2c(N)c2ccccc21,4.403402904373539,0
C[n+]1cc2c3c(ccc2c2ccc4cc5c(cc4c21)OCO5)OCO3,5.913640169325252,0
C[n+]1ccc2[nH]c3ccc(F)cc3c2c1,5.721246399047171,0
C[n+]1ccc2c(c1)[nH]c1ccc(O)cc12,5.376875346519372,0
C[n+]1ccc2c(c1)[nH]c1ccccc12,5.3872161432802645,0
C[n+]1ccc2c(c1)c1cc(F)ccc1n2CCC(=O)N1c2ccccc2Sc2ccccc21,5.585026652029182,0
C[n+]1ccc2c(c1)c1ccccc1n2CCC(=O)N1c2ccccc2Sc2ccccc21,5.657577319177793,0
C[n+]1ccc2c(c1)c1ccccc1n2CCCCCCCCCn1c2ccccc2c2c[n+](C)ccc21,9.481486060122112,1
C[n+]1ccc2c3ccccc3n(CCCCCCCCCn3c4ccccc4c4cc[n+](C)cc43)c2c1,9.221848749616356,1
C[n+]1ccc2c3ccccc3n(CCc3ccccc3)c2c1,9.301029995663981,1
C[n+]1ccccc1/C=N/O,3.1921608456140143,0
C[n+]1ccccc1C=NO,3.1670431034022144,0
C[n+]1ccn(CCN2CCCC2)c1/C=N/O,4.747146969020107,0
C[n+]1ccn(COCC(C)(C)[N+](=O)[O-])c1/C=N/O,4.97469413473523,0
C[n+]1ccn(COCCS(C)(=O)=O)c1/C=N/O,4.576754126063192,0
Cc1[nH]c(C)c(/C=C2\CN(Cc3ccccc3)CCC2=O)c1C=O,4.522878745280337,0
Cc1[nH]c2ccccc2c1CC(=O)NCCC1CCN(Cc2ccccc2)CC1,5.138465589140962,0
Cc1c(/N=C/c2ccccc2O)cc2c(c1N)C(C)(C)CC2(C)C,4.795880017344075,0
Cc1c(C(=O)NN2CCCCC2)nn(-c2ccc(Cl)cc2Cl)c1-c1ccc(Cl)cc1,4.600000074606178,0
Cc1c(C(C)C)c(=O)on1C(=O)N1CCC[C@H](C)C1,4.769551078621726,0
Cc1c(C)c2c(c(C)c1O)CCC(C)(C(=O)NCCC1CCN(Cc3ccccc3F)CC1)O2,6.267606240177031,1
Cc1c(C)c2c(c(C)c1O)CCC(C)(C(=O)NCCCCCCCCCCNc1c3c(nc4ccccc14)CCCC3)O2,6.343614280941312,1
Cc1c(C)c2c(c(C)c1O)CCC(C)(C(=O)NCCCCCCCCNc1c3c(nc4cc(Cl)ccc14)CCCC3)O2,7.096910013008056,1
Cc1c(C)c2c(c(C)c1O)CCC(C)(C(=O)NCCCCCCCCNc1c3c(nc4ccccc14)CCCC3)O2,6.403041351456947,1
Cc1c(C)c2c(c(C)c1O)CCC(C)(C(=O)NCCCCCCCNc1c3c(nc4cc(Cl)ccc14)CCCC3)O2,7.096910013008056,1
Cc1c(C)c2c(c(C)c1O)CCC(C)(C(=O)NCCCCCCCNc1c3c(nc4ccccc14)CCCC3)O2,6.501847070564259,1
Cc1c(C)c2c(c(C)c1O)CCC(C)(C(=O)NCCCCCCNc1c3c(nc4cc(Cl)ccc14)CCCC3)O2,7.0,1
Cc1c(C)c2c(c(C)c1O)CCC(C)(C(=O)NCCCCCCNc1c3c(nc4ccccc14)CCCC3)O2,7.036314818480488,1
Cc1c(C)c2c(c(C)c1O)CCC(C)(C(=O)NCCCCCNc1c3c(nc4cc(Cl)ccc14)CCCC3)O2,6.920818753952375,1
Cc1c(C)c2c(c(C)c1O)CCC(C)(C(=O)NCCCCCNc1c3c(nc4ccccc14)CCCC3)O2,6.437282140339129,1
Cc1c(C)c2c(c(C)c1O)CCC(C)(C(=O)NCCCCNc1c3c(nc4cc(Cl)ccc14)CCCC3)O2,6.823908740944319,1
Cc1c(C)c2c(c(C)c1O)CCC(C)(C(=O)NCCCCNc1c3c(nc4ccccc14)CCCC3)O2,6.146961306344962,1
Cc1c(C)c2c(c(C)c1O)CCC(C)(C(=O)NCCCNc1c3c(nc4cc(Cl)ccc14)CCCC3)O2,7.096910013008056,1
Cc1c(C)c2c(c(C)c1O)CCC(C)(C(=O)NCCCNc1c3c(nc4ccccc14)CCCC3)O2,6.585026652029182,1
Cc1c(C)c2c(c(C)c1O)CCC(C)(C(=O)NCCNc1c3c(nc4cc(Cl)ccc14)CCCC3)O2,6.6777807052660805,1
Cc1c(C)c2c(c(C)c1O)CCC(C)(C(=O)NCCNc1c3c(nc4ccccc14)CCCC3)O2,5.851877415390268,0
Cc1c(C)c2c(c(C)c1O)CCC(C)(C(=O)O)O2,3.7295540919820374,0
Cc1c(C)c2ccc(OCC3CCCN(CCCC(F)F)C3)cc2oc1=O,6.318758762624412,1
Cc1c(C)c2ccc(OCC3CCCN(CCCO)C3)cc2oc1=O,5.958607314841775,0
Cc1c(C)c2ccc(OCC3CCCN(Cc4cccc(F)c4)C3)cc2oc1=O,5.920818753952375,0
Cc1c(C)c2ccc(OCC3CCCN(Cc4ccccc4)C3)cc2oc1=O,5.9028823358242795,0
Cc1c(C)c2ccc(OCC3CCN(CCCC(F)F)CC3)cc2oc1=O,5.920818753952375,0
Cc1c(C)c2ccc(OCC3CCN(CCCO)CC3)cc2oc1=O,6.050609993355087,1
Cc1c(C)c2ccc(OCC3CCN(CCCO[N+](=O)[O-])CC3)cc2oc1=O,6.065501548756432,1
Cc1c(C)c2ccc(OCC3CCN(Cc4cccc(C(F)(F)F)c4)CC3)cc2oc1=O,6.327902142064282,1
Cc1c(C)c2ccc(OCC3CCN(Cc4cccc(CO)c4)CC3)cc2oc1=O,5.853871964321762,0
Cc1c(C)c2ccc(OCC3CCN(Cc4cccc(CO[N+](=O)[O-])c4)CC3)cc2oc1=O,5.886056647693163,0
Cc1c(C)c2ccc(OCC3CCN(Cc4cccc(F)c4)CC3)cc2oc1=O,6.337242168318426,1
Cc1c(C)c2ccc(OCC3CCN(Cc4cccc(OCCCO)c4)CC3)cc2oc1=O,6.075720713938118,1
Cc1c(C)c2ccc(OCC3CCN(Cc4cccc(OCCCO[N+](=O)[O-])c4)CC3)cc2oc1=O,6.318758762624412,1
Cc1c(C)c2ccc(OCC3CCN(Cc4ccccc4)CC3)cc2oc1=O,6.42021640338319,1
Cc1c(C)c2ccc(OCCCCCCN(C)Cc3ccccc3)cc2oc1=O,6.468521082957745,1
Cc1c(C)c2ccc(OCCCCCNCc3ccccc3)cc2oc1=O,6.522878745280337,1
Cc1c(C)c2ccc(OCCCCN(C)Cc3ccccc3)cc2oc1=O,6.102372908709558,1
Cc1c(C)c2ccc(OCCCN(C)Cc3ccccc3)cc2oc1=O,6.0,1
Cc1c(C)c2ccc(OCCCN(Cc3cccc(F)c3)C(C)C)cc2oc1=O,6.040958607678906,1
Cc1c(C)c2ccc(OCCN3CCN(CCCNc4c5c(nc6ccccc46)CCCC5)CC3)cc2oc1=O,7.792904459580782,1
Cc1c(C)c2ccc(OCCNC3CCN(Cc4ccccc4)CC3)cc2oc1=O,5.772113295386326,0
Cc1c(C)c2ccc(OCCc3ccccc3)cc2oc1=O,5.522878745280337,0
Cc1c(C)c2ccc(OCc3cc(F)cc(F)c3)cc2oc1=O,5.522878745280337,0
Cc1c(C)c2ccc(OCc3ccc(CN(C)CCCC(F)F)cc3)cc2oc1=O,5.823908740944319,0
Cc1c(C)c2ccc(OCc3ccc(CN(C)Cc4ccc(C#N)cc4)cc3)cc2oc1=O,5.4089353929735005,0
Cc1c(C)c2ccc(OCc3ccc(CN(C)Cc4ccccc4)cc3)cc2oc1=O,6.346787486224656,1
Cc1c(C)c2ccc(OCc3ccc(Cl)cc3)cc2oc1=O,5.522878745280337,0
Cc1c(C)c2ccc(OCc3ccc(F)c(F)c3)cc2oc1=O,5.522878745280337,0
Cc1c(C)c2ccc(OCc3ccc(F)cc3)cc2oc1=O,5.522878745280337,0
Cc1c(C)c2ccc(OCc3cccc(CN(C)CCCC(F)F)c3)cc2oc1=O,5.769551078621726,0
Cc1c(C)c2ccc(OCc3cccc(Cl)c3)cc2oc1=O,5.496339523538627,0
Cc1c(C)c2ccc(OCc3cccc(F)c3)cc2oc1=O,5.522878745280337,0
Cc1c(C)c2ccc(OCc3cccc(N)c3)cc2oc1=O,5.522878745280337,0
Cc1c(C)c2ccc(OCc3cccc(O)c3)cc2oc1=O,5.522878745280337,0
Cc1c(C)c2ccc(OCc3ccccc3)cc2oc1=O,5.522878745280337,0
Cc1c(Cl)c(=O)oc2cc(OCCCCSC(=S)N3C(C)CCCC3C)ccc12,6.943095148663527,1
Cc1c(Cl)c(=O)oc2cc(OCCCCSC(=S)N3CCCCC3C)ccc12,8.167491087293763,1
Cc1c(Cl)c(=O)oc2cc(OCCN3CCN(CCCNc4c5c(nc6ccccc46)CCCC5)CC3)ccc12,7.613144470815276,1
Cc1c(Cl)c(=O)oc2cc(OCCNC3CCN(Cc4ccccc4)CC3)ccc12,5.739928612014925,0
Cc1c(Cl)nc2ccccc2c1C(=O)NCCCCCCCNc1c2c(nc3ccccc13)CCCC2,8.522878745280337,1
Cc1c(N2CCN(C)CC2)nc2ccccc2c1C(=O)NCCCCCCCNc1c2c(nc3ccccc13)CCCC2,8.387216143280265,1
Cc1c(Nc2ccc(S(=O)(=O)N3CCN(C)CC3)cc2F)nc2ccc(Nc3cnn(C4CC4)c3)cn2c1=O,5.259637310505756,0
Cc1c(O)cccc1[N+](C)(C)C,3.8500000137195762,0
Cc1c(OC(=O)N(C)C)c2c(c[n+]1C)COC(C(C)(C)C)OC2,3.9586073148417746,0
Cc1c(OC(=O)N(C)C)c2c(c[n+]1C)COC(C(C)C)OC2,3.585026652029182,0
Cc1c(OC(=O)N(C)C)c2c(c[n+]1C)COC(C)(C)OC2,3.3010299956639813,0
Cc1c(OC(=O)N(C)C)c2c(c[n+]1C)COC(C)OC2,3.8239087409443187,0
Cc1c(OC(=O)N(C)C)c2c(c[n+]1C)COCOC2,3.886056647693163,0
Cc1c(OCc2ccccc2)cccc1N1CCN(CCCCCCNc2c3c(nc4c2CCCC4)CCCC3)CC1,7.853871964321762,1
Cc1c([C@@H](O)CN2CCN(C[C@H](O)c3ccc4c(c3C)COC4=O)CC2)ccc2c1COC2=O,5.002613615602687,0
Cc1c2[nH]c3ccc(O)cc3c2cc[n+]1C,6.0035002440146386,1
Cc1c2c(cc[n+]1C)c1cc(O)ccc1n2C,5.721622732557788,0
Cc1cc(-c2c3ccccc3[n+](C)c3ccccc23)cc(C)c1C,4.221125527997261,0
Cc1cc(-c2c3ccccc3[n+](C)c3ccccc23)cc(C)c1O,4.302770657240282,0
Cc1cc(-c2ccc(Cl)cc2)nnc1NCCN1CCCCC1,5.886056647693163,0
Cc1cc(-c2ccc(Cl)cc2)nnc1NCCN1CCOCC1,4.468521082957745,0
Cc1cc(-c2ccc3c(c2)OCO3)nnc1NCCN1CCCCC1,6.0,1
Cc1cc(-c2ccccc2)n[nH]c1=NCCC1CCN(Cc2ccccc2)CC1,6.494850021680094,1
Cc1cc(-c2ccccc2)nnc1NCCN1CCCCC1,5.267606240177031,0
Cc1cc(-c2ccccc2)nnc1NCCN1CCOCC1,4.070581074285707,0
Cc1cc(/C=N/O)c(O)c(CN2CCC(c3ccc(F)cc3)CC2)c1,3.769551078621726,0
Cc1cc(/C=N/O)c(O)c(CN2CCC(c3ccncc3)CC2)c1,3.4561801948573425,0
Cc1cc(/C=N/O)c(O)c(CN2CCC(n3c(=O)[nH]c4cc(Cl)ccc43)CC2)c1,2.7201050199883614,0
Cc1cc(/C=N/O)c(O)c(CN2CCN(c3ccc(Br)cc3)CC2)c1,3.6485902480745613,0
Cc1cc(/C=N/O)c(O)c(CN2CCN(c3ccc(C(F)(F)F)cc3)CC2)c1,3.440811810995225,0
Cc1cc(/C=N/O)c(O)c(CN2CCN(c3ccc(Cl)cc3)CC2)c1,3.6794383198047633,0
Cc1cc(/C=N/O)c(O)c(CN2CCN(c3ccc(F)cc3)CC2)c1,3.4928190227397593,0
Cc1cc(/C=N/O)c(O)c(CN2CCN(c3ccc(O)cc3)CC2)c1,3.686765708305276,0
Cc1cc(/C=N/O)c(O)c(CN2CCN(c3ccc([N+](=O)[O-])cc3)CC2)c1,3.9613798380502976,0
Cc1cc(/C=N/O)c(O)c(CN2CCN(c3ccc([N+](=O)[O-])cc3Cl)CC2)c1,3.636012170251509,0
Cc1cc(/C=N/O)c(O)c(CN2CCN(c3ccccc3)CC2)c1,3.189901959318857,0
Cc1cc(/C=N/O)c(O)c(CN2CCN(c3ccccc3Cl)CC2)c1,3.431329021990103,0
Cc1cc(/C=N/O)c(O)c(CN2CCN(c3ccccc3F)CC2)c1,3.4188471080337113,0
Cc1cc(/C=N/O)c(O)c(CN2CCN(c3ccccn3)CC2)c1,3.739928612014925,0
Cc1cc(/C=N/O)c(O)c(CN2CCN(c3ccncc3)CC2)c1,3.33295858300299,0
Cc1cc(/C=N/O)c(O)c(CNc2ccc(-n3cccn3)cc2)c1,2.4971633613789965,0
Cc1cc(/C=N/O)c(O)c(CNc2ccc(Cn3cncn3)cc2)c1,2.4874490070957895,0
Cc1cc(/C=N/O)c(O)c(CNc2ccc(N3CCOCC3)c(F)c2)c1,2.4855850794196312,0
Cc1cc(/C=N/O)c(O)c(CNc2ccc(N3CCOCC3=O)cc2)c1,2.2753146117626404,0
Cc1cc(/C=N/O)c(O)c(CNc2ccc(S(=O)(=O)Nc3nccs3)cc2)c1,2.288277108172765,0
Cc1cc(/C=N/O)c(O)c(CNc2ncccc2OCc2ccccc2)c1,4.014573525916998,0
Cc1cc(=NCCC2CCN(Cc3ccccc3)CC2)[nH]nc1-c1ccccc1,7.5433580491197905,1
Cc1cc(=O)[nH]c2c1C(=O)C(NCCCCNc1c3c(nc4cc(Cl)ccc14)CCCC3)=CC2=O,8.25336580106242,1
Cc1cc(=O)[nH]c2c1C(=O)C(NCCCCNc1c3c(nc4ccccc14)CCCC3)=CC2=O,7.234331445240986,1
Cc1cc(=O)[nH]c2c1C(=O)C(NCCCNc1c3c(nc4cc(Cl)ccc14)CCCC3)=CC2=O,7.954677021213342,1
Cc1cc(=O)[nH]c2c1C(=O)C(NCCNc1c3c(nc4cc(Cl)ccc14)CCCC3)=CC2=O,6.917214629683549,1
Cc1cc(=O)[nH]c2c1C(=O)C(NCCNc1c3c(nc4ccccc14)CCCC3)=CC2=O,6.175874166083451,1
Cc1cc(=O)c2cc(Oc3ccccc3)ccc2o1,5.522878745280337,0
Cc1cc(=O)oc2cc(CNCCC3CCN(Cc4ccccc4)CC3)ccc12,7.173925197299173,1
Cc1cc(=O)oc2cc(OCCCCCCSC(=S)N3CCCCC3)ccc12,6.214670164989233,1
Cc1cc(=O)oc2cc(OCCCCCSC(=S)N3CCCCC3)ccc12,6.6777807052660805,1
Cc1cc(=O)oc2cc(OCCCCSC(=S)N3CCCCC3)ccc12,7.568636235841012,1
Cc1cc(=O)oc2cc(OCCCN(C)Cc3cccc(OC(=O)NCCCCCc4ccccc4)c3)ccc12,7.094204119632131,1
Cc1cc(=O)oc2cc(OCCCSC(=S)N3CCCCC3)ccc12,6.537602002101044,1
Cc1cc(=O)oc2cc(OCCN3CCN(CC(=O)Nc4c5c(nc6ccccc46)CCCC5)CC3)ccc12,7.036212172654444,1
Cc1cc(=O)oc2cc(OCCSC(=S)N(C)C)ccc12,4.975104039892515,0
Cc1cc(=O)oc2cc(OCCSC(=S)N3CCC(N4CCCCC4)CC3)ccc12,5.935542010773082,0
Cc1cc(=O)oc2cc(OCCSC(=S)N3CCCC3)ccc12,6.050609993355087,1
Cc1cc(=O)oc2cc(OCCSC(=S)N3CCCCC3)ccc12,6.327902142064282,1
Cc1cc(=O)oc2cc(OCCSC(=S)N3CCN(C(C)C)CC3)ccc12,5.701146923590294,0
Cc1cc(=O)oc2cc(OCc3cc[n+](Cc4ccc(Br)cc4)cc3)ccc12,6.662540738709344,1
Cc1cc(=O)oc2cc(OCc3cc[n+](Cc4ccc(F)cc4)cc3)ccc12,7.432973633840939,1
Cc1cc(=O)oc2cc(OCc3cc[n+](Cc4ccc([N+](=O)[O-])cc4)cc3)ccc12,5.9677842967020185,0
Cc1cc(=O)oc2cc(OCc3cc[n+](Cc4cccc(Br)c4)cc3)ccc12,6.890759031411797,1
Cc1cc(=O)oc2cc(OCc3cc[n+](Cc4cccc(F)c4)cc3)ccc12,7.380906669373257,1
Cc1cc(=O)oc2cc(OCc3cc[n+](Cc4cccc([N+](=O)[O-])c4)cc3)ccc12,6.638272163982407,1
Cc1cc(=O)oc2cc(OCc3cc[n+](Cc4ccccc4)cc3)ccc12,6.453457336521868,1
Cc1cc(=O)oc2cc(OCc3cc[n+](Cc4ccccc4Br)cc3)ccc12,7.1073489661227,1
Cc1cc(=O)oc2cc(OCc3cc[n+](Cc4ccccc4F)cc3)ccc12,7.185086818724926,1
Cc1cc(=O)oc2cc(OCc3ccc(CN(C)Cc4ccc(C#N)cc4)cc3)ccc12,5.070581074285707,0
Cc1cc(=O)oc2cc(OCc3ccc(CN(C)Cc4cccc(Cl)c4)cc3)ccc12,6.0,1
Cc1cc(=O)oc2cc(OCc3ccc(CN(C)Cc4ccccc4)cc3)ccc12,6.040958607678906,1
Cc1cc(=O)oc2ccc(OC/C=C/CCn3cnc4c(N5CCCCC5)ncnc43)cc12,4.92299567320665,0
Cc1cc(Br)cc(C)c1OCC(=O)NCC1CCN(Cc2ccccc2)CC1,6.22548303427145,1
Cc1cc(Br)cc(C)c1OCC(=O)NCCN1CCN(Cc2ccccc2)CC1,7.045757490560675,1
Cc1cc(C(=O)CCC2CC[N+](C)(Cc3ccccc3)CC2)nn1-c1ccccc1,7.657577319177793,1
Cc1cc(C(C#N)c2ccc(Cl)cc2)c(Cl)cc1NC(=O)c1cc(I)cc(I)c1O,5.5300307905000405,0
Cc1cc(C)c(C(=O)/C=C/c2nc(C)c(C)nc2C)cc1C,5.619788758288394,0
Cc1cc(C)c(C(=O)n2nc(OCCN3CCCCC3)c3ccccc32)c(C)c1,4.935542010773082,0
Cc1cc(C)c(NC(=O)Oc2ccc3c(c2)[C@]2(C)CCN(C)[C@@H]2N3C)c(C)c1,5.886056647693163,0
Cc1cc(C)c(S(=O)(=O)Nc2ccc(C3C4=C(CC(C)(C)CC4=O)N(c4ccc(Br)cc4)C4=C3C(=O)CC(C)(C)C4)cc2)c(C)c1,6.853871964321762,1
Cc1cc(C)cc(NC(=O)Oc2ccc3c(c2)[C@]2(C)CCN(C)[C@@H]2N3C)c1,7.107905397309519,1
Cc1cc(C)cc(Oc2ccc3nc4c(c(N)c3c2)CCC4)c1,5.429457060118102,0
Cc1cc(C)cc(Oc2ccc3nc4c(c(N)c3c2)CCCC4)c1,5.790484985457369,0
Cc1cc(C)cc(Oc2ccc3nc4c(c(N)c3c2)CCCCC4)c1,6.004364805402449,1
Cc1cc(C2(c3cc(C)c(O)c(C)c3)CCCCC2)cc(C)c1O,4.823908740944319,0
Cc1cc(N2CCCCC2)nc2ccccc12,6.075720713938118,1
Cc1cc(Nc2nccc(-c3sc(C4CCNCC4)nc3-c3ccc(F)cc3)n2)ccn1,6.3979400086720375,1
Cc1cc(S(=O)(=O)N2CCOCC2)c(C(C)C)cc1O,5.248720896016658,0
Cc1cc(S(=O)(=O)NCc2ccccn2)c(C(C)C)cc1O,5.1555228242543185,0
Cc1cc(S(=O)(=O)NN)c(C(C)C)cc1O,5.034328028779893,0
Cc1cc(S(=O)(=O)Nc2ccccc2O)c(C(C)C)cc1O,5.058488567365597,0
Cc1cc(S(=O)(=O)Nc2cnccn2)c(C(C)C)cc1O,5.13430394008393,0
Cc1cc2c(c(C)c1CCO[C@@H]1O[C@H](CO)[C@@H](O)[C@H](O)[C@H]1O)C(=O)C(C)(C)[C@H]2O,4.562249437179612,0
Cc1cc2c(c(C)c1CCO[C@@H]1O[C@H](CO)[C@@H](O)[C@H](O)[C@H]1O)C(=O)[C@@H](C)[C@H]2O,5.0376306643299795,0
Cc1cc2c(c(C)c1CCO[C@@H]1O[C@H](CO)[C@@H](O)[C@H](O)[C@H]1O)C(=O)[C@H](C)C2,5.5934598195660445,0
Cc1cc2c(c(C)c1CCO[C@@H]1O[C@H](CO)[C@@H](O)[C@H](O)[C@H]1O)C(=O)[C@H](C)[C@H]2O,5.423658649794207,0
Cc1cc2c(cc1C)[n+](Cc1ccccc1C)cn2C(c1ccccc1)c1ccccc1,5.377785977033705,0
Cc1cc2c(cc1CN1CCN(C(c3ccc(F)cc3)c3ccc(F)cc3)CC1)OCO2,5.872344580224793,0
Cc1cc2c(cc1OC(=O)Nc1ccccc1)[C@]1(C)CCN(C)[C@@H]1N2C,6.585026652029182,1
Cc1cc2cc3n(c(=O)c2cn1)CCc1c-3[nH]c2ccccc12,4.657577319177793,0
Cc1cc2ccc(OCc3ccc(CN(C)Cc4ccccc4)cc3)cc2oc1=O,6.301029995663981,1
Cc1cc2nc3c(nc2cc1C)C1(C(C#N)=C(N)N(Cc2ccccc2)C(NCc2ccccc2)=C1[N+](=O)[O-])c1ccccc1-3,5.236572006437063,0
Cc1cc2nc3c(nc2cc1C)C1(C(C#N)=C(N)N2CC(C)(C)CNC2=C1[N+](=O)[O-])c1ccccc1-3,5.3979400086720375,0
Cc1cc2nc3c(nc2cc1C)C1(C(C#N)=C(N)N2CCCNC2=C1[N+](=O)[O-])c1ccccc1-3,5.2441251443275085,0
Cc1cc2nc3c(nc2cc1C)C1(C(C#N)=C(N)N2CCNC2=C1[N+](=O)[O-])c1ccccc1-3,5.180456064458131,0
Cc1cc2onc(CCC3CCN(Cc4ccccc4)CC3)c2cc1C,8.237548916113019,1
Cc1ccc(-[n+]2ccc3c4ccccc4n(C)c3c2)cc1,6.560089835223259,1
Cc1ccc(-c2c3ccccc3[n+](C)c3ccccc23)cc1,4.3819519032879075,0
Cc1ccc(-c2cn(Cc3ccc4ccccc4c3)nn2)cc1C(=O)NCCN1CCOCC1,5.140861702705469,0
Cc1ccc(-c2csc(NC(=O)C[n+]3ccc(/C=N/O)cc3)n2)cc1,3.013228265733755,0
Cc1ccc(-c2nc(NC(=O)C3CCN(Cc4c(F)cccc4Cl)CC3)sc2-c2ccc(C)cc2)cc1,5.5406075122407685,0
Cc1ccc(-c2nc(NC(=O)C3CCN(Cc4cc(F)cc(F)c4)CC3)sc2-c2ccc(C)cc2)cc1,5.6020599913279625,0
Cc1ccc(-c2nc(NC(=O)C3CCN(Cc4ccc(C#N)cc4)CC3)sc2-c2ccc(C)cc2)cc1,5.892790030352131,0
Cc1ccc(-c2nc(NC(=O)C3CCN(Cc4ccc([N+](=O)[O-])cc4)CC3)sc2-c2ccc(C)cc2)cc1,5.634512015109101,0
Cc1ccc(-c2nc(NC(=O)C3CCN(Cc4ccccc4C(F)(F)F)CC3)sc2-c2ccc(C)cc2)cc1,5.120904120499928,0
Cc1ccc(-c2nc(NC3CCN(Cc4ccccc4)CC3)sc2-c2ccc(C)cc2)cc1,5.892790030352131,0
Cc1ccc(-c2nc(NCC3CCN(Cc4cc(F)cc(F)c4)CC3)sc2-c2ccc(C)cc2)cc1,6.522878745280337,1
Cc1ccc(-c2nc(NCC3CCN(Cc4ccc(F)cc4)CC3)sc2-c2ccc(C)cc2)cc1,6.431798275933005,1
Cc1ccc(-c2nc(NCC3CCN(Cc4ccccc4C(F)(F)F)CC3)sc2-c2ccc(C)cc2)cc1,6.3979400086720375,1
Cc1ccc(-c2nc(NCC3CCN(Cc4ccccc4C)CC3)sc2-c2ccc(C)cc2)cc1,6.301029995663981,1
Cc1ccc(-c2nc(SCC(F)(F)F)n(C(=O)N(C)C)n2)cc1,6.698970004336019,1
Cc1ccc(-c2nnc(N3CCN(c4ccccn4)CC3)o2)cc1,5.991399828238082,0
Cc1ccc(-c2nnc(Nc3ncccn3)o2)cc1,5.790000026071146,0
Cc1ccc(-c2noc(-c3cccc(OCC4CCN(Cc5ccc(F)cc5)CC4)c3)n2)cn1,5.52432881167557,0
Cc1ccc(-c2noc(-c3cccc(OCC4CCN(Cc5cccc(F)c5)CC4)c3)n2)cn1,6.42021640338319,1
Cc1ccc(-c2noc(-c3cccc(OCC4CCN(Cc5ccccc5)CC4)c3)n2)cn1,6.130768280269024,1
Cc1ccc(-c2noc(-c3cccc(OCC4CCN(Cc5ccccc5Cl)CC4)c3)n2)cn1,6.2441251443275085,1
Cc1ccc(-c2noc(-c3cccc(OCC4CCN(Cc5ccccc5F)CC4)c3)n2)cn1,6.537602002101044,1
Cc1ccc(-n2cc(COc3ccc(/C=N/Nc4c5c(nc6ccccc46)CCCC5)cc3)nn2)cc1,5.425968732272281,0
Cc1ccc(/C=C2/CNCC3=C2N=C2SC=C(c4ccc(Br)cc4)N2C3c2ccc(C)cc2)cc1,5.6439741428068775,0
Cc1ccc(/C=C2/CNCC3=C2N=C2SC=C(c4ccc(C)cc4)N2C3c2ccc(C)cc2)cc1,5.7447274948966935,0
Cc1ccc(/C=C2/CNCC3=C2N=C2SC=C(c4ccc5ccccc5c4)N2C3c2ccc(C)cc2)cc1,6.008773924307505,1
Cc1ccc(/C=C2\CN(C(=O)C[C@H]3C[C@H]4CCCN4[C@]34C(=O)Nc3ccccc34)C/C(=C\c3ccc(C)cc3)C2=O)cc1,4.697452627512514,0
Cc1ccc(/C=C2\CN(C(=O)C[C@H]3C[C@H]4CCCN4[C@]34C(=O)Nc3ccccc34)C[C@@]3(C[C@H]4CCCN4[C@@]34C(=O)Nc3ccccc34)C2=O)cc1,4.707965564005264,0
Cc1ccc(/C=C2\CN(C(=O)[C@@H]3CCN(C)[C@]34C(=O)Nc3ccccc34)C[C@]3(C2=O)[C@H](c2ccc(C)cc2)CN(C)[C@]32C(=O)Nc3ccccc32)cc1,5.115204636051018,0
Cc1ccc(/C=C2\CN(C(=O)[C@H]3C[C@H]4CCCN4[C@]34C(=O)Nc3cc(Cl)ccc34)C/C(=C\c3ccc(C)cc3)C2=O)cc1,5.119186407719209,0
Cc1ccc(/C=C2\CN(Cc3ccc4ccccc4c3)C/C(=C\c3ccc(C)cc3)C2=O)cc1,5.798602875679549,0
Cc1ccc(/C=C2\CN(Cc3cccc(C)c3)C/C(=C\c3ccc(C)cc3)C2=O)cc1,5.492144128304169,0
Cc1ccc(/C=N/C2CCN(Cc3ccccc3)CC2)cc1,5.356547323513812,0
Cc1ccc(/C=N/NC(=O)N2CCN(c3ccccn3)CC2)cc1,5.320572103387882,0
Cc1ccc(C(=O)/C=C/c2ccc(N3CCCCC3)cc2)s1,6.886056647693163,1
Cc1ccc(C(=O)N2CCN(CC(=O)N3CCN(CCCc4c[nH]c5ccc(F)cc45)CC3)CC2)cc1,5.443697499232712,0
Cc1ccc(C(=O)N2CCN(CC(=O)N3CCN(CCCc4c[nH]c5ccccc45)CC3)CC2)cc1,4.531652669587842,0
Cc1ccc(C(=O)NC(=S)NCCOCCN(C)Cc2ccccc2)cc1,7.113509274827518,1
Cc1ccc(C(=O)Nc2cc3cc(C)ccc3oc2=O)cc1,4.383314479104488,0
Cc1ccc(C(=O)Nc2cc3ccccc3oc2=O)cc1,4.735654492949908,0
Cc1ccc(C(=O)OC(C(=O)O)C(OC(=O)c2ccc(C)cc2)C(=O)O)cc1,7.207608310501746,1
Cc1ccc(C(=O)c2c(-c3ccc(OCCCCCCCN(C)Cc4ccccc4)cc3)oc3ccccc23)cc1,4.978810700930062,0
Cc1ccc(C(C)C)cc1O,3.5472937734889713,0
Cc1ccc(C(C)C)cc1OCC(=O)N(C(C)C)C(C)C,5.714442690992226,0
Cc1ccc(C(C)C)cc1OCC(=O)N1CCCCC1,5.714442690992226,0
Cc1ccc(C(C)C)cc1OCC(=O)N1Cc2ccccc2C1,5.714442690992226,0
Cc1ccc(C(C)C)cc1OCC(=O)NC1CCCCC1,5.714442690992226,0
Cc1ccc(C(C)C)cc1OCC(=O)NCCC1=CCCCC1,5.714442690992226,0
Cc1ccc(C(C)C)cc1OCC(=O)NCCN1CCCC1,5.714442690992226,0
Cc1ccc(C(C)C)cc1OCC(=O)NCCN1CCN(C)CC1,5.714442690992226,0
Cc1ccc(C(C)C)cc1OCC(=O)NCCN1CCOCC1,5.714442690992226,0
Cc1ccc(C(C)C)cc1OCC(=O)NCCNc1cccc2cccnc12,5.714442690992226,0
Cc1ccc(C(C)C)cc1OCC(=O)NCc1ccc2c(c1)OCO2,5.714442690992226,0
Cc1ccc(C(C)C)cc1OCC(O)CNC(C)(C)C,6.866461091629782,1
Cc1ccc(C(C)C)cc1OCC(O)CNCCC1=CCCCC1,6.866461091629782,1
Cc1ccc(C(C)C)cc1OCC(O)CNCc1cccnc1,6.866461091629782,1
Cc1ccc(C(c2ccccc2O)N2CCN(c3cnccn3)CC2)cc1,5.962573502059376,0
Cc1ccc(C)c(NC(=O)Oc2ccc3c(c2)[C@]2(C)CCN(C)[C@@H]2N3C)c1,7.585026652029182,1
Cc1ccc(C)cc1,6.354905871193694,1
Cc1ccc(C2=CSC3=NC4=C(CNC/C4=C/c4ccc(Br)cc4)C(c4ccc(Br)cc4)N23)cc1,5.995678626217357,0
Cc1ccc(C2=CSC3=NC4=C(CNC/C4=C/c4ccc(Cl)cc4)C(c4ccc(Cl)cc4)N23)cc1,5.962573502059376,0
Cc1ccc(C2C([N+](=O)[O-])C(Cc3c[nH]cn3)NC23c2ccccc2-c2nc4ccccc4nc23)cc1,5.694648630553376,0
Cc1ccc(C2C3=C(CC(C)(C)CC3=O)Nc3nc4c(c(N)c32)CCCC4)cc1,6.173925197299173,1
Cc1ccc(C2CC(c3cccc(O)c3)=Nc3ccccc3S2)cc1,4.306273051076353,0
Cc1ccc(C2N(C)Cc3cc(O)ccc3N2C)cc1,3.959002307576509,0
Cc1ccc(C2NC(=S)Nc3nc4c(c(N)c32)CCCC4)cc1,4.623423042943488,0
Cc1ccc(C2c3ccc4ccccc4c3Oc3nc4c(c(N)c32)CCCC4)cc1,6.3979400086720375,1
Cc1ccc(C2c3ccc4cccnc4c3Oc3nc4c(c(N)c32)CCCC4)cc1,5.54515513999149,0
Cc1ccc(CN2CCC(CC(=O)NCCc3c[nH]c4ccccc34)CC2)cc1,5.306273051076353,0
Cc1ccc(CN2CCC(CCNC(=O)/C=C/c3cc(C(C)(C)C)c(O)c(C(C)(C)C)c3)CC2)cc1,5.6968039425795105,0
Cc1ccc(CN2CCC(Nc3nc(-c4ccc(C)cc4)c(-c4ccc(C)cc4)s3)CC2)cc1,5.962573502059376,0
Cc1ccc(CN2CCC(Nc3nc(-c4ccc(Cl)cc4)c(-c4ccc(Cl)cc4)s3)CC2)cc1,5.496209316942819,0
Cc1ccc(CNC2CCN(Cc3ccccc3)C2)cc1,5.194363233694065,0
Cc1ccc(CNC2CCN(Cc3ccccc3)CC2)cc1,5.431798275933005,0
Cc1ccc(CNc2ccnc(NC3CCN(Cc4ccccc4)CC3)n2)cc1,4.889410289700751,0
Cc1ccc(COc2ccc3c(C)c(C)c(=O)oc3c2)cc1,5.522878745280337,0
Cc1ccc(C[n+]2ccc(C(=O)NCCc3c[nH]c4ccccc34)cc2)cc1,5.2441251443275085,0
Cc1ccc(C[n+]2ccc(COc3ccc4c(C)cc(=O)oc4c3)cc2)cc1,6.6020599913279625,1
Cc1ccc(F)cc1,6.66490027419387,1
Cc1ccc(N)cc1,6.374888835529297,1
Cc1ccc(N2C(=O)C3CN(C)C4(C(=O)c5ccccc5C4=O)C3C2=O)cc1,5.13430394008393,0
Cc1ccc(N2CCN(Cc3cc(C)cc(/C=N/O)c3O)CC2)cc1,3.468393368067278,0
Cc1ccc(NC(=O)Oc2ccc3c(c2)[C@]2(C)CCN(C)[C@@H]2N3C)c(C)c1,7.853871964321762,1
Cc1ccc(NC(=O)Oc2ccc3c(c2)[C@]2(C)CCN(C)[C@@H]2N3C)cc1,6.853871964321762,1
Cc1ccc(NC(=O)Oc2ccc3c(c2)[C@]2(C)CCN(C)[C@@H]2N3C)cc1C,7.508638306165727,1
Cc1ccc(NC(=O)c2cc(=O)c3cc(/C=C/C(=O)O)ccc3o2)cc1,5.292429823902063,0
Cc1ccc(NC(=O)c2cc(=O)c3cc(/C=C/C(=O)OCCN(C)C)ccc3o2)cc1,6.6777807052660805,1
Cc1ccc(NC(=O)c2cc(=O)c3cc(/C=C/C(=O)OCCN(C)C)ccc3o2)cc1C,6.6777807052660805,1
Cc1ccc(NC(=O)c2coc3ccc(/C=C/C(=O)OCCN(C)C)cc3c2=O)cc1,6.013228265733755,1
Cc1ccc(NCCCSC[C@@H]2CCCN3CCCC[C@H]23)c2c(=O)c3ccccc3sc12,5.105683937315561,0
Cc1ccc(NCCC[C@@H]2CCCN3CCCC[C@H]23)c2c(=O)c3ccccc3oc12,5.055024091587952,0
Cc1ccc(NCC[C@@H]2CCCN3CCCC[C@H]23)c2c(=O)c3cc(O)ccc3sc12,5.370590400897282,0
Cc1ccc(NCC[C@@H]2CCCN3CCCC[C@H]23)c2c(=O)c3ccccc3oc12,6.853871964321762,1
Cc1ccc(NCC[C@@H]2CCCN3CCCC[C@H]23)c2c(=O)c3ccccc3sc12,5.2839966563652006,0
Cc1ccc(Nc2nccc(N(C)c3ccc4c(C)n(C)nc4c3)n2)cc1S(N)(=O)=O,6.031517051446064,1
Cc1ccc(O)cc1,7.0248662659932055,1
Cc1ccc(O)cc1[N+](C)(C)C,5.548999996143563,0
Cc1ccc(Oc2ccc3nc4c(c(N)c3c2)CCC4)cc1,5.077793722560983,0
Cc1ccc(Oc2ccc3nc4c(c(N)c3c2)CCCC4)cc1,5.482804102050025,0
Cc1ccc(Oc2ccc3nc4c(c(N)c3c2)CCCCC4)cc1,5.421360790031928,0
Cc1ccc(S(=O)(=O)N(Cc2ccccc2)c2ccc(N)cc2O)cc1,5.6020599913279625,0
Cc1ccc(S(=O)(=O)N2[C@H](C)CCC[C@@H]2C)cc1,6.434152181326482,1
Cc1ccc(S(=O)(=O)NCCCCCNc2c3c(nc4ccccc24)CCCC3)cc1,6.886056647693163,1
Cc1ccc(S(=O)(=O)SCc2ccc(C#N)cc2)cc1,6.708409174341998,1
Cc1ccc(S(=O)(=O)SCc2ccc(C(C)(C)C)cc2)cc1,6.75300930075845,1
Cc1ccc(S(=O)(=O)SCc2ccc(C(C)C)cc2)cc1,7.924453038607469,1
Cc1ccc(S(=O)(=O)SCc2ccc(C(F)(F)F)cc2)cc1,7.062482107982653,1
Cc1ccc(S(=O)(=O)SCc2ccc(Cl)cc2)cc1,6.320390428220244,1
Cc1ccc(S(=O)(=O)SCc2ccc(F)cc2)cc1,6.505149978319906,1
Cc1ccc(S(=O)(=O)SCc2ccc(OC(F)(F)F)cc2)cc1,6.888065723667318,1
Cc1ccc(S(=O)(=O)SCc2ccc([N+](=O)[O-])cc2)cc1,6.673050005834002,1
Cc1ccc(S(=O)(=O)SCc2ccccc2)cc1,6.286173575619475,1
Cc1ccc([C@@H](C)CC(=O)CC(C)C)cc1,4.088842391260023,0
Cc1ccc([C@@H]2CN(C)C3(C(=O)c4ccccc4C3=O)[C@]23CSc2ccccc2C3=O)cc1,5.180456064458131,0
Cc1ccc([C@@H]2[C@H]3CSCN3C3(C(=O)c4ccccc4C3=O)[C@]23CSc2ccccc2C3=O)cc1,5.148130399270234,0
Cc1ccc([C@H]2C3=C(CC(C)(C)CC3=O)Nc3nc4c(c(N)c32)CCCC4)cc1,6.639993867770901,1
Cc1ccc([C@H]2C3=C(CC(C)(C)CC3=O)Oc3nc4c(c(N)c32)CCCC4)cc1,4.28999998644378,0
Cc1ccc([N+](=O)[O-])cc1,6.154901959985743,1
Cc1ccc([N+](C)(C)C)cc1O,5.50699948877933,0
Cc1ccc([N+]2=Cc3c(c4ccccc4n3C)CC2)cc1,5.823908740944319,0
Cc1ccc2[nH]c(-c3ccc(OCCN(C)C)cc3)nc2c1,4.908684840302777,0
Cc1ccc2[nH]c(-c3ccc(OCCN4CCCC4)cc3)nc2c1,6.3979400086720375,1
Cc1ccc2[nH]c(-c3ccc(OCCN4CCCCC4)cc3)nc2c1,6.4089353929735005,1
Cc1ccc2[nH]c(-c3ccc(OCCN4CCOCC4)cc3)nc2c1,4.8887374863409345,0
Cc1ccc2[nH]c3c(c2c1)CN(CCCCCCCN1CCc2[nH]c4ccc(C)cc4c2C1)CC3,6.161150909262744,1
Cc1ccc2[nH]c3c(c2c1)CN(CCCCCCN1CCc2[nH]c4ccc(C)cc4c2C1)CC3,6.715605893842326,1
Cc1ccc2[nH]c3c(c2c1)CN(CCCCCN1CCc2[nH]c4ccc(C)cc4c2C1)CC3,6.709965388637482,1
Cc1ccc2[nH]c3c(c2c1)CN(Cc1ccccc1)CC3,4.454692883534176,0
Cc1ccc2[nH]c3cc[n+](C)cc3c2c1,5.040958607678906,0
Cc1ccc2[nH]c3ccncc3c2c1,4.450996737974212,0
Cc1ccc2c(N)c3c(nc2c1)CCC3,6.459670525209127,1
Cc1ccc2c(N)c3c(nc2c1)CCCC3,7.028533500713746,1
Cc1ccc2c(N)c3c(nc2c1)CCCCC3,6.982966660701219,1
Cc1ccc2c(NCc3ccccc3)c3c(nc2c1)CCCC3,6.127469438986887,1
Cc1ccc2c(Nc3ccccc3)c3c(nc2c1)CCCC3,6.1249387366083,1
Cc1ccc2c(c1)-c1nc3ccccc3c(N)c1C2,5.3400001801593495,0
Cc1ccc2c(c1)C(=O)C(=O)N2C(=O)N(C)C,6.840132152907433,1
Cc1ccc2c(c1)C(=O)C(=O)N2Cc1ccc(Br)cc1,6.69000807121882,1
Cc1ccc2c(c1)C(=O)C(=O)N2Cc1ccccc1[N+](=O)[O-],6.700057099977233,1
Cc1ccc2c(c1)C(=O)C(C)C2,6.790117922852423,1
Cc1ccc2c(c1)C1(C(=O)N2)C(C#N)=C(N)N(Cc2ccccc2)C(NCc2ccccc2)=C1[N+](=O)[O-],5.430626090384954,0
Cc1ccc2c(c1)C1(C(=O)N2)C(C#N)=C(N)N2CC(C)(C)CNC2=C1[N+](=O)[O-],5.856985199745905,0
Cc1ccc2c(c1)C1(C(=O)N2)C(C#N)=C(N)N2CCCNC2=C1[N+](=O)[O-],6.026872146400301,1
Cc1ccc2c(c1)C1(C(=O)N2)C(C#N)=C(N)N2CCNC2=C1[N+](=O)[O-],5.413412695328245,0
Cc1ccc2c(c1)c1c(n2CCc2ccc(C)nc2)CCN(C)C1,4.346787486224656,0
Cc1ccc2c(c1)c1c[n+](C)ccc1n2CCC(=O)N1c2ccccc2Sc2ccccc21,5.958607314841775,0
Cc1ccc2c(c1)c1cc[n+](-c3ccccc3)cc1n2C,6.376750709602099,1
Cc1ccc2c(c1)c1cnccc1n2CCC(=O)N1c2ccccc2Sc2ccccc21,6.292429823902063,1
Cc1ccc2cc(C3CC(c4cc(Cl)sc4Cl)=NN3)c(Cl)nc2c1,6.823908740944319,1
Cc1ccc2cc(C3CC(c4sccc4Cl)=NN3)c(Cl)nc2c1,6.698970004336019,1
Cc1ccc2cc3c(ccc4ccccc43)c3c2c1CC3,4.644299507218118,0
Cc1ccc2ccc(CNCCCCCCCCNc3c4c(nc5ccccc35)CCCC4)c(O)c2n1,9.301029995663981,1
Cc1ccc2nc3c(c(N)c2c1)CCC3,5.0,0
Cc1ccc2nc3c(c(N)c2c1)CCCC3,5.034539549409309,0
Cc1ccc2nc3c(c(N)c2c1)CCCCC3,4.647817481888637,0
Cc1ccc2nc3c(c(N4CCCCC4)c2c1)CCCC3,6.928117992693874,1
Cc1ccc2nc3c(c(N4CCN(C)CC4)c2c1)CCCC3,6.356547323513812,1
Cc1ccc2nc3c(c(N4CCN(c5c6c(nc7ccc(C)cc57)CCCC6)CC4)c2c1)CCCC3,6.283162276700475,1
Cc1ccc2nc3c(c(N4CCOCC4)c2c1)CCCC3,5.750801642608887,0
Cc1ccc2nc3c(c(NCCCl)c2c1)CCCC3,6.117475462045119,1
Cc1ccc2nc3c(c(NCCN4CCCCC4)c2c1)CCCC3,5.59482445378201,0
Cc1ccc2nc3c(c(NCCN4CCN(C)CC4)c2c1)CCCC3,6.011441043121384,1
Cc1ccc2nc3c(c(NCCN4CCN(Cc5ccccc5)CC4)c2c1)CCCC3,5.195111255377609,0
Cc1ccc2nc3c(c(NCCN4CCOCC4)c2c1)CCCC3,6.882728704344236,1
Cc1ccc2nc3c(c(NCCO)c2c1)CCCC3,6.7447274948966935,1
Cc1ccc2nc3c(c(NCc4ccccc4)c2c1)CCCC3,5.43089927186453,0
Cc1ccc2nc3c(c(Nc4[nH]nc5ncccc45)c2c1)CCCC3,6.090979145788844,1
Cc1ccc2nc3c(c(Nc4ccccc4)c2c1)CCCC3,5.431798275933005,0
Cc1ccc2oc(-c3ccc(OCCCCCCN4CCCCC4)cc3)cc(=O)c2c1,6.443697499232712,1
Cc1ccc2oc(-c3ccc(OCCCCCCN4CCCCCC4)cc3)cc(=O)c2c1,6.318758762624412,1
Cc1ccc2onc(CCC3CCN(Cc4ccccc4)CC3)c2c1,8.10835186453452,1
Cc1cccc(-c2cnc3cccnc3n2)c1,6.050609993355087,1
Cc1cccc(-c2nnc(-c3ccc4c(c3)CO[C@@]4(CCCN(C)C)c3ccc(F)cc3)[nH]2)c1,3.8753979721066614,0
Cc1cccc(-c2nnc(N3CCN(c4ccccn4)CC3)o2)c1,5.280668713016274,0
Cc1cccc(C(=O)N2Cc3cc(NC(=O)c4cccc(Cl)c4)ccc3CC2=O)c1,10.841336019186011,1
Cc1cccc(C(=O)N2Cc3cc(NC(=O)c4ccccc4)ccc3CC2=O)c1,10.5815329790534,1
Cc1cccc(C(=O)N2Cc3ccc(N4C(=O)c5ccccc5C4=O)cc3CC2=O)c1,7.593800576336687,1
Cc1cccc(C(=O)Nc2ccc3c(c2)CN(C(=O)c2cccc(C)c2)C(=O)C3)c1,10.869023308394382,1
Cc1cccc(C(=O)Nc2ccc3c(c2)CN(C(=O)c2cccc(Cl)c2)C(=O)C3)c1,10.679023322657176,1
Cc1cccc(C(=O)c2c(-c3ccc(OCCCCCCCN(C)Cc4ccccc4)cc3)oc3ccccc23)c1,3.8961962790440428,0
Cc1cccc(C(=O)c2c(-c3cccc(OCCCCCCCN(C)Cc4ccccc4)c3)oc3ccccc23)c1,3.991399828238082,0
Cc1cccc(C)c1,7.0049305099743595,1
Cc1cccc(C)c1NC(=O)Oc1ccc2c(c1)[C@]1(C)CCN(C)[C@@H]1N2C,6.105130343254747,1
Cc1cccc(C2C([N+](=O)[O-])C(Cc3c[nH]cn3)NC23c2ccccc2-c2nc4ccccc4nc23)c1,5.107905397309519,0
Cc1cccc(C2N(C)Cc3cc(O)ccc3N2C)c1,3.359518563029578,0
Cc1cccc(C2NC(=S)Nc3nc4c(c(N)c32)CCCC4)c1,4.995678626217358,0
Cc1cccc(CN2C/C(=C\c3ccccc3)C(=O)/C(=C/c3ccccc3)C2)c1,5.497572880015568,0
Cc1cccc(CN2CCC(CC(=O)NCCc3c[nH]c4ccccc34)CC2)c1,5.334419008982047,0
Cc1cccc(CN2CCC(CCC(=O)c3ccc4c(c3)CCN4)CC2)c1,7.301029995663981,1
Cc1cccc(CN2CCC(CCC(=O)c3ccc4c(c3)NCCCC4)CC2)c1,6.649751981665837,1
Cc1cccc(CN2CCC(CNC(=O)c3cncc(NC(=O)c4ccnc(NC(=O)C5CC5)c4)c3)CC2)c1,2.1962698290254563,0
Cc1cccc(CNC2CCN(Cc3ccccc3)CC2)c1,5.3872161432802645,0
Cc1cccc(COc2ccc3c(C)c(C)c(=O)oc3c2)c1,5.522878745280337,0
Cc1cccc(C[n+]2ccc(C(=O)NCCc3c[nH]c4ccccc34)cc2)c1,5.568636235841012,0
Cc1cccc(C[n+]2ccc(COc3ccc4c(C)cc(=O)oc4c3)cc2)c1,7.077793722560983,1
Cc1cccc(F)c1,7.154901959985743,1
Cc1cccc(NC(=O)Oc2ccc3c(c2)[C@]2(C)CCN(C)[C@@H]2N3C)c1,7.552841968657781,1
Cc1cccc(NC(=O)Oc2ccc3c(c2)[C@]2(C)CCN(C)[C@@H]2N3C)c1C,7.638272163982407,1
Cc1cccc(O)c1,6.324896349341078,1
Cc1cccc(Oc2ccc3nc4c(c(N)c3c2)CCC4)c1,5.277366077466188,0
Cc1cccc(Oc2ccc3nc4c(c(N)c3c2)CCCC4)c1,5.036684488613888,0
Cc1cccc(Oc2ccc3nc4c(c(N)c3c2)CCCCC4)c1,4.911863911299449,0
Cc1cccc([N+](=O)[O-])c1,6.854905871193694,1
Cc1cccc2c1CC(C)C2=O,7.28512224552717,1
Cc1cccc2c1Cc1c-2nc2ccccc2c1N,5.410000161858408,0
Cc1cccc2c1ccc1c3c(c(=O)oc(=O)c12)[C@@H](C)CO3,4.994304818881489,0
Cc1cccc2c3c(ccc12)C1=C(C(=O)C3=O)[C@@H](C)CO1,6.0,1
Cc1cccc2n1cc(-c1ccc(OC(=O)N(C)C)cc1)[n+]2C,5.886056647693163,0
Cc1cccc2n1cc(-c1cccc(OC(=O)N(C)C)c1)[n+]2C,4.619788758288394,0
Cc1cccc2nc3c(c(N)c12)CCC3,6.3819519032879075,1
Cc1cccc2nc3c(c(N)c12)CCCC3,6.953727396197197,1
Cc1cccc2nc3c(c(N)c12)CCCCC3,6.5934598195660445,1
Cc1cccc2nc3c(c(N)c12)CCCO3,6.823908740944319,1
Cc1cccc2sc(NC(=O)CCN3CCN(C(C)(C)C)CC3)nc12,6.09151498112135,1
Cc1cccc2sc(NC(=O)CCN3CCN(C(C)C)CC3)nc12,5.560667306169737,0
Cc1cccc2sc(NC(=O)CCN3CCN(C4CCCCC4)CC3)nc12,4.962175249411658,0
Cc1cccc2sc(NC(=O)CCN3CCN(C4CCN(C)CC4)CC3)nc12,4.9779842601822795,0
Cc1cccc2sc(NC(=O)CCN3CCN(CC4CCCCC4)CC3)nc12,6.468521082957745,1
Cc1cccc2sc(NC(=O)CCN3CCN(CC4CCCO4)CC3)nc12,5.101823516502323,0
Cc1cccc2sc(NC(=O)CCN3CCN(CCCN(C)C)CC3)nc12,6.3872161432802645,1
Cc1cccc2sc(NC(=O)CCN3CCN(CCN(C(C)C)C(C)C)CC3)nc12,6.619788758288394,1
Cc1cccc2sc(NC(=O)CCN3CCN(CCN(C)C)CC3)nc12,6.318758762624412,1
Cc1cccc2sc(NC(=O)CCN3CCN(Cc4cc(F)ccc4F)CC3)nc12,4.898940645091884,0
Cc1cccc2sc(NC(=O)CCN3CCN(Cc4ccc(C(C)(C)C)cc4)CC3)nc12,4.3979400086720375,0
Cc1cccc2sc(NC(=O)CCN3CCN(Cc4cccc5ccccc45)CC3)nc12,4.713768145971447,0
Cc1cccc2sc(NC(=O)CCN3CCN(Cc4ccccc4F)CC3)nc12,5.282329496997738,0
Cc1cccc2sc(NC(=O)CCN3CCN(c4ccccn4)CC3)nc12,4.763714722551971,0
Cc1cccc2sc(NC(=O)CCN3CCN(c4ccncc4)CC3)nc12,4.73969005420508,0
Cc1cccc2sc(NC(=O)CCN3CCN(c4ncccn4)CC3)nc12,4.522589312092748,0
Cc1ccccc1,6.794905046801941,1
Cc1ccccc1-c1nnc(-c2ccc3c(c2)CO[C@@]3(CCCN(C)C)c2ccc(F)cc2)[nH]1,5.021363051615525,0
Cc1ccccc1/C=C1\CN(C(=O)C[C@H]2C[C@H]3CCCN3[C@]23C(=O)Nc2ccccc23)C/C(=C\c2ccccc2C)C1=O,4.904133546521457,0
Cc1ccccc1/C=C1\CN(C(=O)C[C@H]2C[C@H]3CCCN3[C@]23C(=O)Nc2ccccc23)C[C@@]2(C[C@H]3CCCN3[C@@]23C(=O)Nc2ccccc23)C1=O,4.561457651213889,0
Cc1ccccc1/C=C1\CN(C(=O)[C@@H]2CCN(C)[C@]23C(=O)Nc2ccccc23)C[C@]2(C1=O)[C@H](c1ccccc1C)CN(C)[C@]21C(=O)Nc2ccccc21,5.0254883072626715,0
Cc1ccccc1/C=C1\CN(C(=O)[C@H]2C[C@H]3CCCN3[C@]23C(=O)Nc2cc(Cl)ccc23)C/C(=C\c2ccccc2C)C1=O,4.950781977329818,0
Cc1ccccc1C,6.654901959985743,1
Cc1ccccc1C1C([N+](=O)[O-])C(Cc2c[nH]cn2)NC12c1ccccc1-c1nc3ccccc3nc12,4.999132278468773,0
Cc1ccccc1C1N(C)Cc2cc(O)ccc2N1C,3.843450848668219,0
Cc1ccccc1CN(C)CCCCCCCOc1ccc2c(=O)c3ccccc3oc2c1,3.2479515521805613,0
Cc1ccccc1CN1CCC(C(=O)NCCc2c[nH]c3ccccc23)CC1,5.448550002027124,0
Cc1ccccc1CN1CCC(C(=O)Nc2nc(-c3ccc(Cl)cc3)c(-c3ccc(Cl)cc3)s2)CC1,5.958607314841775,0
Cc1ccccc1CN1CCC(C)CC1,8.0,1
Cc1ccccc1CN1CCC(CC(=O)NCCc2c[nH]c3ccccc23)CC1,5.8124792791635365,0
Cc1ccccc1CN1CCC(CCNC(=O)/C=C/c2cc(C(C)(C)C)c(O)c(C(C)(C)C)c2)CC1,5.600326278518962,0
Cc1ccccc1CN1CCC(CNC(=O)c2cncc(NC(=O)c3ccnc(NC(=O)C4CC4)c3)c2)CC1,5.3879582553547305,0
Cc1ccccc1CN1CCC(CNc2nc(-c3ccc(Cl)cc3)c(-c3ccc(Cl)cc3)s2)CC1,6.060480747381382,1
Cc1ccccc1CNCC(=O)Nc1ccc2nc3n(c(=O)c2c1)CCC3,6.924453038607469,1
Cc1ccccc1COc1ccc2c(C)c(C)c(=O)oc2c1,5.522878745280337,0
Cc1ccccc1C[n+]1ccc(COc2ccc3c(C)cc(=O)oc3c2)cc1,7.450996737974212,1
Cc1ccccc1F,6.66490027419387,1
Cc1ccccc1NC(=O)Cn1nc(-c2ccccc2)c(-c2ccccc2)nc1=O,6.020907099361674,1
Cc1ccccc1NC(=O)Oc1ccc2c(c1)C1(C)CCOC1O2,7.638272163982407,1
Cc1ccccc1NC(=O)Oc1ccc2c(c1)C1(C)COC(C1)O2,7.251811972993799,1
Cc1ccccc1NC(=O)Oc1ccc2c(c1)[C@@]1(C)CCN(C)[C@H]1N2C,5.2588484011482155,0
Cc1ccccc1NC(=O)Oc1ccc2c(c1)[C@@]1(C)CCO[C@H]1N2C,6.847711655616943,1
Cc1ccccc1NC(=O)Oc1ccc2c(c1)[C@@]1(C)CCO[C@H]1O2,7.443697499232712,1
Cc1ccccc1NC(=O)Oc1ccc2c(c1)[C@@]1(C)CO[C@H](C1)O2,7.42021640338319,1
Cc1ccccc1NC(=O)Oc1ccc2c(c1)[C@]1(C)CCN(C)C1N2,7.3979400086720375,1
Cc1ccccc1NC(=O)Oc1ccc2c(c1)[C@]1(C)CCN(C)C1N2C,7.991441850196551,1
Cc1ccccc1NC(=O)Oc1ccc2c(c1)[C@]1(C)CCN(C)C1N2Cc1ccccc1,7.0,1
Cc1ccccc1NC(=O)Oc1ccc2c(c1)[C@]1(C)CCN(C)O[C@@H]1N2C,6.756961951313706,1
Cc1ccccc1NC(=O)Oc1ccc2c(c1)[C@]1(C)CCN(C)[C@@H]1N2,7.3979400086720375,1
Cc1ccccc1NC(=O)Oc1ccc2c(c1)[C@]1(C)CCN(C)[C@@H]1N2C,7.877020556793373,1
Cc1ccccc1NC(=O)Oc1ccc2c(c1)[C@]1(C)CCN(CCc3ccccc3)C1N2C,6.259637310505756,1
Cc1ccccc1NC(=O)Oc1ccc2c(c1)[C@]1(C)CCN(Cc3ccccc3)C1N2Cc1ccccc1,5.75448733218585,0
Cc1ccccc1NC(=O)Oc1ccc2c(c1)[C@]1(C)CCNC1N2,6.54515513999149,1
Cc1ccccc1NC(=O)Oc1ccc2c(c1)[C@]1(C)CCNC1N2C,7.769551078621726,1
Cc1ccccc1NC(=O)Oc1ccc2c(c1)[C@]1(C)CCN[C@@H]1N2,6.080921907623926,1
Cc1ccccc1NC(=O)Oc1ccc2c(c1)[C@]1(C)CCOC1N2C,7.886056647693163,1
Cc1ccccc1NC(=O)Oc1ccc2c(c1)[C@]1(C)CCO[C@@H]1N2C,7.886056647693163,1
Cc1ccccc1NC(=O)Oc1ccc2c(c1)[C@]1(C)CCO[C@@H]1O2,7.668621084159213,1
Cc1ccccc1NC(=O)Oc1ccc2c(c1)[C@]1(C)CC[N+](C)(C)C1N2C,7.835647144215563,1
Cc1ccccc1NC(=O)Oc1ccc2c(c1)[C@]1(C)CC[N@@+](C)([O-])[C@@H]1N2C,6.7447274948966935,1
Cc1ccccc1NC(=O)Oc1ccc2c(c1)[C@]1(C)CO[C@@H](C1)O2,7.013228265733755,1
Cc1ccccc1NC1=C([N+](=O)[O-])C2(NN1)C(=O)Nc1c(C(F)(F)F)cccc12,4.770062314092066,0
Cc1ccccc1NC1=C([N+](=O)[O-])C2(NN1)C(=O)Nc1ccc(Br)cc12,4.380072289708532,0
Cc1ccccc1NC1=C([N+](=O)[O-])C2(NN1)C(=O)Nc1ccc([N+](=O)[O-])cc12,4.810229043653126,0
Cc1ccccc1Oc1ccc2nc3c(c(N)c2c1)CCC3,4.549442990581671,0
Cc1ccccc1Oc1ccc2nc3c(c(N)c2c1)CCCC3,5.422508200162774,0
Cc1ccccc1Oc1ccc2nc3c(c(N)c2c1)CCCCC3,5.236572006437063,0
Cc1cn2cc(C(N)=O)ccc2[n+]1C,4.568636235841012,0
Cc1coc2c1c(=O)oc(=O)c1c3c(ccc12)C(C)(C)CCC3,5.479909671887158,0
Cc1n(C)cc[n+]1COC(C)C(C)(C)C,4.481486060122112,0
Cc1nc(C(=O)NCCCCCCCCNc2c3c(nc4ccccc24)CCCC3)cc2c1[nH]c1ccccc12,6.815308569182401,1
Cc1nc(C(=O)NCCCCCCNc2c3c(nc4ccccc24)CCCC3)cc2c1[nH]c1ccccc12,7.033389013318065,1
Cc1nc(C(=O)NCCCCNc2c3c(nc4ccccc24)CCCC3)cc2c1[nH]c1ccccc12,6.488116639021126,1
Cc1nc(N)ncc1-c1nnnn1-c1ccc(-c2ccccc2)cc1,4.568636235841012,0
Cc1nc2cc(C(=O)CCC3CCN(Cc4ccccc4)CC3)ccc2[nH]1,7.920577680079343,1
Cc1nc2ccc(C(=O)CCC3CCN(Cc4ccccc4)CC3)cc2s1,8.168323746217135,1
Cc1nc2ccccn2c(=O)c1CCN1CCN(C(c2ccc(F)cc2)c2ccc(F)cc2)CC1,5.494348158769009,0
Cc1nc2nc3c(c(N)c2c(-c2ccccc2)c1C(=O)OC(C)C)CCCC3,5.920001601921648,0
Cc1nn(S(=O)(=O)c2cc(C(F)(F)F)cc(C(F)(F)F)c2)cc1-c1nsc(Nc2ccccc2)n1,5.585026652029182,0
Clc1ccc(-c2nc(NC3CCN(Cc4ccccc4)CC3)sc2-c2ccc(Cl)cc2)cc1,5.860120913598763,0
Clc1ccc(-c2nnc(N3CCN(c4ccccn4)CC3)o2)cc1,6.991399828238082,1
Clc1ccc(-c2nnc(Nc3ncccn3)o2)cc1,5.540000226349733,0
Clc1ccc(-c2nnc3sc(-c4ccoc4)nn23)cc1,5.7495799976911055,0
Clc1ccc(-n2cc(COc3ccc(/C=N/Nc4c5c(nc6ccccc46)CCCC5)cc3)nn2)cc1,5.153044674980176,0
Clc1ccc(/C=C2/CNCC3=C2N=C2SC=C(c4ccc5ccccc5c4)N2C3c2ccc(Cl)cc2)cc1,5.8696662315049934,0
Clc1ccc(/C=N/C2CCN(Cc3ccccc3)CC2)c(Cl)c1,5.886056647693163,0
Clc1ccc(/C=N/C2CCN(Cc3ccccc3)CC2)cc1,5.823908740944319,0
Clc1ccc(/C=N\C2CCN(Cc3ccccc3)C2)cc1,5.90622821850127,0
Clc1ccc(C(Cn2ccnc2)OCc2csc3c(Cl)cccc23)c(Cl)c1,7.0,1
Clc1ccc(CN2CCC(c3cc4ccccc4o3)CC2)cc1,4.0063433713845376,0
Clc1ccc(CN2CCN(c3nccc(NCc4ccccc4)n3)CC2)cc1,4.694648630553377,0
Clc1ccc(CNC2CCN(Cc3ccccc3)C2)cc1,6.7495799976911055,1
Clc1ccc(CNC2CCN(Cc3ccccc3)CC2)c(Cl)c1,6.207608310501746,1
Clc1ccc(CNC2CCN(Cc3ccccc3)CC2)cc1,6.070581074285707,1
Clc1ccc(CNc2ccnc(NC3CCN(Cc4ccccc4)CC3)n2)cc1,5.055517327849831,0
Clc1ccc(CO/N=C(\Cn2ccnc2)c2ccc(Cl)cc2Cl)c(Cl)c1,5.332874058514011,0
Clc1ccc(COC(Cn2ccnc2)c2ccc(Cl)cc2Cl)c(Cl)c1,4.729111635301168,0
Clc1ccc(COC(Cn2ccnc2)c2ccc(Cl)cc2Cl)cc1,4.864009153078375,0
Clc1ccc(Cn2cc(CNC34CC5CC(CC(C5)C3)C4)nn2)cc1,6.876148359032914,1
Clc1ccc(Cn2cc(CNC3CCCCCC3)nn2)cc1,6.032920265855503,1
Clc1ccc2[nH]c(-c3ccc(OCCN4CCCC4)cc3)nc2c1,5.853871964321762,0
Clc1ccc2[nH]c(-c3ccc(OCCN4CCCCC4)cc3)nc2c1,6.886056647693163,1
Clc1ccc2[nH]c(-c3ccc(OCCN4CCOCC4)cc3)nc2c1,5.011887159731648,0
Clc1ccc2c(NCCCCCCCCNc3c4c(nc5cc(Cl)ccc35)CCCC4)c3c(nc2c1)CCCC3,9.522878745280337,1
Clc1ccc2c(NCCCCCCCNc3c4c(nc5cc(Cl)ccc35)-c3ccccc3C4)c3c(nc2c1)CCCC3,7.91721462968355,1
Clc1ccc2c(NCCCCCCCNc3c4c(nc5cc(Cl)ccc35)CCCC4)c3c(nc2c1)CCCC3,10.154901959985743,1
Clc1ccc2c(NCCCCCCCNc3c4c(nc5ccccc35)-c3ccccc3C4)c3c(nc2c1)CCCC3,8.978810700930062,1
Clc1ccc2c(NCCCCCCCOc3ccc(-c4cc5ccccc5o4)cc3)c3c(nc2c1)CCCC3,6.508638306165727,1
Clc1ccc2c(NCCCCCCCOc3cccc(-c4cc5ccccc5o4)c3)c3c(nc2c1)CCCC3,6.58838029403677,1
Clc1ccc2c(NCCCCCCNc3c4c(nc5cc(Cl)ccc35)CCCC4)c3c(nc2c1)CCCC3,9.221848749616356,1
Clc1ccc2c(NCCCCCN3c4ccccc4Sc4ccccc43)c3c(nc2c1)CCCC3,8.096910013008056,1
Clc1ccc2c(NCCCNCC34CC5CC(CC(C5)C3)C4)ccnc2c1,6.301029995663981,1
Clc1ccc2c(NCCCNCCCCCCOc3cccc4[nH]c5ccccc5c34)c3c(nc2c1)CCCC3,8.590066876668706,1
Clc1ccc2c(NCCCNCCCCCOc3cccc4[nH]c5ccccc5c34)c3c(nc2c1)CCCC3,8.812479279163536,1
Clc1ccc2c(NCCCNCCCCOc3cccc4[nH]c5ccccc5c34)c3c(nc2c1)CCCC3,8.782516055786093,1
Clc1ccc2c(NCCCNCCCOc3cccc4[nH]c5ccccc5c34)c3c(nc2c1)CCCC3,8.667561540084394,1
Clc1ccc2c(NCc3ccccc3)c3c(nc2c1)CCCC3,6.7697811210384575,1
Clc1ccc2c(NCc3ccccn3)c3c(nc2c1)CCCC3,7.045757490560675,1
Clc1ccc2c(Nc3ccccc3)c3c(nc2c1)CCCC3,6.769551078621726,1
Clc1ccc2c(c1)CN1CCCCCC1=N2,6.301029995663981,1
Clc1ccc2c(c1)N=C1CCCCCN1C2,6.801342913045577,1
Clc1ccc2c(c1)Nc1ccccc1S2,5.130768280269024,0
Clc1ccc2c(c1)Nc1ccccc1[Se]2,5.200659450546418,0
Clc1cccc(CNc2ccnc(NC3CCN(Cc4ccccc4)CC3)n2)c1,5.113509274827518,0
Clc1cccc(Cl)c1CO/N=C/c1cc[n+](CCC[n+]2ccc(/C=N/OCc3c(Cl)cccc3Cl)cc2)cc1,5.221848749616356,0
Clc1cccc(Cl)c1CO/N=C/c1cc[n+](CCCc2ccccc2)cc1,6.7447274948966935,1
Clc1cccc2c1CN1CCCCCC1=N2,5.769551078621726,0
Clc1cccc2c1N=C1CCCCCN1C2,5.823908740944319,0
Clc1ccccc1-c1nnc2sc(-c3ccoc3)nn12,5.7495799976911055,0
Clc1ccccc1C(c1ccccc1)(c1ccccc1)n1ccnc1,4.711974464611637,0
Clc1ccccc1CNc1ccnc(NC2CCN(Cc3ccccc3)CC2)n1,5.113509274827518,0
Cn1c(/C=N/O)[n+](C)c2ccccc21,3.910094888560602,0
Cn1c(=O)c2c(ncn2C)n(C)c1=O,5.119831060881602,0
Cn1c(=O)sc2cc(C(=O)CCN3CCN(Cc4ccccc4)CC3)ccc21,6.337242168318426,1
Cn1c2c(c3ccccc31)CC[N+](c1ccc(Br)cc1)=C2,5.823908740944319,0
Cn1c2c(c3ccccc31)CC[N+](c1ccc(I)cc1)=C2,5.823908740944319,0
Cn1c2ccc(O)cc2c2cc[n+](C)cc21,5.742363849907403,0
Cn1c2ccccc2c2cc[n+](-c3ccc(Br)cc3)cc21,6.062808331376469,1
Cn1c2ccccc2c2cc[n+](-c3ccc(Br)cc3Br)cc21,6.958607314841775,1
Cn1c2ccccc2c2cc[n+](-c3ccc(Cl)cc3)cc21,6.387345359137068,1
Cn1c2ccccc2c2cc[n+](-c3ccc(I)cc3)cc21,6.587485420619042,1
Cn1c2nc3ccccc3c-2c(NCCCCCCCCNc2c3c(nc4ccccc24)CCCC3)c2ccccc21,9.022276394711152,1
Cn1c2nc3ccccc3c-2c(NCCCCCCNc2c3c(nc4ccccc24)CCCC3)c2ccccc21,8.903089986991944,1
Cn1c2nc3ccccc3c-2c(NCCCCNc2c3c(nc4ccccc24)CCCC3)c2ccccc21,7.275724130399211,1
Cn1cc(-c2cc3c(cn2)[nH]c2ncc(-c4ccc(CN5CCCCC5)cc4)cc23)cn1,6.058488567365597,1
Cn1cc(C(=O)NCCC2CCN(Cc3ccccc3)CC2)c2ccccc21,5.213958789757445,0
Cn1cc(C(=O)NCCCCCCCNc2c3c(nc4cc(Cl)ccc24)CCCC3)c2ccccc21,7.962573502059376,1
Cn1cc(CC(=O)NCCC2CCN(Cc3ccccc3)CC2)c2ccccc21,5.847711655616943,0
Cn1cc[n+](COCC(C)(C)C)c1/C=N/O,5.075720713938118,0
Cn1cc[n+](COCC2CCCCC2)c1/C=N/O,4.376750709602099,0
Cn1cc[n+](COCC2CCCc3ccccc32)c1/C=N/O,4.251811972993799,0
Cn1cc[n+](COCCCc2ccccc2)c1/C=N/O,4.673664139071248,0
Cn1cc[n+](COC[n+]2ccccc2/C=N/O)c1/C=N/O,4.42021640338319,0
Cn1cc[n+](COC[n+]2ccn(C)c2/C=N/O)c1/C=N/O,5.107905397309519,0
Cn1cc[n+](COCc2cccc3ccccc23)c1/C=N/O,5.42021640338319,0
Cn1cc[n+](COCc2ccccc2)c1/C=N/O,4.251811972993799,0
Cn1ccc2cc(-c3cnc4ccc(C(=O)N5CCCCC5)cc4n3)ccc2c1=O,5.267606240177031,0
Cn1ccc2nc3ccccc3c-2c1,5.060480747381382,0
Cn1ncc2c1-c1c(Br)sc(Br)c1C2NC(=O)CN1CCN(Cc2ccccc2)CC1,6.481486060122112,1
Cn1ncc2c1-c1c(Br)sc(Br)c1C2NC(=O)CN1CCN(Cc2ccccc2F)CC1,6.055517327849831,1
Cn1ncc2c1-c1sccc1C2NC(=O)CN1CCN(Cc2ccccc2)CC1,6.031517051446064,1
Cn1ncc2c1-c1sccc1C2NC(=O)CN1CCN(Cc2ccccc2F)CC1,5.8794260687941495,0
Cn1ncc2cc(C(=O)Nc3ccc(Cl)c(Cl)c3)ccc21,4.106238237942057,0
FC(F)(F)Oc1ccc(-c2nnc(N3CCN(c4ccccn4)CC3)o2)cc1,7.050609993355087,1
FC(F)(F)Oc1ccc(/C=N/C2CCN(Cc3ccccc3)CC2)cc1,6.0,1
FC(F)(F)Oc1ccc(/C=N\C2CCN(Cc3ccccc3)C2)cc1,6.063486257521107,1
FC(F)(F)Oc1ccc(CNC2CCN(Cc3ccccc3)C2)cc1,7.236572006437063,1
FC(F)(F)Oc1ccc(CNC2CCN(Cc3ccccc3)CC2)cc1,6.229147988357855,1
FC(F)(F)c1cc(-c2ccccc2)nnc1NCCN1CCOCC1,3.1307682802690238,0
FC(F)(F)c1ccc(-c2nnc(CNC3CCN(Cc4ccccc4)C3)o2)cc1,7.1938200260161125,1
FC(F)(F)c1ccc(-c2nnc(N3CCN(c4ccccn4)CC3)o2)cc1,6.739928612014925,1
FC(F)(F)c1ccc(-c2nnc(NC3CCN(Cc4ccccc4)CC3)o2)cc1,7.259637310505756,1
FC(F)(F)c1ccc(/C=N/C2CCN(Cc3ccccc3)CC2)cc1,6.356547323513812,1
FC(F)(F)c1ccc(/C=N\C2CCN(Cc3ccccc3)C2)cc1,5.983384452442822,0
FC(F)(F)c1ccc(CN2CCN(c3nccc(NCc4ccccc4)n3)CC2)cc1,4.540607512240769,0
FC(F)(F)c1ccc(CNC2CCN(Cc3ccccc3)C2)cc1,6.892790030352131,1
FC(F)(F)c1ccc(CNC2CCN(Cc3ccccc3)CC2)cc1,6.958607314841775,1
FC12CC3CC(NCCCCCNc4c5c(nc6cc(Cl)ccc46)CCCC5)(CC(C1)c1ccccc13)C2,8.853871964321762,1
FC12CC3CC(NCCCCNc4c5c(nc6cc(Cl)ccc46)CCCC5)(CC(C1)c1ccccc13)C2,8.698970004336019,1
Fc1cc(F)cc(CN2CCC(CNc3nc(-c4ccc(Cl)cc4)c(-c4ccc(Cl)cc4)s3)CC2)c1,6.200659450546418,1
Fc1ccc(-c2nnc(N3CCN(c4ccccn4)CC3)o2)c(F)c1,7.267606240177031,1
Fc1ccc(-c2nnc(N3CCN(c4ccccn4)CC3)o2)cc1,6.866461091629782,1
Fc1ccc(-c2nnc(Nc3ncccn3)o2)cc1,5.620000528471499,0
Fc1ccc(/C=N/C2CCN(Cc3ccccc3)CC2)c(F)c1,5.886056647693163,0
Fc1ccc(/C=N/C2CCN(Cc3ccccc3)CC2)cc1,5.537602002101044,0
Fc1ccc(/C=N\C2CCN(Cc3ccccc3)C2)c(F)c1,6.015472686656207,1
Fc1ccc(/C=N\C2CCN(Cc3ccccc3)C2)cc1,5.972242795309446,0
Fc1ccc(C(c2ccc(F)cc2)N2CCN(CCN3CCCC3)CC2)cc1,7.6777807052660805,1
Fc1ccc(C(c2ccc(F)cc2)N2CCN(CCN3CCCCC3)CC2)cc1,6.898596649444669,1
Fc1ccc(C(c2ccc(F)cc2)N2CCN(CCN3CCOCC3)CC2)cc1,6.546375926408549,1
Fc1ccc(CN2CCC(CNc3nc(-c4ccc(Cl)cc4)c(-c4ccc(Cl)cc4)s3)CC2)c(C(F)(F)F)c1,5.906578314837764,0
Fc1ccc(CN2CCC(CNc3nc(-c4ccc(Cl)cc4)c(-c4ccc(Cl)cc4)s3)CC2)c(Cl)c1,6.2839966563652006,1
Fc1ccc(CN2CCC(Nc3nc(-c4ccc(Cl)cc4)c(-c4ccc(Cl)cc4)s3)CC2)c(Cl)c1,6.431798275933005,1
Fc1ccc(CN2CCC(c3cc4ccccc4o3)CC2)cc1,4.671620396561262,0
Fc1ccc(CN2CCN(c3nccc(NCc4ccccc4)n3)CC2)cc1,4.665546248849069,0
Fc1ccc(CNC2CCN(Cc3ccccc3)C2)c(F)c1,7.161150909262744,1
Fc1ccc(CNC2CCN(Cc3ccccc3)C2)cc1,6.826813731587726,1
Fc1ccc(CNC2CCN(Cc3ccccc3)CC2)c(F)c1,6.1487416512809245,1
Fc1ccc(CNC2CCN(Cc3ccccc3)CC2)cc1,5.920818753952375,0
Fc1ccc(CNc2ccnc(NC3CCN(Cc4ccccc4)CC3)n2)cc1,5.113509274827518,0
Fc1ccc(C[n+]2ccc(CCNc3nc4ccc(F)cc4s3)cc2)cc1,6.570247719997592,1
Fc1ccc(Cc2nnc3sc(-c4ccoc4)nn23)cc1,5.7495799976911055,0
Fc1ccc(N(Cc2ccc3c(c2)OCO3)C(=S)Nc2cccc(C(F)(F)F)c2)cc1,5.096910013008056,0
Fc1ccc2[nH]c3c(c2c1)CN(Cc1ccccc1)CC3,4.7544873321858505,0
Fc1ccc2[nH]c3c(c2c1)C[PH](Cc1cccc2ccccc12)(c1ccccc1)CC3,5.675511766692344,0
Fc1ccc2[nH]c3ccncc3c2c1,4.943095148663527,0
Fc1ccc2c(C3CCN(CCN4CCCC4)CC3)noc2c1,5.482804102050025,0
Fc1ccc2c(C3CCN(CCN4CCCCC4)CC3)noc2c1,5.653647025549361,0
Fc1ccc2c(NCCCCCCCCNc3c4c(nc5cc(F)ccc35)CCCC4)c3c(nc2c1)CCCC3,9.154901959985743,1
Fc1ccc2c(NCCCCCCCNc3c4c(nc5cc(F)ccc35)CCCC4)c3c(nc2c1)CCCC3,9.221848749616356,1
Fc1ccc2c(NCCCCCCNc3c4c(nc5cc(F)ccc35)CCCC4)c3c(nc2c1)CCCC3,9.045757490560675,1
Fc1cccc(-c2cnc3cccnc3n2)c1,6.096910013008056,1
Fc1cccc(Cc2nnc3sc(-c4ccoc4)nn23)c1,5.7495799976911055,0
Fc1ccccc1-c1ccc(N[C@H]2C[C@@H]3CN(CC4CCOCC4)C[C@@H]3C2)nn1,8.769551078621726,1
Fc1ccccc1Cc1nnc2sc(-c3ccoc3)nn12,5.7495799976911055,0
ICC1CN=C(Nc2ccccn2)S1,4.1487416512809245,0
N#CC(C#N)=C1NCCN1CCNCc1ccc(CN2CC=CCC2)o1,7.022276394711152,1
N#CC(C#N)=C1NCCN1CCNCc1ccc(CN2CCC(O)CC2)o1,6.4089353929735005,1
N#CC(C#N)=C1NCCN1CCNCc1ccc(CN2CCCC(O)C2)o1,6.431798275933005,1
N#CC(C#N)=C1NCCN1CCNCc1ccc(CN2CCCC2)o1,7.096910013008056,1
N#CC(C#N)=C1NCCN1CCNCc1ccc(CN2CCCCC2)o1,7.522878745280337,1
N#CC(C#N)=C1NCCN1CCNCc1ccc(CN2CCCCCC2)o1,6.920818753952375,1
N#CC(C#N)=C1NCCN1CCNCc1ccc(CN2CCOCC2)o1,4.958607314841775,0
N#CC(C#N)=C1NCCN1CCNCc1ccc(CN2CCSCC2)o1,5.823908740944319,0
N#CC(C#N)=C1Nc2ccccc2N1CCNCc1ccc(CN2CCCCC2)o1,7.136677139879544,1
N#CC(c1ccc(O)cc1)N1CCCCC1,4.031517051446065,0
N#CC(c1ccc2c(c1)OCO2)N1CCCC1,4.292429823902063,0
N#CC(c1ccc2c(c1)OCO2)N1CCCCC1,4.211831628858833,0
N#CC(c1ccc2c(c1)OCO2)N1CCOCC1,4.236572006437063,0
N#CC1=C(N)N(Cc2ccccc2)C(NCc2ccccc2)=C([N+](=O)[O-])C12C(=O)Nc1ccc(F)cc12,5.450996737974212,0
N#CC1=C(N)N(Cc2ccccc2)C(NCc2ccccc2)=C([N+](=O)[O-])C12C(=O)Nc1ccc([N+](=O)[O-])cc12,5.4723700991286615,0
N#CC1=C(N)N(Cc2ccccc2)C(NCc2ccccc2)=C([N+](=O)[O-])C12C(=O)Nc1ccccc12,5.402304814074488,0
N#CC1=C(N)N(Cc2ccccc2)C(NCc2ccccc2)=C([N+](=O)[O-])C12C(=O)c1ccc(Br)c3c(Br)ccc2c13,5.204815410317575,0
N#CC1=C(N)N(Cc2ccccc2)C(NCc2ccccc2)=C([N+](=O)[O-])C12C(=O)c1cccc3cccc2c13,5.2247537402597635,0
N#CC1=C(N)N(Cc2ccccc2)C(NCc2ccccc2)=C([N+](=O)[O-])C12c1ccccc1-c1nc3ccc([N+](=O)[O-])cc3nc12,5.356547323513812,0
N#CC1=C(N)N(Cc2ccccc2)C(NCc2ccccc2)=C([N+](=O)[O-])C12c1ccccc1-c1nc3ccccc3nc12,5.275724130399211,0
N#CC1=C(N)N2CCCNC2=C([N+](=O)[O-])C12C(=O)Nc1ccc(F)cc12,6.376750709602099,1
N#CC1=C(N)N2CCCNC2=C([N+](=O)[O-])C12C(=O)Nc1ccc([N+](=O)[O-])cc12,5.939302159646388,0
N#CC1=C(N)N2CCCNC2=C([N+](=O)[O-])C12C(=O)Nc1ccccc12,5.991399828238082,0
N#CC1=C(N)N2CCCNC2=C([N+](=O)[O-])C12C(=O)c1ccc(Br)c3c(Br)ccc2c13,5.1732774798310075,0
N#CC1=C(N)N2CCCNC2=C([N+](=O)[O-])C12C(=O)c1cccc3cccc2c13,5.1811145854059895,0
N#CC1=C(N)N2CCCNC2=C([N+](=O)[O-])C12c1ccccc1-c1nc3ccc([N+](=O)[O-])cc3nc12,5.4089353929735005,0
N#CC1=C(N)N2CCCNC2=C([N+](=O)[O-])C12c1ccccc1-c1nc3ccccc3nc12,5.376750709602099,0
N#CC1=C(N)N2CCNC2=C([N+](=O)[O-])C12C(=O)Nc1ccc(F)cc12,5.482804102050025,0
N#CC1=C(N)N2CCNC2=C([N+](=O)[O-])C12C(=O)Nc1ccc([N+](=O)[O-])cc12,5.489454989793388,0
N#CC1=C(N)N2CCNC2=C([N+](=O)[O-])C12C(=O)Nc1ccccc12,5.314258261397736,0
N#CC1=C(N)N2CCNC2=C([N+](=O)[O-])C12C(=O)c1ccc(Br)c3c(Br)ccc2c13,5.195860567664649,0
N#CC1=C(N)N2CCNC2=C([N+](=O)[O-])C12C(=O)c1cccc3cccc2c13,5.149966742310231,0
N#CC1=C(N)N2CCNC2=C([N+](=O)[O-])C12c1ccccc1-c1nc3ccc([N+](=O)[O-])cc3nc12,5.187086643357144,0
N#CC1=C(N)N2CCNC2=C([N+](=O)[O-])C12c1ccccc1-c1nc3ccccc3nc12,5.1938200260161125,0
N#Cc1c(Cl)nc(NC2CCN(Cc3ccccc3)CC2)c(C#N)c1-c1ccccc1,5.0254883072626715,0
N#Cc1c(Cl)nc(NCCC2CCN(Cc3ccccc3)CC2)c(C#N)c1-c1ccccc1,5.356547323513812,0
N#Cc1c(Cl)nc(NCCCC2CCN(Cc3ccccc3)CC2)c(C#N)c1-c1ccccc1,5.413412695328245,0
N#Cc1c(Cl)nc(NCCCCC2CCN(Cc3ccccc3)CC2)c(C#N)c1-c1ccccc1,7.508638306165727,1
N#Cc1c(N)nc(NC2CCN(Cc3ccccc3)CC2)c(C#N)c1-c1ccccc1,5.055517327849831,0
N#Cc1c(N)nc(NCCC2CCN(Cc3ccccc3)CC2)c(C#N)c1-c1ccccc1,6.4089353929735005,1
N#Cc1c(N)nc(NCCCC2CCN(Cc3ccccc3)CC2)c(C#N)c1-c1ccccc1,6.619788758288394,1
N#Cc1c(N)nc(NCCCCC2CCN(Cc3ccccc3)CC2)c(C#N)c1-c1ccccc1,6.920818753952375,1
N#Cc1c(NCCC2CCN(Cc3ccccc3)CC2)nc(NCCC2CCN(Cc3ccccc3)CC2)c(C#N)c1-c1ccccc1,5.010105436281227,0
N#Cc1cc(-c2ccccc2)nnc1NCCN1CCOCC1,4.0,0
N#Cc1cc(C#N)c(NC2CCN(Cc3ccccc3)CC2)nc1Cl,5.2716462179787715,0
N#Cc1cc(C#N)c(NC2CCN(Cc3ccccc3)CC2)nc1N,5.508638306165727,0
N#Cc1cc(C#N)c(NC2CCN(Cc3ccccc3)CC2)nc1NC1CCN(Cc2ccccc2)CC1,5.136677139879544,0
N#Cc1cc(C#N)c(NCCC2CCN(Cc3ccccc3)CC2)nc1Cl,6.508638306165727,1
N#Cc1cc(C#N)c(NCCC2CCN(Cc3ccccc3)CC2)nc1N,6.657577319177793,1
N#Cc1cc(C#N)c(NCCCC2CCN(Cc3ccccc3)CC2)nc1Cl,7.267606240177031,1
N#Cc1cc(C#N)c(NCCCC2CCN(Cc3ccccc3)CC2)nc1N,8.0268721464003,1
N#Cc1cc(C#N)c(NCCCCC2CCN(Cc3ccccc3)CC2)nc1Cl,7.886056647693163,1
N#Cc1cc(C#N)c(NCCCCC2CCN(Cc3ccccc3)CC2)nc1N,7.154901959985743,1
N#Cc1cc2c(cn1)[nH]c1ncc(-c3ccc(CN4CCC(C#N)CC4)cc3)cc12,5.570247719997592,0
N#Cc1cc2c(cn1)[nH]c1ncc(-c3ccc(CN4CCC(F)CC4)cc3)cc12,6.050609993355087,1
N#Cc1cc2c(cn1)[nH]c1ncc(-c3ccc(CN4CCC(O)CC4)cc3)cc12,6.422508200162774,1
N#Cc1cc2c(cn1)[nH]c1ncc(-c3ccc(CN4CCC5(CC4)COC5)cc3)cc12,5.616184634019569,0
N#Cc1cc2c(cn1)[nH]c1ncc(-c3ccc(CN4CCCCC4)cc3)cc12,6.47755576649368,1
N#Cc1cc2c(cn1)[nH]c1ncc(-c3ccc(CN4CCCCC4)nc3)cc12,6.7281583934635005,1
N#Cc1cc2c(cn1)[nH]c1ncc(-c3ccc(CN4CCC[C@@H](O)C4)cc3)cc12,6.149966742310231,1
N#Cc1cc2c(cn1)[nH]c1ncc(-c3ccc(CN4CCOCC4)cc3)cc12,4.876148359032914,0
N#Cc1cc2c(cn1)[nH]c1ncc(-c3nc(CN4CCCCC4)cs3)cc12,7.7447274948966935,1
N#Cc1ccc(C(=O)n2cc(/C=C3\CN(Cc4ccccc4)CCC3=O)c3ccccc32)cc1,4.698970004336019,0
N#Cc1ccc(CN2CCC(Nc3nc(-c4ccc(Cl)cc4)c(-c4ccc(Cl)cc4)s3)CC2)cc1,5.991399828238082,0
N#Cc1ccc(C[n+]2ccc(C(=O)NCCc3c[nH]c4ccccc34)cc2)cc1,4.640164517660112,0
N#Cc1ccc2[nH]cc(CCC(=O)NCCCCCCNc3c4c(nc5cc(Cl)ccc35)CCCC4)c2c1,9.154901959985743,1
N#Cc1ccc2[nH]cc(CCCCN3CCN(c4ccc(C(=O)CCC5CCN(Cc6ccccc6)CC5)cc4)CC3)c2c1,9.236572006437063,1
N#Cc1ccc2c(CCC3CCN(Cc4ccccc4)CC3)noc2c1,6.995753901349707,1
N#Cc1cccc(NC(=O)Cn2nc(-c3ccccc3)c(-c3ccccc3)nc2=O)c1,5.902395671125589,0
N#Cc1ccccc1-c1ccc(CN2CCN(C(c3ccc(F)cc3)c3ccc(F)cc3)CC2)cc1,7.133122185662501,1
N#Cc1ccccc1CN1CCC(C(=O)Nc2nc(-c3ccc(Cl)cc3)c(-c3ccc(Cl)cc3)s2)CC1,5.752026733638193,0
N#Cc1ccccc1CNCC(=O)Nc1ccc2nc3n(c(=O)c2c1)CCC3,7.774690718274137,1
N#Cc1ccccc1NC(=O)Cn1nc(-c2ccccc2)c(-c2ccccc2)nc1=O,5.730253626869233,0
N#Cc1cccnc1N1CCN(c2cc(Oc3cccc4cccnc34)ncn2)CC1,7.443697499232712,1
N/C(=N\O)c1cc[n+](CCC[n+]2ccc(/C=N/O)cc2)cc1,3.536107011014093,0
N/C(=N\O)c1nc(CCCCCNc2c3c(nc4ccccc24)CCCC3)ccc1O,6.585026652029182,1
N=c1c2ccc(Cl)cc2nc2n1CCCCC2,5.899629454882437,0
NC(=O)Cc1nc(NCCc2ccccc2)c2ccccc2n1,5.136677139879544,0
NC(=O)Cc1nc(NCc2ccccc2)c2ccccc2n1,5.142667503568731,0
NC(=O)Nc1nc(NCCc2ccccc2)c2ccccc2n1,5.102372908709558,0
NC(=O)Nc1nc(NCc2ccccc2)c2ccccc2n1,5.080921907623926,0
NC(=O)O,4.173925197299173,0
NC(=O)c1cc2c(cn1)[nH]c1ncc(-c3ccc(CN4CCCCC4)cc3)cc12,6.66354026615147,1
NC(=O)c1cc[n+](C/C=C/C[n+]2ccc(/C=N/O)cc2)cc1,3.247183568811728,0
NC(=O)c1cc[n+](CCCCC[n+]2cccc(NC(=O)/C=N\O)c2)cc1,3.1135092748275177,0
NC(=O)c1cc[n+](CCCC[n+]2cccc(NC(=O)/C=N\O)c2)cc1,2.806875401645538,0
NC(=O)c1cc[n+](CCC[n+]2ccc(/C=N/O)cc2)cc1,3.148130399270234,0
NC(=O)c1cc[n+](CCC[n+]2cccc(NC(=O)/C=N\O)c2)cc1,2.7772835288524167,0
NC(=O)c1cc[n+](CC[n+]2cccc(NC(=O)/C=N\O)c2)cc1,2.7281583934635005,0
NC(=O)c1cc[n+](COC[n+]2ccccc2/C=N/O)cc1,3.6696014777960264,0
NC(=O)c1ccc2c(CCC3CCN(Cc4ccccc4)CC3)noc2c1,8.229909161079352,1
NC(=O)c1sc(-c2ccnc(NC(=O)C3CC3)c2)nc1OCC1CCN(Cc2ccccc2)CC1,5.823908740944319,0
NC(=O)c1sc(-c2ccnc(NC(=O)C3CC3)c2)nc1OCCC1CCN(Cc2c(F)cccc2F)CC1,4.709965388637482,0
NC(=O)c1sc(-c2ccnc(NC(=O)C3CC3)c2)nc1OCCC1CCN(Cc2ccc(F)c(F)c2)CC1,4.368556230986828,0
NC(=O)c1sc(-c2ccnc(NC(=O)C3CC3)c2)nc1OCCC1CCN(Cc2ccc(F)cc2)CC1,5.346787486224656,0
NC(=O)c1sc(-c2ccnc(NC(=O)C3CC3)c2)nc1OCCC1CCN(Cc2cccc(F)c2)CC1,5.327902142064282,0
NC(=O)c1sc(-c2ccnc(NC(=O)C3CC3)c2)nc1OCCC1CCN(Cc2ccccc2)CC1,6.136677139879544,1
NC(=O)c1sc(-c2ccnc(NC(=O)C3CC3)c2)nc1OCCC1CCN(Cc2ccccc2Cl)CC1,5.431798275933005,0
NC(=O)c1sc(-c2ccnc(NC(=O)C3CC3)c2)nc1OCCC1CCN(Cc2ccccc2F)CC1,5.107905397309519,0
NC(=O)c1sc(-c2ccnc(NC(=O)C3CC3)c2)nc1OCCC1CCN(Cc2ccccn2)CC1,5.180456064458131,0
NC(=O)c1sc(-c2ccnc(NC(=O)C3CC3)c2)nc1OCCCC1CCN(Cc2ccc(F)cc2)CC1,6.508638306165727,1
NC(=O)c1sc(-c2ccnc(NC(=O)C3CC3)c2)nc1OCCCC1CCN(Cc2cccc(F)c2)CC1,5.522878745280337,0
NC(=O)c1sc(-c2ccnc(NC(=O)C3CC3)c2)nc1OCCCC1CCN(Cc2ccccc2)CC1,6.42021640338319,1
NC(=O)c1sc(-c2ccnc(NC(=O)C3CC3)c2)nc1OCCCC1CCN(Cc2ccccc2F)CC1,5.8794260687941495,0
NC(=O)c1sc(-c2ccnc(NC(=O)C3CC3)c2)nc1OCCNc1c2c(nc3ccccc13)CCCC2,6.522878745280337,1
NC(=O)c1sc(-c2ccnc(NC(=O)CNCCNc3c4c(nc5ccccc35)CCCC4)c2)nc1OCC1CC1,9.096910013008056,1
NC(=S)NNC=C1C(=O)NC(=O)NC1=O,3.9240517753559647,0
NC(Cc1c[nH]c2ccccc12)C(=O)NCCCCCCNc1c2c(nc3cc(Cl)ccc13)CCCC2,8.130768280269024,1
NC12CC(C(F)(F)F)=CC(Cc3nc(O)ccc31)/C2=C\C(F)(F)F,5.522878745280337,0
NC12CC3CC(F)(CC(C1)c1cc(NC(=O)CCCCNc4c5c(nc6cc(Cl)ccc46)CCCC5)ccc13)C2,8.602059991327963,1
NC12CC3CC(F)(CC(C1)c1cc(NC(=O)CCCNc4c5c(nc6cc(Cl)ccc46)CCCC5)ccc13)C2,9.522878745280337,1
NC1=C2CCCCC2=NC2CCCCC12,6.4399976732266335,1
NCCCCCCCCCCCCNc1c2c(nc3ccccc13)CCCC2,6.7447274948966935,1
NCCCCCCCCCCNc1c2c(nc3ccccc13)CCCC2,6.8326826652518236,1
NCCCCCCCCCNc1c2c(nc3ccccc13)CCCC2,6.882728704344236,1
NCCCCCCCCNc1c2c(nc3ccccc13)CCCC2,7.050609993355087,1
NCCCCCCCNc1c2c(nc3ccccc13)CCCC2,6.496209316942819,1
NCCCCCCNC1=CC(=O)c2ccccc2C1=O,4.1904402853647325,0
NCCCCCCNCCSSCCNCCCCCCN,3.300000003143145,0
NCCCNc1c2c(nc3cc(Cl)ccc13)CCCC2,7.667561540084394,1
NS(=O)(=O)c1ccc(-n2cc(COc3ccc(/C=N/Nc4c5c(nc6ccccc46)CCCC5)cc3)nn2)cc1,5.954677021213342,0
NS(=O)(=O)c1ccc(NC(=S)NCCN2CCCCC2)cc1,4.045757490560675,0
NS(=O)(=O)c1ccc(NC(=S)NNc2c3c(nc4ccccc24)CCCC3)cc1,6.017276612331455,1
N[C@@H](CO)C(=O)O,4.416687848016922,0
N[C@@H](Cc1c[nH]c2ccccc12)C(=O)NCCCCCCCCNc1c2c(nc3cc(Cl)ccc13)CCCC2,7.301029995663981,1
N[C@@H](Cc1c[nH]c2ccccc12)C(=O)NCCCCCCCCNc1c2c(nc3ccccc13)CCCC2,7.119186407719209,1
N[C@@H](Cc1c[nH]c2ccccc12)C(=O)NCCCCCCCNc1c2c(nc3cc(Cl)ccc13)CCCC2,7.721246399047171,1
N[C@@H](Cc1c[nH]c2ccccc12)C(=O)NCCCCCCCNc1c2c(nc3ccccc13)CCCC2,6.920818753952375,1
N[C@@H](Cc1c[nH]c2ccccc12)C(=O)NCCCCCCNc1c2c(nc3cc(Cl)ccc13)CCCC2,8.200315045651141,1
N[C@@H](Cc1c[nH]c2ccccc12)C(=O)NCCCCCCNc1c2c(nc3ccccc13)CCCC2,6.96859623341392,1
N[C@@H](Cc1c[nH]c2ccccc12)C(=O)NCCCCCNc1c2c(nc3cc(Cl)ccc13)CCCC2,7.119186407719209,1
N[C@@H](Cc1c[nH]c2ccccc12)C(=O)NCCCCCNc1c2c(nc3ccccc13)CCCC2,6.494850021680094,1
N[C@@H](Cc1c[nH]c2ccccc12)C(=O)NCCCCNc1c2c(nc3cc(Cl)ccc13)CCCC2,7.207608310501746,1
N[C@@H](Cc1c[nH]c2ccccc12)C(=O)NCCCCNc1c2c(nc3ccccc13)CCCC2,5.886056647693163,0
N[C@@H](Cc1c[nH]c2ccccc12)C(=O)NCCCNc1c2c(nc3cc(Cl)ccc13)CCCC2,7.154901959985743,1
N[C@@H](Cc1c[nH]c2ccccc12)C(=O)NCCCNc1c2c(nc3ccccc13)CCCC2,6.236572006437063,1
N[C@@H](Cc1c[nH]c2ccccc12)C(=O)NCCNc1c2c(nc3cc(Cl)ccc13)CCCC2,6.795880017344075,1
N[C@@H](Cc1c[nH]c2ccccc12)C(=O)NCCNc1c2c(nc3ccccc13)CCCC2,6.136677139879544,1
N[C@H](Cc1c[nH]c2ccccc12)C(=O)NCCCCCCNc1c2c(nc3cc(Cl)ccc13)CCCC2,8.161150909262744,1
Nc1c2c(nc3c(Br)cc(Br)cc13)CCC2,4.82102305270683,0
Nc1c2c(nc3c(Br)cc(Br)cc13)CCCC2,5.285670240254767,0
Nc1c2c(nc3c(Br)cc(Br)cc13)CCCCC2,4.82102305270683,0
Nc1c2c(nc3c(Cl)cc(Cl)cc13)CCC2,4.882728704344236,0
Nc1c2c(nc3c(Cl)cc(Cl)cc13)CCCC2,5.362510270487489,0
Nc1c2c(nc3c(Cl)cc(Cl)cc13)CCCCC2,5.043831569524636,0
Nc1c2c(nc3c(Cl)cccc13)C1CCC2C1,7.072095917429872,1
Nc1c2c(nc3c(Cl)cccc13)CCCC2,7.160900110207015,1
Nc1c2c(nc3c1C(c1c(Cl)cccc1Cl)c1ccc4ccccc4c1O3)CCCC2,5.396855627379818,0
Nc1c2c(nc3c1C(c1ccc(Cl)c(Cl)c1)c1ccc4ccccc4c1O3)CCCC2,5.2949920406666635,0
Nc1c2c(nc3c1C(c1ccc(Cl)cc1)NC(=S)N3)CCCC2,5.277366077466188,0
Nc1c2c(nc3c1C(c1ccc(F)cc1)NC(=S)N3)CCCC2,4.508638306165727,0
Nc1c2c(nc3c1C(c1ccc(O)cc1)c1ccc4ccccc4c1O3)CCCC2,5.106238237942057,0
Nc1c2c(nc3c1C(c1ccc([N+](=O)[O-])cc1)c1ccc4ccccc4c1O3)CCCC2,5.241088107602026,0
Nc1c2c(nc3c1C(c1ccc4c(c1)OCO4)NC(=S)N3)CCCC2,5.087246696328677,0
Nc1c2c(nc3c1C(c1cccc(Br)c1)NC(=S)N3)CCCC2,7.428291168191312,1
Nc1c2c(nc3c1C(c1cccc(F)c1)c1ccc4cccnc4c1O3)CCCC2,5.657577319177793,0
Nc1c2c(nc3c1C(c1cccc([N+](=O)[O-])c1)NC(=S)N3)CCCC2,4.525783735923745,0
Nc1c2c(nc3c1C(c1ccccc1)NC(=S)N3)CCCC2,4.966576244513051,0
Nc1c2c(nc3c1C(c1ccccc1)c1ccc4ccccc4c1O3)CCCC2,6.522878745280337,1
Nc1c2c(nc3c1C(c1ccccc1)c1ccc4cccnc4c1O3)CCCC2,5.761953896871205,0
Nc1c2c(nc3c1CCC3)CCCC2,6.181774106386044,1
Nc1c2c(nc3c1CCCC3)CCCC2,6.443697499232712,1
Nc1c2c(nc3c1CCCO3)CCC2,5.950781977329818,0
Nc1c2c(nc3c1CCCO3)CCCC2,6.341988603342887,1
Nc1c2c(nc3c1cc(-c1ccccc1)n3-c1ccccc1)CCCC2,4.341988603342887,0
Nc1c2c(nc3cc(Br)ccc13)CCCC2,7.180456064458131,1
Nc1c2c(nc3cc(Cl)c(Cl)cc13)CCCC2,6.326449964145744,1
Nc1c2c(nc3cc(Cl)ccc13)-c1ccccc1C2,5.180000294489514,0
Nc1c2c(nc3cc(Cl)ccc13)C1CCC2C1,8.348385766876408,1
Nc1c2c(nc3cc(Cl)ccc13)CC(CNC(=O)CCCCC1CCSS1)CC2,5.962573502059376,0
Nc1c2c(nc3cc(Cl)ccc13)CCCC2,7.986587514067752,1
Nc1c2c(nc3cc(Cl)ccc13)C[C@H]1C=C(CCCCn3cc(CO)nn3)C[C@H]2C1,9.366531544420413,1
Nc1c2c(nc3cc(F)ccc13)-c1ccccc1C2,5.920001601921648,0
Nc1c2c(nc3cc(F)ccc13)CCCC2,7.06023129618686,1
Nc1c2c(nc3cc([N+](=O)[O-])ccc13)-c1ccccc1C2,4.169999984192581,0
Nc1c2c(nc3cc([N+](=O)[O-])ccc13)CCCC2,7.551450489942221,1
Nc1c2c(nc3ccc(Br)cc13)CCC2,5.244887733604928,0
Nc1c2c(nc3ccc(Br)cc13)CCCC2,5.319664486585436,0
Nc1c2c(nc3ccc(Br)cc13)CCCCC2,4.860120913598763,0
Nc1c2c(nc3ccc(Cl)cc13)C1CCC2C1,5.959303300184228,0
Nc1c2c(nc3ccc(Cl)cc13)CCC2,5.801342913045577,0
Nc1c2c(nc3ccc(Cl)cc13)CCCC2,6.055579722651091,1
Nc1c2c(nc3ccc(Cl)cc13)CCCCC2,5.065501548756432,0
Nc1c2c(nc3ccc(Cl)cc13)OCCC2,5.0041654963100255,0
Nc1c2c(nc3ccc(F)cc13)CCC2,6.1791420105603,1
Nc1c2c(nc3ccc(F)cc13)CCCC2,6.009661145212398,1
Nc1c2c(nc3ccc(F)cc13)CCCCC2,6.204815410317575,1
Nc1c2c(nc3ccc(O)cc13)CCCC2,6.790002703917631,1
Nc1c2c(nc3ccc(Oc4ccc(Cl)cc4)cc13)CCC2,5.2949920406666635,0
Nc1c2c(nc3ccc(Oc4ccc(Cl)cc4)cc13)CCCC2,5.534617148551582,0
Nc1c2c(nc3ccc(Oc4ccc(Cl)cc4)cc13)CCCCC2,5.374687549038326,0
Nc1c2c(nc3ccc(Oc4ccccc4)cc13)CCC2,5.192464971931146,0
Nc1c2c(nc3ccc(Oc4ccccc4)cc13)CCCC2,5.619788758288394,0
Nc1c2c(nc3ccc(Oc4ccccc4)cc13)CCCCC2,5.270835210307229,0
Nc1c2c(nc3ccc([N+](=O)[O-])cc13)CCCC2,5.5214394963443505,0
Nc1c2c(nc3cccc(Cl)c13)C1CCC2C1,7.372333348962458,1
Nc1c2c(nc3cccc(Cl)c13)CCCC2,7.7355099516834676,1
Nc1c2c(nc3cccc(Cl)c13)CCCCC2,3.6516951369518393,0
Nc1c2c(nc3cccc(Cl)c13)OCCC2,6.504455662453552,1
Nc1c2c(nc3cccc(F)c13)C1CC(C2)C1,7.540004743952609,1
Nc1c2c(nc3cccc(F)c13)CCCC2,7.103960417380064,1
Nc1c2c(nc3cccc(F)c13)OCCC2,6.474955192963154,1
Nc1c2c(nc3ccccc13)-c1cc(Br)ccc1CC2,3.841336019186011,0
Nc1c2c(nc3ccccc13)-c1ccc(Cl)cc1C2,5.269999835325843,0
Nc1c2c(nc3ccccc13)-c1ccc(F)cc1C2,6.35999585346894,1
Nc1c2c(nc3ccccc13)-c1ccccc1C2,6.265329057003569,1
Nc1c2c(nc3ccccc13)-c1ccccc1CC2,4.978791005928375,0
Nc1c2c(nc3ccccc13)-c1ccccc1CCC2,3.779630367548606,0
Nc1c2c(nc3ccccc13)-c1ccccc1CO2,3.6108339156354674,0
Nc1c2c(nc3ccccc13)-c1ccccc1CS2,4.730954290342377,0
Nc1c2c(nc3ccccc13)-c1ccccc1NCC2,4.158640529545145,0
Nc1c2c(nc3ccccc13)-c1ccccc1NCCC2,3.4077121840478695,0
Nc1c2c(nc3ccccc13)C(O)CCC2,6.302777661989991,1
Nc1c2c(nc3ccccc13)C1CCC2C1,7.207172112967534,1
Nc1c2c(nc3ccccc13)CC(O)CC2,6.162635088722674,1
Nc1c2c(nc3ccccc13)CCC(O)C2,5.7157231439752785,0
Nc1c2c(nc3ccccc13)CCC2,5.986992108797664,0
Nc1c2c(nc3ccccc13)CCCC2,6.7106016005089435,1
Nc1c2c(nc3ccccc13)CCCC2O,6.319756888372801,1
Nc1c2c(nc3ccccc13)CCCCC2,7.4089353929735005,1
Nc1c2c(nc3ccccc13)CCCCCC2,5.040958607678906,0
Nc1c2c(nc3ccccc13)CCCc1ccccc1-2,4.4179366370882915,0
Nc1c2c(nc3ccccc13)OCCC2,6.577556539204941,1
Nc1c2c(nc3cnccc13)CCCC2,5.585026652029182,0
Nc1c2c(nc3cnccc13)OCCC2,5.878375346190748,0
Nc1c2c(nc3nc(-c4ccccc4)cc(C(F)(F)F)c13)-c1ccccc1C2,4.755475488429917,0
Nc1c2c(nc3nc(-c4ccccc4)cc(C(F)(F)F)c13)-c1ccccc1CC2,4.6356366453842694,0
Nc1c2c(nc3nc(-c4ccccc4)cc(C(F)(F)F)c13)CCC2,5.094204119632131,0
Nc1c2c(nc3nc(-c4ccccc4)cc(C(F)(F)F)c13)CCCC2,6.455931955649724,1
Nc1c2c(nc3nc(-c4ccccc4)cc(C(F)(F)F)c13)CCCCC2,4.994390554639719,0
Nc1c2c(nc3nc(-c4ccccc4)cc(C(F)(F)F)c13)CCCCCC2,5.114073660198569,0
Nc1c2c(nc3ncccc13)CCCC2,6.367542707815275,1
Nc1c2c(nc3ncccc13)OCCC2,5.201643586914228,0
Nc1c2ccccc2nc2c1cnc1cc(Cl)ccc12,3.0,0
Nc1cc(-c2ccc(Cl)cc2)nc2nc(-c3ccccc3)cc(C(F)(F)F)c12,6.2839966563652006,1
Nc1cc(-c2ccc(F)cc2)nc2nc(-c3ccccc3)cc(C(F)(F)F)c12,5.181774106386044,0
Nc1cc(-c2cccc(F)c2)nc2nc(-c3ccccc3)cc(C(F)(F)F)c12,5.153044674980176,0
Nc1cc(-c2ccccc2)nc2ccccc12,4.940058111938045,0
Nc1cc(-c2ccccc2)nc2nc(-c3ccccc3)cc(C(F)(F)F)c12,5.1487416512809245,0
Nc1cc(-c2ccccc2)nnc1NCCN1CCOCC1,3.568636235841012,0
Nc1cc(-c2ccccc2Br)nc2nc(-c3ccccc3)cc(C(F)(F)F)c12,6.050609993355087,1
Nc1cc(-c2cccs2)nc2nc(-c3ccccc3)cc(C(F)(F)F)c12,4.984640244590786,0
Nc1cc(O)c(C(=O)CCC2CCN(CC3CCCCC3)CC2)cc1Cl,6.386158178123931,1
Nc1cc(OCCF)c(C(=O)CCC2CCN(CC3CCCCC3)CC2)cc1Cl,6.204119982655925,1
Nc1ccc(O)c(CN2CCCC2)c1,5.200659450546418,0
Nc1ccc(O)c(CN2CCCCC2)c1,3.3410351573355648,0
Nc1ccc(O)c(CN2CCOCC2)c1,3.567672207738396,0
Nc1ccc(O)c(Cn2cccn2)c1,3.0734003460929724,0
Nc1ccc(O)c(Cn2ccnc2)c1,3.3165026823201886,0
Nc1ccc(S(N)(=O)=O)cc1,3.837913759759145,0
Nc1ccc2c(CCC3CCN(Cc4ccccc4)CC3)noc2c1,7.699187423464261,1
Nc1ccc2c(N)c3c(nc2c1)-c1ccccc1C3,4.539999925177879,0
Nc1ccc2c(c1)C(=O)N(CCC1CCN(Cc3ccccc3)CC1)C2=O,8.05551732784983,1
Nc1ccc2c(c1)c(-c1ccccc1)[n+](CCCNCCCNCCCNc1c3c(nc4ccccc14)CCCC3)c1cc(N)ccc21,8.81538344508238,1
Nc1ccc2c(c1)c(OCc1ccccc1)nn2Cc1ccccc1,5.065501548756432,0
Nc1ccc2nc3c(c(N)c2c1)CCCC3,5.420072436275412,0
Nc1ccc2nc3c(c(N)c2c1)Cc1ccccc1-3,5.229999745811778,0
Nc1ccc2oc(C(=O)NCCC3CCN(Cc4ccccc4)CC3)cc(=O)c2c1,7.3872161432802645,1
Nc1cccc(Cl)c1Oc1ccc(CNc2ccc(O)cc2)cc1,5.055024091587952,0
Nc1cccc(Cl)c1Oc1ccc(CNc2cccc(O)c2)cc1,5.140861702705469,0
Nc1cccc2c1C(=O)N(CCC1CCN(Cc3ccccc3)CC1)C2=O,7.958607314841775,1
Nc1n[nH]c2nc(-c3ccc(Br)cc3)cc(-c3ccc(Br)cc3)c12,6.769551078621726,1
Nc1n[nH]c2nc(-c3ccccc3)cc(-c3ccc(Br)cc3)c12,5.649751981665837,0
Nc1n[nH]c2nc(-c3ccccc3)cc(-c3ccccc3)c12,5.278189384787453,0
Nc1nn(-c2c3c(nc4ccc([N+](=O)[O-])cc24)CCCC3)c2ncccc12,7.251811972993799,1
Nc1oc2ccccc2c(=O)c1/C=C1\COc2ccccc2C1=O,6.568636235841012,1
O/N=C/C1=NCCCN1Cc1cc(C(F)(F)F)cc(C(F)(F)F)c1,4.346787486224656,0
O/N=C/C1=NCCCN1Cc1ccc(Cl)cc1Cl,5.045757490560675,0
O/N=C/C1=NCCCN1Cc1ccccc1,4.552841968657781,0
O/N=C/C1=NCCN1Cc1cc(C(F)(F)F)cc(C(F)(F)F)c1,4.070581074285707,0
O/N=C/C1=NCCN1Cc1ccc(Cl)cc1Cl,4.619788758288394,0
O/N=C/C1=NCCN1Cc1ccccc1,4.356547323513812,0
O/N=C/c1cc(Br)cc(CN2CCN(c3ccncc3)CC2)c1O,3.8941493256148565,0
O/N=C/c1cc(Cl)cc(CN2CCC(c3ccc(F)cc3)CC2)c1O,3.8513973451939068,0
O/N=C/c1cc(Cl)cc(CN2CCC(c3ccncc3)CC2)c1O,3.5826944167554746,0
O/N=C/c1cc(Cl)cc(CN2CCN(c3ccc(Br)cc3)CC2)c1O,3.536107011014093,0
O/N=C/c1cc(Cl)cc(CN2CCN(c3ccc(Cl)cc3)CC2)c1O,3.7456936676687143,0
O/N=C/c1cc(Cl)cc(CN2CCN(c3ccc(O)cc3)CC2)c1O,3.405386490839902,0
O/N=C/c1cc(Cl)cc(CN2CCN(c3ccccc3Cl)CC2)c1O,3.1334763744671568,0
O/N=C/c1cc(Cl)cc(CN2CCN(c3ccccc3F)CC2)c1O,3.0535968661009454,0
O/N=C/c1cc(Cl)cc(CN2CCN(c3ccccn3)CC2)c1O,3.6790233226571765,0
O/N=C/c1cc(Cl)cc(CN2CCN(c3ccncc3)CC2)c1O,3.5866445651059125,0
O/N=C/c1cc(Cl)cc(CNc2ccc(-n3cccn3)cc2)c1O,2.517841304588724,0
O/N=C/c1cc(Cl)cc(CNc2ccc(N3CCOCC3)c(F)c2)c1O,2.2278984307229877,0
O/N=C/c1cc(Cl)cc(CNc2ncccc2OCc2ccccc2)c1O,3.083019952679618,0
O/N=C/c1cc(F)cc(CN2CCN(c3ccncc3)CC2)c1O,3.6294869104014076,0
O/N=C/c1cc[n+](CCC[n+]2ccc(-c3ccccc3)cc2)cc1,3.950781977329818,0
O/N=C/c1cc[n+](CCC[n+]2ccc(/C=N/O)cc2)cc1,3.1872152336957527,0
O/N=C/c1cc[n+](COC[n+]2ccc(/C=N/O)cc2)cc1,2.9944240447852835,0
O/N=C/c1cc[n+](C[n+]2ccc(/C=N/O)cc2)cc1,2.6968039425795114,0
O/N=C/c1ccccn1,3.2518119729937993,0
O/N=C/c1nc(CCCCCNc2c3c(nc4ccccc24)CCCC3)ccc1O,6.585026652029182,1
O/N=C/c1nc(CCCCCSc2c3c(nc4ccccc24)CCCC3)ccc1O,3.512861624522813,0
O/N=C/c1nc(CCCCNc2c3c(nc4ccc(Cl)cc24)CCCC3)ccc1O,5.638272163982407,0
O/N=C/c1nc(CCCCNc2c3c(nc4ccccc24)CCCC3)ccc1O,6.227965977824862,1
O/N=C/c1ncc(CCCCCNc2c3c(nc4ccccc24)CCCC3)cc1O,6.787812395596042,1
O/N=C/c1nccc(CCCCCNc2c3c(nc4ccccc24)CCCC3)c1O,7.113509274827518,1
O/N=C\c1cccc[n+]1COCCOC[n+]1ccccc1/C=N/O,3.469032318428085,0
O=C(/C=C/c1c[nH]c2ccccc12)NCCCCCCNc1c2c(nc3cc(Cl)ccc13)CCCC2,7.7447274948966935,1
O=C(/C=C/c1ccc(Cl)cc1)NCCC1CCN(Cc2ccccc2)CC1,6.441291429466834,1
O=C(/C=C/c1ccc(F)cc1)NCCC1CCN(Cc2ccccc2)CC1,5.481486060122112,0
O=C(/C=C/c1ccc(F)cc1)c1cc(I)c(Br)cc1O,7.959397659885926,1
O=C(/C=C/c1ccc(N2CCCCC2)cc1)c1sccc1Cl,6.795880017344075,1
O=C(/C=C/c1ccc(O)c(O)c1)NCCC1CCN(Cc2ccccc2)CC1,5.797796974539366,0
O=C(/C=C/c1ccc(O)c(O)c1)O[C@@H]1[C@H](O)C[C@@](O)(C(=O)O)C[C@H]1OC(=O)/C=C/c1ccc(O)c(O)c1,5.669586226650809,0
O=C(/C=C/c1ccc(O)cc1)NCCC1CCN(Cc2ccccc2)CC1,5.751194074638037,0
O=C(/C=C/c1ccc(O)cc1O)NCCC1CCN(Cc2ccccc2)CC1,6.004364805402449,1
O=C(/C=C/c1ccc(OCCCCCCN2CCCC2)cc1)c1ccc(OCCCCCCN2CCCC2)cc1O,6.107905397309519,1
O=C(/C=C/c1ccc(OCCCCN2CCC(Cc3ccccc3)CC2)cc1)c1c(O)cc(OCCCCN2CCC(Cc3ccccc3)CC2)cc1O,4.924453038607469,0
O=C(/C=C/c1ccc(OCCCCN2CCCC2)cc1)c1c(O)cc(OCCCCN2CCCC2)cc1O,5.494850021680094,0
O=C(/C=C/c1ccc(OCCCCN2CCCCC2)cc1)c1c(O)cc(OCCCCN2CCCCC2)cc1O,5.292429823902063,0
O=C(/C=C/c1ccc(OCc2ccccc2)cc1)NCCNc1c2c(nc3ccccc13)CCCC2,7.217527375833714,1
O=C(/C=C/c1ccc([N+](=O)[O-])cc1)NCCC1CCN(Cc2ccccc2)CC1,6.4723700991286615,1
O=C(/C=C/c1ccc([N+](=O)[O-])cc1)NCCCCCCNc1c2c(nc3ccccc13)CCCC2,8.568636235841012,1
O=C(/C=C/c1cccc(O)c1)NCCC1CCN(Cc2ccccc2)CC1,5.950781977329818,0
O=C(/C=C/c1ccccc1)NCCC1CCN(Cc2ccccc2)CC1,6.366472832174294,1
O=C(/C=C/c1ccccc1)c1ccc(OCCCCCCN2CCCC2)cc1O,5.494850021680094,0
O=C(/C=C/c1ccccc1O)NCCC1CCN(Cc2ccccc2)CC1,5.571865205971211,0
O=C(/C=N/O)Nc1ccc[n+](CC[n+]2cccc(NC(=O)/C=N/O)c2)c1,2.5968794788241816,0
O=C(/C=N/O)Nc1ccc[n+](Cc2ccc(C[n+]3cccc(NC(=O)/C=N/O)c3)cc2)c1,2.6777807052660805,0
O=C(/C=N/O)Nc1ccc[n+](Cc2cccc(C[n+]3cccc(NC(=O)/C=N/O)c3)c2)c1,2.7772835288524167,0
O=C(/C=N/O)Nc1ccc[n+](Cc2ccccc2C[n+]2cccc(NC(=O)/C=N/O)c2)c1,2.769551078621726,0
O=C(/C=N\O)Nc1ccc[n+](CCCCCCC[n+]2cccc(NC(=O)/C=N\O)c2)c1,3.031517051446065,0
O=C(/C=N\O)Nc1ccc[n+](CCCCCC[n+]2cccc(NC(=O)/C=N\O)c2)c1,2.8446639625349377,0
O=C(/C=N\O)Nc1ccc[n+](CCCCC[n+]2cccc(NC(=O)/C=N\O)c2)c1,2.7471469690201067,0
O=C(/C=N\O)Nc1ccc[n+](CCCC[n+]2cccc(NC(=O)/C=N\O)c2)c1,2.9746941347352296,0
O=C(/C=N\O)Nc1ccc[n+](CCC[n+]2cccc(NC(=O)/C=N\O)c2)c1,2.9706162223147903,0
O=C(C1CCCCC1)N(CCC1CCN(Cc2ccccc2)CC1)c1ccccc1,5.026872146400301,0
O=C(CC1CCN(Cc2ccc(F)cc2)CC1)Nc1n[nH]c2cc(-c3cccnc3)ccc12,6.285670240254767,1
O=C(CC1CCN(Cc2ccccc2)CC1)NCCc1c[nH]c2ccccc12,5.42021640338319,0
O=C(CC1CCN(Cc2ccccc2)CC1)Nc1n[nH]c2cc(-c3cccnc3)ccc12,6.293282217663242,1
O=C(CC1CCN(Cc2ccccc2F)CC1)Nc1n[nH]c2cc(-c3cccnc3)ccc12,6.1605219526258015,1
O=C(CC1S/C(=N/c2ccc(C3CCCCC3)cc2)NC1=O)Nc1ccc(OC(F)(F)F)cc1,5.537602002101044,0
O=C(CCC1CCN(CC2CCCC2)CC1)c1ccc2[nH]ccc2c1,7.026872146400301,1
O=C(CCC1CCN(CC2CCCCC2)CC1)c1cc(Cl)c2[nH]ccc2c1,7.540607512240769,1
O=C(CCC1CCN(CC2CCCCC2)CC1)c1ccc2[nH]ccc2c1,7.292429823902063,1
O=C(CCC1CCN(CC2CCCCC2)CC1)c1ccc2c(ccn2Cc2ccccc2)c1,6.876148359032914,1
O=C(CCC1CCN(Cc2ccc(Cl)cc2)CC1)c1cc2c3c(ccn3C(=O)CC2)c1,6.819988880942282,1
O=C(CCC1CCN(Cc2ccc(Cl)cc2)CC1)c1ccc2c(c1)CCN2,5.196542884351587,0
O=C(CCC1CCN(Cc2ccc(F)cc2)CC1)c1cc2c3c(ccn3C(=O)CC2)c1,8.33998877871067,1
O=C(CCC1CCN(Cc2ccc(F)cc2)CC1)c1ccc2c(c1)CCN2,7.050609993355087,1
O=C(CCC1CCN(Cc2ccc(F)cc2)CC1)c1ccc2c(c1)NCCCC2,6.405607449624574,1
O=C(CCC1CCN(Cc2ccc(O)cc2)CC1)c1cc2c3c(ccn3C(=O)CC2)c1,9.309981219211304,1
O=C(CCC1CCN(Cc2ccc([N+](=O)[O-])cc2)CC1)c1cc2c3c(ccn3C(=O)CC2)c1,7.36997914888659,1
O=C(CCC1CCN(Cc2cccc(Cl)c2)CC1)c1cc2c3c(ccn3C(=O)CC2)c1,8.309981219211306,1
O=C(CCC1CCN(Cc2cccc(Cl)c2)CC1)c1ccc2c(c1)CCN2,7.229147988357855,1
O=C(CCC1CCN(Cc2cccc(Cl)c2)CC1)c1ccc2c(c1)NCCCC2,6.47755576649368,1
O=C(CCC1CCN(Cc2cccc(F)c2)CC1)c1cc2c3c(ccn3C(=O)CC2)c1,8.890084136976206,1
O=C(CCC1CCN(Cc2cccc(F)c2)CC1)c1ccc2c(c1)CCN2,7.795880017344075,1
O=C(CCC1CCN(Cc2cccc(F)c2)CC1)c1ccc2c(c1)NCCCC2,6.838631997765026,1
O=C(CCC1CCN(Cc2cccc(O)c2)CC1)c1cc2c3c(ccn3C(=O)CC2)c1,8.059981844992336,1
O=C(CCC1CCN(Cc2cccc([N+](=O)[O-])c2)CC1)c1cc2c3c(ccn3C(=O)CC2)c1,8.540004743952608,1
O=C(CCC1CCN(Cc2cccc([N+](=O)[O-])c2)CC1)c1ccc2c(c1)CCN2,7.1938200260161125,1
O=C(CCC1CCN(Cc2cccc([N+](=O)[O-])c2)CC1)c1ccc2c(c1)NCCCC2,6.4089353929735005,1
O=C(CCC1CCN(Cc2ccccc2)CC1)c1cc2c3c(c1)CC(=O)N3CCC2,8.439973751087107,1
O=C(CCC1CCN(Cc2ccccc2)CC1)c1cc2c3c(c1)CCC(=O)N3CCC2,7.79997073344623,1
O=C(CCC1CCN(Cc2ccccc2)CC1)c1cc2c3c(c1)CCN3C(=O)CC2,8.010016541698601,1
O=C(CCC1CCN(Cc2ccccc2)CC1)c1cc2c3c(c1)CCN3C(=O)CCC2,7.280006173632396,1
O=C(CCC1CCN(Cc2ccccc2)CC1)c1ccc2[nH]c(-c3ccccc3)nc2c1,7.481486060122112,1
O=C(CCC1CCN(Cc2ccccc2)CC1)c1ccc2[nH]ccc2c1,7.876148359032914,1
O=C(CCC1CCN(Cc2ccccc2)CC1)c1ccc2c(c1)CCCCN2,6.903089986991944,1
O=C(CCC1CCN(Cc2ccccc2)CC1)c1ccc2c(c1)CCCN2,7.228787726885596,1
O=C(CCC1CCN(Cc2ccccc2)CC1)c1ccc2c(c1)CCCN2c1ccccc1,7.267606240177031,1
O=C(CCC1CCN(Cc2ccccc2)CC1)c1ccc2c(c1)CCN2,7.489488088984207,1
O=C(CCC1CCN(Cc2ccccc2)CC1)c1ccc2c(c1)CCN2c1ccccc1,7.167491087293763,1
O=C(CCC1CCN(Cc2ccccc2)CC1)c1ccc2c(c1)CCNCC2,7.599980364934842,1
O=C(CCC1CCN(Cc2ccccc2)CC1)c1ccc2c(c1)CNCCC2,7.6399749108106025,1
O=C(CCC1CCN(Cc2ccccc2)CC1)c1ccc2c(c1)CNCCO2,7.400007822415902,1
O=C(CCC1CCN(Cc2ccccc2)CC1)c1ccc2c(c1)N(Cc1ccccc1)CC2,6.069050968832476,1
O=C(CCC1CCN(Cc2ccccc2)CC1)c1ccc2c(c1)N(Cc1ccccc1)CCCC2,5.503070351926786,0
O=C(CCC1CCN(Cc2ccccc2)CC1)c1ccc2c(c1)N(c1ccccc1)CCC2,5.826813731587726,0
O=C(CCC1CCN(Cc2ccccc2)CC1)c1ccc2c(c1)NC(c1ccccc1)N2,7.4800408192479315,1
O=C(CCC1CCN(Cc2ccccc2)CC1)c1ccc2c(c1)NCC2,6.94692155651658,1
O=C(CCC1CCN(Cc2ccccc2)CC1)c1ccc2c(c1)NCCC2,6.782576362897683,1
O=C(CCC1CCN(Cc2ccccc2)CC1)c1ccc2c(c1)NCCCC2,6.855004966972841,1
O=C(CCC1CCN(Cc2ccccc2)CC1)c1ccc2c(c1)NCCCCC2,6.896196279044043,1
O=C(CCC1CCN(Cc2ccccc2)CC1)c1ccc2c(c1)OCCO2,7.521435901161594,1
O=C(CCC1CCN(Cc2ccccc2)CC1)c1ccc2c(c1)OCO2,7.522878745280337,1
O=C(CCC1CCN(Cc2ccccc2)CC1)c1ccccc1,6.517131126116426,1
O=C(CCC1CCN(Cc2ccccc2Cl)CC1)c1cc2c3c(ccn3C(=O)CC2)c1,8.289967300934247,1
O=C(CCC1CCN(Cc2ccccc2Cl)CC1)c1ccc2c(c1)CCN2,7.119186407719209,1
O=C(CCC1CCN(Cc2ccccc2F)CC1)c1cc2c3c(ccn3C(=O)CC2)c1,8.599980364934842,1
O=C(CCC1CCN(Cc2ccccc2F)CC1)c1ccc2c(c1)CCN2,7.366531544420413,1
O=C(CCC1CCN(Cc2ccccc2F)CC1)c1ccc2c(c1)NCCCC2,6.480172006224281,1
O=C(CCC1CCN(Cc2ccccc2O)CC1)c1cc2c3c(ccn3C(=O)CC2)c1,8.96018944585165,1
O=C(CCC1CCN(Cc2ccccc2[N+](=O)[O-])CC1)c1cc2c3c(ccn3C(=O)CC2)c1,7.0499760934766735,1
O=C(CCCC1CCSS1)NCCCNc1c2c(nc3cc(Cl)ccc13)CCCC2,6.596879478824182,1
O=C(CCCCC1CCSS1)NCCCCCCCNc1c2c(nc3ccccc13)CCCC2,7.485452247339714,1
O=C(CCCCC1CCSS1)NCCCCCCNc1c2c(nc3ccccc13)CCCC2,7.521433504406157,1
O=C(CCCCC1CCSS1)NCCCCCNc1c2c(nc3ccccc13)CCCC2,7.4156687756324695,1
O=C(CCCCC1CCSS1)NCCCCNc1c2c(nc3ccccc13)CCCC2,7.453457336521869,1
O=C(CCCCC1CCSS1)NCCCNc1c2c(nc3cc(Cl)ccc13)CCCC2,8.286299172863218,1
O=C(CCCCC1CCSS1)NCCCNc1c2c(nc3ccccc13)CCCC2,8.157390760389438,1
O=C(CCCCC1CCSS1)NCCNc1c2c(nc3ccccc13)CCCC2,7.013228265733755,1
O=C(CCCCCCC(=O)NCCCCCCN1CC[C@H]2COc3ccccc3[C@H]21)NCCCCCCN1CC[C@H]2COc3ccccc3[C@H]21,5.010000098195093,0
O=C(CCCCCCCCc1ccc(O)c(O)c1)c1c(O)ccc(C(CCCCCCCCc2ccc(O)c(O)c2)c2c(O)cccc2O)c1O,4.897566294318664,0
O=C(CCCCCCCCc1ccc(O)c(O)c1)c1c(O)ccc(C(CCCCCCCCc2ccc(O)cc2)c2c(O)cccc2O)c1O,4.513286224017515,0
O=C(CCCCCCCCc1ccc(O)c(O)c1)c1c(O)cccc1O,5.7121982700697735,0
O=C(CCCCCCCCc1ccc(O)cc1)c1c(O)cc(O)cc1O,5.1911141326401875,0
O=C(CCCCCCCCc1ccc(O)cc1)c1c(O)cccc1O,5.735182176990463,0
O=C(CCCCCCCCc1ccccc1)c1c(O)cccc1O,5.882728704344236,0
O=C(CCCCCCCNc1c2c(nc3cc(Cl)cc(Cl)c13)CCCC2)NCCc1c[nH]c2ccccc12,14.301029995663981,1
O=C(CCCCCCCNc1c2c(nc3ccccc13)CCCC2)NCCc1c[nH]c2ccc(O)cc12,14.301029995663981,1
O=C(CCCCCCCNc1c2c(nc3ccccc13)CCCC2)NCCc1c[nH]c2ccccc12,14.301029995663981,1
O=C(CCCCCCNc1c2c(nc3cc(Cl)cc(Cl)c13)CCCC2)NCCc1c[nH]c2ccccc12,12.164950007226699,1
O=C(CCCCCCNc1c2c(nc3cc(Cl)ccc13)CCCC2)NCCc1c[nH]c2ccccc12,12.15051499783199,1
O=C(CCCCCCNc1c2c(nc3cccc(Cl)c13)CCCC2)NCCc1c[nH]c2ccccc12,11.096910013008056,1
O=C(CCCCCCNc1c2c(nc3ccccc13)CCCC2)NCCc1c[nH]c2ccccc12,11.801029995663981,1
O=C(CCCCCN1CCC2c3ccccc3NC2C1)Nc1ccc(/C=C2\CCn3c2nc2ccccc2c3=O)cc1,6.8145995168095475,1
O=C(CCCCCN1CCC2c3ccccc3NC2C1)Oc1ccc(/C=C2\CCn3c2nc2ccccc2c3=O)cc1,7.969805214643249,1
O=C(CCCCCNc1c2c(nc3c(Cl)cccc13)CCCC2)NCCc1c[nH]c2ccccc12,14.301029995663981,1
O=C(CCCCCNc1c2c(nc3cc(Cl)cc(Cl)c13)CCCC2)NCCc1c[nH]c2ccccc12,14.301029995663981,1
O=C(CCCCCNc1c2c(nc3cc(Cl)ccc13)CCCC2)NCCc1c[nH]c2ccccc12,14.301029995663981,1
O=C(CCCCCNc1c2c(nc3cc(Cl)ccc13)CCCC2)NCCc1cc2ccccc2[nH]1,9.136677139879545,1
O=C(CCCCCNc1c2c(nc3ccc(F)cc13)CCCC2)NCCc1c[nH]c2ccccc12,14.301029995663981,1
O=C(CCCCCNc1c2c(nc3cccc(Cl)c13)CCCC2)NCCc1c[nH]c2ccccc12,9.060480747381382,1
O=C(CCCCCNc1c2c(nc3ccccc13)CCCC2)NCCc1c[nH]c2ccc(O)cc12,11.823908740944319,1
O=C(CCCCCNc1c2c(nc3ccccc13)CCCC2)NCCc1c[nH]c2ccccc12,14.301029995663981,1
O=C(CCCCN1CCC2c3ccccc3NC2C1)Nc1ccc(/C=C2\CCn3c2nc2ccccc2c3=O)cc1,7.007446482167865,1
O=C(CCCCN1CCC2c3ccccc3NC2C1)Oc1ccc(/C=C2\CCn3c2nc2ccccc2c3=O)cc1,8.96657624451305,1
O=C(CCCCN1CCN(Cc2ccccc2)CC1)Nc1ccc2nc3n(c(=O)c2c1)CCC3,8.482804102050025,1
O=C(CCCCNc1c2c(nc3cc(Cl)ccc13)CCCC2)NC12CC3CC(F)(CC(C1)c1ccccc13)C2,8.886056647693163,1
O=C(CCCCNc1c2c(nc3ccccc13)CCCC2)NCCc1c[nH]c2ccccc12,14.301029995663981,1
O=C(CCCC[C@@H]1CCSS1)NCCCNc1c2c(nc3cc(Cl)ccc13)CCCC2,9.638272163982407,1
O=C(CCCC[C@H]1CCSS1)NCCCNc1c2c(nc3cc(Cl)ccc13)CCCC2,9.326979092871104,1
O=C(CCCCc1cccs1)NCCCNc1c2c(nc3cc(Cl)ccc13)CCCC2,8.575118363368933,1
O=C(CCCN1C(=O)c2ccccc2C1=O)N1CCCCCC1,6.301029995663981,1
O=C(CCCN1CCC2c3ccccc3NC2C1)Oc1ccc(/C=C2\CCn3c2nc2ccccc2c3=O)cc1,7.781464494783473,1
O=C(CCCNc1c2c(nc3cc(Cl)ccc13)CCCC2)NC12CC3CC(F)(CC(C1)c1ccccc13)C2,8.853871964321762,1
O=C(CCCNc1c2c(nc3ccccc13)CCCC2)CCCNc1c2c(nc3ccccc13)CCCC2,8.73754891026957,1
O=C(CCCOc1cccc2[nH]c3ccccc3c12)NCCCNc1c2c(nc3ccccc13)CCCC2,6.6529168520334006,1
O=C(CCCc1c[nH]c2ccccc12)NCCC1CCN(Cc2ccccc2)CC1,5.899629454882437,0
O=C(CCCc1c[nH]c2ccccc12)NCCCCCCNc1c2c(nc3cc(Cl)ccc13)CCCC2,9.301029995663981,1
O=C(CCCc1c[nH]c2ccccc12)NCCCCCNc1c2c(nc3cc(Cl)ccc13)CCCC2,8.369301799103173,1
O=C(CCN1CCC2c3ccccc3NC2C1)Nc1ccc(/C=C2\CCn3c2nc2ccccc2c3=O)cc1,8.010995384301463,1
O=C(CCN1CCC2c3ccccc3NC2C1)Oc1ccc(/C=C2\CCn3c2nc2ccccc2c3=O)cc1,9.031517051446064,1
O=C(CCN1CCCC1)Nc1ccc2c(c1)CN1CCc3c([nH]c4ccccc34)C1=N2,7.537602002101044,1
O=C(CCN1CCCCC1)N1CCN(CCNc2c3c(nc4ccccc24)CCCC3)CC1,7.286509456906058,1
O=C(CCN1CCCCC1)Nc1ccc2nc(-c3cc4ccccc4[nH]3)[nH]c(=O)c2c1,7.678401569534656,1
O=C(CCN1CCCCC1)Nc1n[nH]c2ncccc12,6.181774106386044,1
O=C(CCN1CCN(Cc2ccccc2)CC1)Nc1ccc2nc3n(c(=O)c2c1)CCC3,5.482804102050025,0
O=C(CCN1CCN(Cc2ccccc2)CC1)Nc1n[nH]c2ncccc12,7.468521082957745,1
O=C(CCN1CCN(c2ccccc2)CC1)Nc1n[nH]c2ncccc12,6.638272163982407,1
O=C(CCN1CCOCC1)Nc1n[nH]c2ncccc12,6.560667306169737,1
O=C(CCNCCNc1c2c(nc3ccccc13)CCCC2)N1CCN(CCNc2c3c(nc4ccccc24)CCCC3)CC1,8.347753658996677,1
O=C(CCOCCc1c[nH]c2ccccc12)NCCCCCCCNc1c2c(nc3cc(Cl)ccc13)CCCC2,8.522878745280337,1
O=C(CCOCCc1c[nH]c2ccccc12)NCCCCCCNc1c2c(nc3cc(Cl)ccc13)CCCC2,9.154901959985743,1
O=C(CCOCCc1c[nH]c2ccccc12)NCCCCCNc1c2c(nc3cc(Cl)ccc13)CCCC2,8.823908740944319,1
O=C(CCO[N+](=O)[O-])NCCCCNc1c2c(nc3ccccc13)CCCC2,7.34008379993015,1
O=C(CCO[N+](=O)[O-])NCCCNc1c2c(nc3ccccc13)CCCC2,7.031517051446064,1
O=C(CC[C@@H](NC(=O)c1ccccc1)C(=O)O)NCCC1CCN(Cc2ccccc2)CC1,4.698970004336019,0
O=C(CC[C@H](NC(=O)c1c[nH]c2ccccc12)C(=O)O)NCCC1CCN(Cc2ccccc2)CC1,5.1938200260161125,0
O=C(CC[C@H](NC(=O)c1ccccc1)C(=O)O)NCCC1CCN(Cc2ccccc2)CC1,6.119186407719209,1
O=C(CCc1c[nH]c2ccccc12)NC1CCN(Cc2ccccc2)CC1,5.0798766737092755,0
O=C(CCc1c[nH]c2ccccc12)NCCC1CCN(Cc2ccccc2)CC1,5.894660193615347,0
O=C(CCc1c[nH]c2ccccc12)NCCCCCCCCCCNc1c2c(nc3cc(Cl)ccc13)CCCC2,7.6595558851598815,1
O=C(CCc1c[nH]c2ccccc12)NCCCCCCCCCNc1c2c(nc3cc(Cl)ccc13)CCCC2,8.356547323513812,1
O=C(CCc1c[nH]c2ccccc12)NCCCCCCCCNc1c2c(nc3cc(Cl)ccc13)CCCC2,9.301029995663981,1
O=C(CCc1c[nH]c2ccccc12)NCCCCCCCNc1c2c(nc3cc(Cl)ccc13)CCCC2,7.7971062485323515,1
O=C(CCc1c[nH]c2ccccc12)NCCCCCCCNc1c2c(nc3ccccc13)CCCC2,10.221848749616356,1
O=C(CCc1c[nH]c2ccccc12)NCCCCCCNc1c2c(nc3cc(Cl)ccc13)CCCC2,8.06295299324845,1
O=C(CCc1c[nH]c2ccccc12)NCCCCCCNc1c2c(nc3ccccc13)CCCC2,10.698970004336019,1
O=C(CCc1c[nH]c2ccccc12)NCCCCCNc1c2c(nc3cc(Cl)ccc13)CCCC2,8.397940008672037,1
O=C(CCc1c[nH]c2ccccc12)NCCCCCNc1c2c(nc3ccccc13)CCCC2,7.154901959985743,1
O=C(CCc1cc[n+](Cc2ccccc2)cc1)c1ccc2c(c1)OCO2,6.619788758288394,1
O=C(CCc1ccc2nc(-c3ccccc3)c3c(c2c1)OCCC3)NCCCCCCCCNc1c2c(nc3cc(Cl)ccc13)CCCC2,7.853871964321762,1
O=C(CCc1ccc2nc(-c3ccccc3)c3c(c2c1)OCCC3)NCCCCCCCNc1c2c(nc3cc(Cl)ccc13)CCCC2,7.8923663282841385,1
O=C(CCc1ccc2nc(-c3ccccc3)c3c(c2c1)OCCC3)NCCCCCCNc1c2c(nc3cc(Cl)ccc13)CCCC2,7.954677021213342,1
O=C(CCc1ccc2nc(-c3ccccc3)c3c(c2c1)OCCC3)NCCCCCNc1c2c(nc3cc(Cl)ccc13)CCCC2,8.015922966097168,1
O=C(CCc1ccc2nc(-c3ccccc3)c3c(c2c1)OCCC3)NCCCCNc1c2c(nc3cc(Cl)ccc13)CCCC2,7.779891911959945,1
O=C(CCc1ccccc1)N1c2ccccc2Sc2ccc(Cl)cc21,5.102372908709558,0
O=C(CCc1ccccc1)N1c2ccccc2Sc2ccccc21,5.1487416512809245,0
O=C(CCc1ccccc1)N1c2ccccc2[Se]c2ccc(Cl)cc21,5.200659450546418,0
O=C(CCc1ccccc1)N1c2ccccc2[Se]c2ccccc21,5.173925197299173,0
O=C(CCn1c2ccccc2c2c[n+](Cc3ccccc3)ccc21)N1c2ccccc2Sc2ccccc21,5.657577319177793,0
O=C(CCn1c2ccccc2c2cnccc21)N1c2ccccc2Sc2ccccc21,5.638272163982407,0
O=C(CCn1c2ccncc2c2cc(F)ccc21)N1c2ccccc2Sc2ccccc21,5.207608310501746,0
O=C(CF)c1cnn(C2CCCC2)c1,5.742394347836099,0
O=C(CN1CCC2c3ccccc3NC2C1)Oc1ccc(/C=C2\CCn3c2nc2ccccc2c3=O)cc1,6.664863174628375,1
O=C(CN1CCCCC1)Nc1ccc2nc3c4[nH]c5ccccc5c4ccn3c(=O)c2c1,7.998485264723191,1
O=C(CN1CCN(C(=O)c2ccc(Br)cc2)CC1)N1CCN(CCCc2c[nH]c3ccc(F)cc23)CC1,4.404503778174425,0
O=C(CN1CCN(C(=O)c2ccc(Br)cc2)CC1)N1CCN(CCCc2c[nH]c3ccccc23)CC1,4.447331783887806,0
O=C(CN1CCN(C(=O)c2ccc(Cl)cc2)CC1)N1CCN(CCCc2c[nH]c3ccc(F)cc23)CC1,4.651695136951839,0
O=C(CN1CCN(C(=O)c2ccc(Cl)cc2)CC1)N1CCN(CCCc2c[nH]c3ccccc23)CC1,4.453457336521869,0
O=C(CN1CCN(C(=O)c2ccc(F)cc2)CC1)N1CCN(CCCc2c[nH]c3ccc(F)cc23)CC1,5.468521082957745,0
O=C(CN1CCN(C(=O)c2ccc(F)cc2)CC1)N1CCN(CCCc2c[nH]c3ccccc23)CC1,4.404503778174425,0
O=C(CN1CCN(C(=O)c2cccc(Br)c2)CC1)N1CCN(CCCc2c[nH]c3ccc(F)cc23)CC1,4.428291168191312,0
O=C(CN1CCN(C(=O)c2cccc(Br)c2)CC1)N1CCN(CCCc2c[nH]c3ccccc23)CC1,4.638272163982407,0
O=C(CN1CCN(C(=O)c2cccc(Cl)c2)CC1)N1CCN(CCCc2c[nH]c3ccc(F)cc23)CC1,4.735182176990463,0
O=C(CN1CCN(C(=O)c2cccc(Cl)c2)CC1)N1CCN(CCCc2c[nH]c3ccccc23)CC1,4.489454989793388,0
O=C(CN1CCN(C(=O)c2ccccc2Br)CC1)N1CCN(CCCc2c[nH]c3ccc(F)cc23)CC1,4.47755576649368,0
O=C(CN1CCN(C(=O)c2ccccc2F)CC1)N1CCN(CCCc2c[nH]c3ccccc23)CC1,4.694648630553377,0
O=C(CN1CCN(Cc2ccccc2)CC1)NC1c2cn[nH]c2-c2c(Br)sc(Br)c21,5.94692155651658,0
O=C(CN1CCN(Cc2ccccc2)CC1)NC1c2cn[nH]c2-c2sccc21,5.037157318798758,0
O=C(CN1CCN(Cc2ccccc2)CC1)NC1c2cnn(-c3ccccc3)c2-c2c(Br)sc(Br)c21,6.060480747381382,1
O=C(CN1CCN(Cc2ccccc2)CC1)Nc1n[nH]c2ncccc12,6.521433504406156,1
O=C(CN1CCN(c2ccccc2)CC1)Nc1n[nH]c2ncccc12,5.710857164067667,0
O=C(CNCCCCNCC(=O)Nc1c2c(nc3c1CCC3)CCCC2)Nc1c2c(nc3c1CCC3)CCCC2,5.835647144215563,0
O=C(CNCCCc1ccccc1)Nc1ccc2nc3n(c(=O)c2c1)CCC3,8.388276691992658,1
O=C(CNCc1cc(F)cc(F)c1)Nc1ccc2nc3n(c(=O)c2c1)CCC3,8.118615343229427,1
O=C(CNCc1ccccc1)Nc1ccc2nc3n(c(=O)c2c1)CCC3,6.636388020107855,1
O=C(CNCc1ccccc1F)Nc1ccc2nc3n(c(=O)c2c1)CCC3,6.277366077466188,1
O=C(CNCc1ccccc1[N+](=O)[O-])Nc1ccc2nc3n(c(=O)c2c1)CCC3,7.512861624522813,1
O=C(CNc1ccc(F)cc1)Nc1ccc2oc(=O)ccc2c1,7.207608310501746,1
O=C(CNc1ccc2oc(=O)ccc2c1)N1CCN(c2ccccc2)CC1,7.096910013008056,1
O=C(CNc1ccc2oc(=O)ccc2c1)N1CCOCC1,7.431798275933005,1
O=C(CNc1ccc2oc(=O)ccc2c1)c1ccccc1,6.8297382846050425,1
O=C(CO/N=[N+](\[O-])N1CCCC1)NCCCCNc1c2c(nc3ccccc13)CCCC2,7.2949920406666635,1
O=C(CO/N=[N+](\[O-])N1CCCC1)NCCCNc1c2c(nc3ccccc13)CCCC2,7.449771646944906,1
O=C(CO[N+](=O)[O-])NCCCCNc1c2c(nc3ccccc13)CCCC2,7.645891560852599,1
O=C(CO[N+](=O)[O-])NCCCNc1c2c(nc3ccccc13)CCCC2,7.549750891680639,1
O=C(COc1cc(F)ccc1[N+](=O)[O-])NCC1CCN(Cc2ccccc2)CC1,6.987162775294828,1
O=C(COc1cc(F)ccc1[N+](=O)[O-])NCCN1CCN(Cc2ccccc2)CC1,8.55284196865778,1
O=C(COc1ccc(-c2ccccc2)cc1)N1CCC(N2CCCCC2)CC1,5.337242168318426,0
O=C(COc1ccc(-c2ccccc2)cc1)N1CCC(N2CCOCC2)CC1,4.031517051446065,0
O=C(COc1ccc(-c2ccccc2)cc1)NCC1CCN(Cc2ccccc2)CC1,5.769551078621726,0
O=C(COc1ccc(-c2ccccc2)cc1)NCCCN1CCCCC1,4.2441251443275085,0
O=C(COc1ccc(-c2ccccc2)cc1)NCCN1CCN(Cc2ccccc2)CC1,6.133712660915805,1
O=C(COc1ccc(CCc2ccccc2)cc1)NCC1CCN(Cc2ccccc2)CC1,6.8696662315049934,1
O=C(COc1ccc(CCc2ccccc2)cc1)NCCN1CCN(Cc2ccccc2)CC1,6.045757490560675,1
O=C(COc1ccc(Cc2ccccc2)cc1)NCC1CCN(Cc2ccccc2)CC1,5.896196279044043,0
O=C(COc1ccc(Cc2ccccc2)cc1)NCCN1CCN(Cc2ccccc2)CC1,6.0030507515046185,1
O=C(COc1ccc(Cl)cc1)NCC1CCN(Cc2ccccc2)CC1,5.774690718274137,0
O=C(COc1ccc(Cl)cc1)NCCN1CCN(Cc2ccccc2)CC1,6.723538195826755,1
O=C(COc1ccc(Cl)cc1Cl)Nc1ccc(CN2CCCCC2)cc1,7.522878745280337,1
O=C(COc1ccc(Cl)cc1[N+](=O)[O-])NCC1CCN(Cc2ccccc2)CC1,6.913640169325252,1
O=C(COc1ccc(Cl)cc1[N+](=O)[O-])NCCN1CCN(Cc2ccccc2)CC1,9.096910013008056,1
O=C(COc1ccc(I)cc1)NCCCN1CCCCC1,4.886056647693163,0
O=C(COc1ccc([N+](=O)[O-])cc1)NCC1CCN(Cc2ccccc2)CC1,6.293282217663242,1
O=C(COc1ccc([N+](=O)[O-])cc1)NCCN1CCN(Cc2ccccc2)CC1,7.376750709602099,1
O=C(COc1ccccc1)N1CCN(C2CCN(Cc3ccccc3)CC2)CC1,4.366531544420414,0
O=C(COc1ccccc1C(F)(F)F)NCC1CCN(Cc2ccccc2)CC1,6.115204636051018,1
O=C(COc1ccccc1C(F)(F)F)NCCN1CCN(Cc2ccccc2)CC1,6.866461091629782,1
O=C(C[C@H]1C[C@H]2CCCN2[C@]12C(=O)Nc1ccccc12)N1C/C(=C\c2ccc(Cl)cc2)C(=O)[C@]2(C[C@H]3CCCN3[C@@]23C(=O)Nc2ccccc23)C1,5.101274818410507,0
O=C(C[C@H]1C[C@H]2CCCN2[C@]12C(=O)Nc1ccccc12)N1C/C(=C\c2ccc(Cl)cc2Cl)C(=O)[C@]2(C[C@H]3CCCN3[C@@]23C(=O)Nc2ccccc23)C1,5.157390760389438,0
O=C(C[C@H]1C[C@H]2CCCN2[C@]12C(=O)Nc1ccccc12)N1C/C(=C\c2ccc(F)cc2)C(=O)[C@]2(C[C@H]3CCCN3[C@@]23C(=O)Nc2ccccc23)C1,4.625801742070918,0
O=C(C[C@H]1C[C@H]2CCCN2[C@]12C(=O)Nc1ccccc12)N1C/C(=C\c2cccc([N+](=O)[O-])c2)C(=O)[C@]2(C[C@H]3CCCN3[C@@]23C(=O)Nc2ccccc23)C1,4.575118363368933,0
O=C(C[C@H]1C[C@H]2CCCN2[C@]12C(=O)Nc1ccccc12)N1C/C(=C\c2cccc3ccccc23)C(=O)[C@]2(C[C@H]3CCCN3[C@@]23C(=O)Nc2ccccc23)C1,4.685500772026848,0
O=C(C[C@H]1C[C@H]2CCCN2[C@]12C(=O)Nc1ccccc12)N1C/C(=C\c2ccccc2)C(=O)[C@]2(C[C@H]3CCCN3[C@@]23C(=O)Nc2ccccc23)C1,4.706637445288554,0
O=C(C[C@H]1C[C@H]2CCCN2[C@]12C(=O)Nc1ccccc12)N1C/C(=C\c2ccccc2Cl)C(=O)[C@]2(C[C@H]3CCCN3[C@@]23C(=O)Nc2ccccc23)C1,4.86518562967954,0
O=C(C[C@H]1C[C@H]2CCCN2[C@]12C(=O)Nc1ccccc12)N1C/C(=C\c2ccccc2F)C(=O)[C@]2(C[C@H]3CCCN3[C@@]23C(=O)Nc2ccccc23)C1,4.609418121449565,0
O=C(C[n+]1ccc(/C=N/O)cc1)Nc1nc(-c2ccccc2)cs1,3.0043648054024503,0
O=C(C[n+]1ccc(/C=N/O)cc1)Nc1nccs1,2.6270879970298937,0
O=C(C[n+]1ccc2ccccc2c1)Nc1ccccc1Br,4.886056647693163,0
O=C(C[n+]1ccccc1)N/N=C/c1ccc(/C=N/NC(=O)C[n+]2ccccc2)cc1,8.638272163982407,1
O=C(Cc1c[nH]c2ccc(Br)cc12)NCCC1CCN(Cc2ccccc2)CC1,5.850780887344619,0
O=C(Cc1c[nH]c2ccc(Br)cc12)NCCCCCCCNc1c2c(nc3cc(Cl)ccc13)CCCC2,7.894676551514361,1
O=C(Cc1c[nH]c2ccccc12)NCCC1CCN(Cc2ccccc2)CC1,5.449771646944906,0
O=C(Cc1c[nH]c2ccccc12)NCCCCCCCNc1c2c(nc3cc(Cl)ccc13)CCCC2,8.258230239424712,1
O=C(Cc1cc(=O)oc2cc(O)ccc12)N/N=C1\SCC(=O)N1c1c2c(nc3ccccc13)CCCC2,4.804100347590766,0
O=C(Cc1cc(=O)oc2cc(O)ccc12)NCCCCCCCNC(=O)c1cccc2c(=O)c3ccccc3[nH]c12,5.232844133917819,0
O=C(Cc1cc(=O)oc2cc(O)ccc12)NCCCCNc1c2c(nc3ccccc13)CCCC2,7.8124792791635365,1
O=C(Cc1cc(=O)oc2cc(O)ccc12)NCCCNCCNCCCNc1c2c(nc3ccccc13)CCCC2,7.42021640338319,1
O=C(Cc1cc(=O)oc2cc(O)ccc12)NCCCNc1c2c(nc3ccccc13)CCCC2,6.557520230935552,1
O=C(Cc1cc(=O)oc2cc(O)ccc12)NCCNc1c2c(nc3ccccc13)CCCC2,5.536107011014092,0
O=C(Cc1cc(=O)oc2cc(O)ccc12)NNC(=S)Nc1c2c(nc3ccccc13)CCCC2,5.087777943467584,0
O=C(Cc1ccccc1)N1c2ccccc2Sc2ccc(Cl)cc21,5.1249387366083,0
O=C(Cc1ccccc1)N1c2ccccc2Sc2ccccc21,5.130768280269024,0
O=C(Cc1ccccc1)N1c2ccccc2[Se]c2ccc(Cl)cc21,5.187086643357144,0
O=C(Cc1ccccc1)N1c2ccccc2[Se]c2ccccc21,5.1938200260161125,0
O=C(Cc1ccccc1Nc1c(Cl)cccc1Cl)NCCCNCCCNC1=CC(=O)C(NCCCNCCCNC(=O)Cc2ccccc2Nc2c(Cl)cccc2Cl)=CC1=O,5.517164014389946,0
O=C(Cn1nc(-c2ccccc2)c(-c2ccccc2)nc1=O)Nc1cc(Br)cc(Br)c1,6.112382699664264,1
O=C(Cn1nc(-c2ccccc2)c(-c2ccccc2)nc1=O)Nc1ccc(Br)cc1,6.026410376572743,1
O=C(Cn1nc(-c2ccccc2)c(-c2ccccc2)nc1=O)Nc1ccc(Cl)cc1,5.852014679316195,0
O=C(Cn1nc(-c2ccccc2)c(-c2ccccc2)nc1=O)Nc1ccc(F)cc1,6.077793722560983,1
O=C(Cn1nc(-c2ccccc2)c(-c2ccccc2)nc1=O)Nc1ccc(F)cc1F,5.937042165915489,0
O=C(Cn1nc(-c2ccccc2)c(-c2ccccc2)nc1=O)Nc1ccc(O)cc1,5.940058111938045,0
O=C(Cn1nc(-c2ccccc2)c(-c2ccccc2)nc1=O)Nc1ccc([N+](=O)[O-])cc1,5.971835580575529,0
O=C(Cn1nc(-c2ccccc2)c(-c2ccccc2)nc1=O)Nc1ccc([N+](=O)[O-])cc1Cl,6.1555228242543185,1
O=C(Cn1nc(-c2ccccc2)c(-c2ccccc2)nc1=O)Nc1cccc(Cl)c1,5.935167780261426,0
O=C(Cn1nc(-c2ccccc2)c(-c2ccccc2)nc1=O)Nc1cccc([N+](=O)[O-])c1,5.9511699134716505,0
O=C(Cn1nc(-c2ccccc2)c(-c2ccccc2)nc1=O)Nc1ccccc1Cl,6.1432711096171175,1
O=C(Cn1nc(-c2ccccc2)c(-c2ccccc2)nc1=O)Nc1ccccc1O,6.123205023799299,1
O=C(Cn1nc(-c2ccccc2)c(-c2ccccc2)nc1=O)Nc1ccccc1[N+](=O)[O-],6.13430394008393,1
O=C(Cn1nc2ncccc2c1NC(=O)Cn1nc2ncccc2c1NC(=O)CN1CCN(Cc2ccccc2)CC1)Nc1[nH]nc2ncccc12,4.743763466794077,0
O=C(N/N=C/c1ccc(Br)cc1)N1CCN(c2ccccn2)CC1,6.310691140876379,1
O=C(N/N=C/c1ccc(C(F)(F)F)cc1)N1CCN(c2ccccn2)CC1,5.8794260687941495,0
O=C(N/N=C/c1ccc(Cl)cc1)N1CCN(c2ccccn2)CC1,5.465973893943865,0
O=C(N/N=C/c1ccc(F)cc1)N1CCN(c2ccccn2)CC1,5.7281583934635005,0
O=C(N/N=C/c1ccc(F)cc1F)N1CCN(c2ccccn2)CC1,6.166215625343521,1
O=C(N/N=C/c1ccc(O)cc1)N1CCN(c2ccccn2)CC1,5.317854923626168,0
O=C(N/N=C/c1ccc(O)cc1O)N1CCN(c2ccccn2)CC1,5.329754146925875,0
O=C(N/N=C/c1ccc(OC(F)(F)F)cc1)N1CCN(c2ccccn2)CC1,5.536107011014092,0
O=C(N/N=C/c1ccc([N+](=O)[O-])cc1)N1CCN(c2ccccn2)CC1,5.935542010773082,0
O=C(N/N=C/c1ccccc1)N1CCN(c2ccccn2)CC1,5.441291429466834,0
O=C(N1CCCCC1)n1nc(-c2ccc(Cl)cc2)nc1SCC(F)(F)F,6.522878745280337,1
O=C(N1CCCCC1)n1nc(-c2ccc(Cl)cc2)nc1SCC1CC1,7.0,1
O=C(NC1CCN(Cc2ccc(F)cc2)CC1)c1cncc(NC(=O)c2ccnc3[nH]ccc23)c1,6.6439741428068775,1
O=C(NC1CCN(Cc2ccccc2)CC1)c1cc(=O)c2cc(O)ccc2o1,5.627087997029893,0
O=C(NC1CCN(Cc2ccccc2)CC1)c1cncc(NC(=O)c2ccnc3[nH]ccc23)c1,6.446116973356125,1
O=C(NCC1CCN(Cc2ccc(F)c(F)c2)CC1)c1cncc(NC(=O)c2ccnc(NC(=O)C3CC3)c2)c1,5.513286224017515,0
O=C(NCC1CCN(Cc2ccc(F)cc2)CC1)c1cncc(NC(=O)c2ccnc(NC(=O)C3CC3)c2)c1,5.518700726667144,0
O=C(NCC1CCN(Cc2cccc(Cl)c2)CC1)c1cncc(NC(=O)c2ccnc(NC(=O)C3CC3)c2)c1,5.962175249411658,0
O=C(NCC1CCN(Cc2cccc(Cl)c2)CC1)c1cncc(NC(=O)c2ccnc3[nH]ccc23)c1,5.884056823060945,0
O=C(NCC1CCN(Cc2cccc(F)c2)CC1)c1cncc(NC(=O)c2ccnc(NC(=O)C3CC3)c2)c1,5.6219656775426685,0
O=C(NCC1CCN(Cc2ccccc2)CC1)c1c(O)c2cc(O)c(O)cc2[nH]c1=O,6.008773924307505,1
O=C(NCC1CCN(Cc2ccccc2)CC1)c1cncc(NC(=O)c2ccnc(NC(=O)C3CC3)c2)c1,5.957818405484234,0
O=C(NCC1CCN(Cc2ccccc2)CC1)c1n[nH]c2ccc(-c3cccnc3)cc12,5.961379838050297,0
O=C(NCC1CCN(Cc2ccccc2F)CC1)c1cncc(NC(=O)c2ccnc(NC(=O)C3CC3)c2)c1,5.7557228791981565,0
O=C(NCC1CCN(Cc2ccccc2F)CC1)c1n[nH]c2ccc(-c3cccnc3)cc12,5.662341108973857,0
O=C(NCCC1CCN(Cc2cccc(Cl)c2)CC1)c1cncc(NC(=O)c2cccc(NC(=O)C3CC3)c2)c1,5.357337668557964,0
O=C(NCCC1CCN(Cc2ccccc2)CC1)c1cc(=O)c2c(O)cc(O)cc2o1,6.236572006437063,1
O=C(NCCC1CCN(Cc2ccccc2)CC1)c1cc(=O)c2cc(O)c(O)cc2o1,5.384049948343598,0
O=C(NCCC1CCN(Cc2ccccc2)CC1)c1cc(=O)c2cc(O)ccc2[nH]1,6.522878745280337,1
O=C(NCCC1CCN(Cc2ccccc2)CC1)c1cc(=O)c2cc(O)ccc2o1,7.040958607678906,1
O=C(NCCC1CCN(Cc2ccccc2)CC1)c1cc(=O)c2cc([N+](=O)[O-])ccc2o1,7.6777807052660805,1
O=C(NCCC1CCN(Cc2ccccc2)CC1)c1cc(=O)c2cccc(O)c2[nH]1,5.939302159646388,0
O=C(NCCC1CCN(Cc2ccccc2)CC1)c1cc(=O)c2ccccc2o1,6.958607314841775,1
O=C(NCCC1CCN(Cc2ccccc2)CC1)c1ccccc1,6.251811972993799,1
O=C(NCCCC1CCN(Cc2ccccc2)CC1)c1cc(=O)c2cc(O)ccc2o1,7.638272163982407,1
O=C(NCCCCCCCCCCNc1c2c(nc3cc(Cl)ccc13)CCCC2)c1cc(=O)c2c(O)cc(O)cc2o1,10.187086643357144,1
O=C(NCCCCCCCCCCNc1c2c(nc3cc(Cl)ccc13)CCCC2)c1cc(=O)c2cc(O)c(O)cc2o1,10.045757490560675,1
O=C(NCCCCCCCCCCNc1c2c(nc3cc(Cl)ccc13)CCCC2)c1cc(=O)c2cc(O)ccc2o1,9.0,1
O=C(NCCCCCCCCCCNc1c2c(nc3cc(Cl)ccc13)CCCC2)c1cc(=O)c2ccccc2o1,9.522878745280337,1
O=C(NCCCCCCCCCCNc1c2c(nc3cc(Cl)ccc13)CCCC2)c1ccc2nc(-c3ccc(Cl)cc3)c3c(c2c1)OCCC3,7.301029995663981,1
O=C(NCCCCCCCCCCNc1c2c(nc3ccccc13)CCCC2)c1cc(=O)c2c(O)cc(O)cc2o1,8.638272163982407,1
O=C(NCCCCCCCCCCNc1c2c(nc3ccccc13)CCCC2)c1cc(=O)c2cc(O)c(O)cc2o1,8.187086643357144,1
O=C(NCCCCCCCCCCNc1c2c(nc3ccccc13)CCCC2)c1cc(=O)c2cc(O)ccc2o1,8.096910013008056,1
O=C(NCCCCCCCCCCNc1c2c(nc3ccccc13)CCCC2)c1cc(=O)c2ccccc2o1,7.756961951313706,1
O=C(NCCCCCCCCCNc1c2c(nc3cc(Cl)ccc13)CCCC2)c1ccc2nc(-c3ccc(Cl)cc3)c3c(c2c1)OCCC3,7.603800652904264,1
O=C(NCCCCCCCCNc1c2c(nc3cc(Cl)ccc13)CCCC2)c1c[nH]c2ccccc12,7.337242168318426,1
O=C(NCCCCCCCCNc1c2c(nc3cc(Cl)ccc13)CCCC2)c1ccc2nc(-c3ccc(Cl)cc3)c3c(c2c1)NCCC3,8.686132779630846,1
O=C(NCCCCCCCCNc1c2c(nc3cc(Cl)ccc13)CCCC2)c1ccc2nc(-c3ccc(Cl)cc3)c3c(c2c1)OCCC3,8.00684401365086,1
O=C(NCCCCCCCCNc1c2c(nc3ccccc13)CCCC2)c1ccccc1O,6.649751981665837,1
O=C(NCCCCCCCNc1c2c(nc3cc(Cl)ccc13)CCCC2)c1c[nH]c2ccccc12,7.443697499232712,1
O=C(NCCCCCCCNc1c2c(nc3cc(Cl)ccc13)CCCC2)c1ccc2nc(-c3ccc(Cl)cc3)c3c(c2c1)OCCC3,7.73754891026957,1
O=C(NCCCCCCCNc1c2c(nc3cc(Cl)ccc13)CCCC2)c1n[nH]c2ccccc12,7.022276394711152,1
O=C(NCCCCCCCNc1c2c(nc3ccccc13)CCC2)c1cc2ccccc2o1,7.313363730737707,1
O=C(NCCCCCCCNc1c2c(nc3ccccc13)CCCC2)c1cc2ccccc2o1,7.114073660198569,1
O=C(NCCCCCCCNc1c2c(nc3ccccc13)CCCCC2)c1cc2ccccc2o1,6.490797477668897,1
O=C(NCCCCCCNCc1c[nH]c2ccccc12)c1cc(Cl)nc(Cl)c1,5.053056729302174,0
O=C(NCCCCCCNCc1ccc2ccccc2c1)c1cc(Cl)nc(Cl)c1,4.001304841688344,0
O=C(NCCCCCCNCc1ccccc1)c1cc(Cl)nc(Cl)c1,5.498940737782249,0
O=C(NCCCCCCNc1c2c(nc3cc(Br)ccc13)CCCC2)Oc1ccc(-c2cc3cccnc3[nH]2)cc1,7.259400487188843,1
O=C(NCCCCCCNc1c2c(nc3cc(Br)ccc13)CCCC2)Oc1ccc2cc[nH]c2c1,6.946498997613585,1
O=C(NCCCCCCNc1c2c(nc3cc(Cl)ccc13)CCCC2)Oc1ccc(-c2cc3cccnc3[nH]2)cc1,7.189028600177792,1
O=C(NCCCCCCNc1c2c(nc3cc(Cl)ccc13)CCCC2)Oc1ccc2cc[nH]c2c1,6.816104084614389,1
O=C(NCCCCCCNc1c2c(nc3cc(Cl)ccc13)CCCC2)c1c[nH]c2ccccc12,7.481486060122112,1
O=C(NCCCCCCNc1c2c(nc3cc(Cl)ccc13)CCCC2)c1ccc2nc(-c3ccc(Cl)cc3)c3c(c2c1)OCCC3,7.71669877129645,1
O=C(NCCCCCCNc1c2c(nc3cc(F)ccc13)CCCC2)Oc1ccc(-c2cc3cccnc3[nH]2)cc1,7.517841304588724,1
O=C(NCCCCCCNc1c2c(nc3cc(F)ccc13)CCCC2)Oc1ccc2cc[nH]c2c1,6.526965808026823,1
O=C(NCCCCCCNc1c2c(nc3ccccc13)CCC2)c1cc2ccccc2o1,6.2636034977233574,1
O=C(NCCCCCCNc1c2c(nc3ccccc13)CCCC2)Oc1ccc(-c2cc3cccnc3[nH]2)cc1,7.670805584911549,1
O=C(NCCCCCCNc1c2c(nc3ccccc13)CCCC2)Oc1ccc2cc[nH]c2c1,6.418243707689156,1
O=C(NCCCCCCNc1c2c(nc3ccccc13)CCCC2)[C@@H]1Cc2c([nH]c3ccccc23)CN1,7.428430120447704,1
O=C(NCCCCCCNc1c2c(nc3ccccc13)CCCC2)c1cc2c([nH]c3ccccc32)c(-c2ccc(F)cc2)n1,6.514278573518419,1
O=C(NCCCCCCNc1c2c(nc3ccccc13)CCCC2)c1cc2c([nH]c3ccccc32)c(-c2ccccc2)n1,6.798602875679549,1
O=C(NCCCCCCNc1c2c(nc3ccccc13)CCCC2)c1cc2c(cn1)[nH]c1ccccc12,7.037157318798758,1
O=C(NCCCCCCNc1c2c(nc3ccccc13)CCCC2)c1cc2ccccc2o1,6.372634143407268,1
O=C(NCCCCCCNc1c2c(nc3ccccc13)CCCC2)c1ccccc1O,7.698970004336019,1
O=C(NCCCCCCNc1c2c(nc3ccccc13)CCCCC2)c1cc2ccccc2o1,6.511449283499555,1
O=C(NCCCCCNc1c2c(nc3cc(Br)ccc13)CCCC2)Oc1ccc(-c2cc3cccnc3[nH]2)cc1,7.228118679809901,1
O=C(NCCCCCNc1c2c(nc3cc(Br)ccc13)CCCC2)Oc1ccc2cc[nH]c2c1,6.498283628366401,1
O=C(NCCCCCNc1c2c(nc3cc(Cl)ccc13)CCCC2)Oc1ccc(-c2cc3cccnc3[nH]2)cc1,7.636200054520891,1
O=C(NCCCCCNc1c2c(nc3cc(Cl)ccc13)CCCC2)Oc1ccc2cc[nH]c2c1,6.606021397348228,1
O=C(NCCCCCNc1c2c(nc3cc(Cl)ccc13)CCCC2)c1c[nH]c2ccccc12,6.7447274948966935,1
O=C(NCCCCCNc1c2c(nc3cc(Cl)ccc13)CCCC2)c1ccc2nc(-c3ccc(Cl)cc3)c3c(c2c1)NCCC3,7.847711655616943,1
O=C(NCCCCCNc1c2c(nc3cc(F)ccc13)CCCC2)Oc1ccc(-c2cc3cccnc3[nH]2)cc1,6.81901441921327,1
O=C(NCCCCCNc1c2c(nc3cc(F)ccc13)CCCC2)Oc1ccc2cc[nH]c2c1,6.563678299860267,1
O=C(NCCCCCNc1c2c(nc3ccccc13)CCCC2)Oc1ccc(-c2cc3cccnc3[nH]2)cc1,6.816445466381138,1
O=C(NCCCCCNc1c2c(nc3ccccc13)CCCC2)Oc1ccc2cc[nH]c2c1,6.37562507203589,1
O=C(NCCCCCNc1c2c(nc3ccccc13)CCCC2)c1c2ccccc2nc2ccccc12,11.119186407719209,1
O=C(NCCCCCc1ccccc1)Oc1ccc(-n2cc(COc3ccc4ccc(=O)oc4c3)nn2)cc1,4.319664486585436,0
O=C(NCCCCCc1ccccc1)Oc1ccc(Cn2cc(COc3ccc4ccc(=O)oc4c3)nn2)cc1,6.5934598195660445,1
O=C(NCCCCCc1ccccc1)Oc1cccc(-n2cc(COc3ccc4ccc(=O)oc4c3)nn2)c1,5.9299621333922445,0
O=C(NCCCCCc1ccccc1)Oc1cccc(Cn2cc(COc3ccc4ccc(=O)oc4c3)nn2)c1,6.035269078946371,1
O=C(NCCCCNc1c2c(nc3cc(Cl)ccc13)CCCC2)c1ccc2nc(-c3ccc(Cl)cc3)c3c(c2c1)NCCC3,7.847711655616943,1
O=C(NCCCCNc1c2c(nc3ccccc13)CCCC2)Oc1ccc(-c2cc3cccnc3[nH]2)cc1,6.688670047696206,1
O=C(NCCCCNc1c2c(nc3ccccc13)CCCC2)Oc1ccc2cc[nH]c2c1,6.2922935960208015,1
O=C(NCCCCNc1c2c(nc3ccccc13)CCCC2)c1ccc(F)cc1,9.105683937315561,1
O=C(NCCCNc1c2c(nc3cc(Cl)ccc13)CCCC2)c1ccc2nc(-c3ccc(Cl)cc3)c3c(c2c1)NCCC3,11.221848749616356,1
O=C(NCCCNc1c2c(nc3cc(Cl)ccc13)CCCC2)c1nc2ccc([N+](=O)[O-])cc2s1,7.7447274948966935,1
O=C(NCCCNc1c2c(nc3ccccc13)CCCC2)Oc1ccc(-c2cc3cccnc3[nH]2)cc1,6.633203616713271,1
O=C(NCCCNc1c2c(nc3ccccc13)CCCC2)Oc1ccc2cc[nH]c2c1,6.258304888045485,1
O=C(NCCCNc1c2c(nc3ccccc13)CCCC2)c1ccc(F)cc1,9.092051478387727,1
O=C(NCCCNc1c2c(nc3ccccc13)CCCC2)c1sc(-c2ccnc(NC(=O)C3CC3)c2)nc1OCC1CC1,6.506402550999473,1
O=C(NCCCNc1c2c(nc3ccccc13)CCCC2)c1sc(-c2ccnc(NC(=O)C3CCC3)c2)nc1OCC1CC1,6.529883646848996,1
O=C(NCCNc1c2c(nc3ccccc13)CCCC2)C(=O)NCCNc1c2c(nc3ccccc13)CCCC2,8.177178354696895,1
O=C(NCCNc1c2c(nc3ccccc13)CCCC2)Oc1ccc2cc[nH]c2c1,5.901834087837846,0
O=C(NCCNc1c2c(nc3ccccc13)CCCC2)c1ccc(F)cc1,9.088842391260023,1
O=C(NCCc1c[nH]c2ccccc12)C1CCN(Cc2ccccc2)CC1,5.105130343254747,0
O=C(NCCc1c[nH]c2ccccc12)c1cc[n+](Cc2ccc(F)cc2)cc1,5.468521082957745,0
O=C(NCCc1c[nH]c2ccccc12)c1cc[n+](Cc2cccc(F)c2)cc1,5.4089353929735005,0
O=C(NCCc1c[nH]c2ccccc12)c1cc[n+](Cc2ccccc2)cc1,5.376750709602099,0
O=C(NCCc1c[nH]c2ccccc12)c1cc[n+](Cc2ccccc2F)cc1,5.494850021680094,0
O=C(NCCc1c[nH]c2ccccc12)c1ccc[n+](Cc2ccccc2)c1,4.515700160653214,0
O=C(NCCc1c[nH]c2ccccc12)c1ccc[n+](Cc2ccccc2F)c1,4.543633966870957,0
O=C(NCc1ccccc1)O[C@H]1CO[C@H]2[C@@H]1OC[C@H]2OC(=O)c1ccccc1,3.655607726314889,0
O=C(NNC(=S)Nc1ccc(Cl)c(Cl)c1)c1ccccc1O,6.2839966563652006,1
O=C(NNC=C1C(=O)NC(=S)NC1=O)Nc1ccccc1,4.12953756841108,0
O=C(NO)c1ccc(Nc2c3c(nc4ccccc24)CCCC3)cc1,5.7055337738384075,0
O=C(NO)c1ccc(Nc2c3ccccc3nc3ccc(Br)cc23)cc1,6.055517327849831,1
O=C(NO)c1ccc(Nc2c3ccccc3nc3ccc(F)cc23)cc1,6.221848749616356,1
O=C(NO)c1ccc(Nc2c3ccccc3nc3ccc(OC(F)(F)F)cc23)cc1,5.437707135543525,0
O=C(NO)c1ccc(Nc2c3ccccc3nc3ccc(OCc4ccccc4)cc23)cc1,5.578396073130168,0
O=C(NO)c1ccc(Nc2c3ccccc3nc3ccccc23)cc1,6.142667503568731,1
O=C(NO)c1ccc(Nc2ccnc3ccccc23)cc1,6.080921907623926,1
O=C(NP(=O)(NN1CCCCC1)NN1CCCCC1)c1ccccc1,2.7099653886374817,0
O=C(NP(=O)(NN1CCOCC1)NN1CCOCC1)c1ccccc1,1.730020323354676,0
O=C(Nc1cc(-c2cn(CCNc3c4c(nc5ccccc35)CCCC4)nn2)ccn1)Nc1cccc2c1C1CCCCN1C2=O,7.943095148663527,1
O=C(Nc1cc(-c2cn(CCNc3c4c(nc5ccccc35)CCCC4)nn2)ccn1)Nc1cccc2c1[C@@H]1CCCCN1C2=O,7.863279432843593,1
O=C(Nc1cc(-c2cn(CCNc3c4c(nc5ccccc35)CCCC4)nn2)ccn1)Nc1cccc2c1[C@H]1CCCCN1C2=O,8.022276394711152,1
O=C(Nc1cc(CCc2cn(CCNc3c4c(nc5ccccc35)CCCC4)nn2)ccn1)Nc1cccc2c1C1CCCCN1C2=O,7.627087997029893,1
O=C(Nc1cc(COCc2cn(CCNc3c4c(nc5ccccc35)CCCC4)nn2)ccn1)Nc1cccc2c1C1CCCCN1C2=O,7.681936665037238,1
O=C(Nc1cc(Cl)nc(Cl)c1)OCCCCCCNCc1ccccc1,6.119758224104519,1
O=C(Nc1cc(Cl)nc(Cl)c1)OCCCCCNCc1c[nH]c2ccccc12,6.188424994129407,1
O=C(Nc1cc(Cl)nc(Cl)c1)OCCCCCNCc1ccccc1,6.815308569182401,1
O=C(Nc1cc2ccccc2oc1=O)c1ccc(Cl)c(Cl)c1,4.823619307756729,0
O=C(Nc1cc2ccccc2oc1=O)c1ccc(Cl)cc1,4.72792621249999,0
O=C(Nc1cc2ccccc2oc1=O)c1ccc([N+](=O)[O-])cc1,4.889747082646597,0
O=C(Nc1ccc(-c2cn(CCNc3c4c(nc5ccccc35)CCCC4)nn2)cn1)Nc1cccc2c1C1CCCCN1C2=O,9.096910013008056,1
O=C(Nc1ccc(CN2CCOCC2)cc1C(=O)C(=O)N1C(=O)CCC1=O)c1ccccc1,6.640012825558708,1
O=C(Nc1ccc(OC(F)(F)F)cc1)NC1CCN(C(=O)CCCCNc2c3c(nc4cc(Cl)ccc24)CCCC3)CC1,7.889410289700751,1
O=C(Nc1ccc(OC(F)(F)F)cc1)NC1CCN(C(=O)CCCNc2c3c(nc4cc(Cl)ccc24)CCCC3)CC1,8.567030709125595,1
O=C(Nc1ccc(OC(F)(F)F)cc1)NC1CCN(C(=O)CCNc2c3c(nc4cc(Cl)ccc24)CCCC3)CC1,7.838631997765026,1
O=C(Nc1ccc2c(CCC3CCN(Cc4ccccc4)CC3)noc2c1)c1ccccc1,8.027521189303437,1
O=C(Nc1ccc2c(c1)C(=O)N(CCC1CCN(Cc3ccccc3)CC1)C2=O)c1ccccc1,8.920818753952375,1
O=C(Nc1ccc2c(c1)CN(C(=O)c1cccc(Cl)c1)C(=O)C2)c1cccc(Cl)c1,10.84924356013969,1
O=C(Nc1ccc2c(c1)CN(C(=O)c1cccc(Cl)c1)C(=O)C2)c1ccccc1,10.54729377348897,1
O=C(Nc1ccc2c(c1)CN(C(=O)c1ccccc1)C(=O)C2)c1cccc(Cl)c1,10.878440155812498,1
O=C(Nc1ccc2c(c1)CN(C(=O)c1ccccc1)C(=O)C2)c1ccccc1,9.292429823902063,1
O=C(Nc1cccc(-c2cc(-c3ccc(Cl)cc3)n[nH]2)c1)c1ccccc1,5.712870379280889,0
O=C(Nc1cccc(-c2cn(CCNc3c4c(nc5ccccc35)CCCC4)nn2)n1)Nc1cccc2c1C1CCCCN1C2=O,6.876148359032914,1
O=C(Nc1cccc(C2=NCCN2)c1)Nc1cccc(C2=NCCN2)c1,6.229147988357855,1
O=C(Nc1cccc(OCC2CCN(Cc3ccccc3)CC2)c1)c1ccnc(NC(=O)C2CC2)c1,5.855737226238009,0
O=C(Nc1cccc2c1C(=O)N(CCC1CCN(Cc3ccccc3)CC1)C2=O)c1ccccc1,6.468521082957745,1
O=C(Nc1ccccc1)OC1CCN(C2Cc3ccccc3C2)CC1,4.716698771296451,0
O=C(Nc1ccccc1)OCC1CCCN(Cc2ccccc2)C1,4.1732774798310075,0
O=C(Nc1ccccc1)OCC1CCN(Cc2ccccc2)CC1,5.13608262304214,0
O=C(Nc1ccccc1)c1ccc2c(c1)C(=O)N(CCC1CCN(Cc3ccccc3)CC1)C2=O,8.657577319177793,1
O=C(Nc1ccccc1Cl)Oc1ccc2c(c1)CCCN2Cc1ccccc1,5.480172006224281,0
O=C(Nc1ccncc1Br)OCCCCCNCc1ccccc1,5.393618634889394,0
O=C(Nc1cncc(C(=O)NC2CCN(Cc3cccc(Cl)c3)CC2)c1)c1ccnc(NC(=O)C2CC2)c1,5.601886308269497,0
O=C(Nc1cncc(C(=O)NC2CCN(Cc3ccccc3)CC2)c1)c1ccnc(NC(=O)C2CC2)c1,6.206209615309181,1
O=C(Nc1cncc(OCC2CCN(Cc3ccc(F)cc3)CC2)c1)c1ccnc(NC(=O)C2CC2)c1,9.0,1
O=C(Nc1cncc(OCC2CCN(Cc3ccccc3)CC2)c1)c1ccnc(NC(=O)C2CC2)c1,8.585026652029182,1
O=C(Nc1cncc(OCC2CCN(Cc3ccccc3)CC2)c1)c1ccnc2[nH]ccc12,8.4089353929735,1
O=C(Nc1cncc(OCC2CCN(Cc3ccccc3Cl)CC2)c1)c1ccnc(NC(=O)C2CC2)c1,7.088309841246139,1
O=C(Nc1cncc(OCC2CCN(Cc3ccccc3F)CC2)c1)c1ccnc(NC(=O)C2CC2)c1,8.327902142064282,1
O=C(Nc1nc(-c2ccc(Cl)cc2)c(-c2ccc(Cl)cc2)s1)C1CCN(Cc2cc(F)cc(F)c2)CC1,6.1938200260161125,1
O=C(Nc1nc(-c2ccc(Cl)cc2)c(-c2ccc(Cl)cc2)s1)C1CCN(Cc2ccc(F)cc2Cl)CC1,5.431798275933005,0
O=C(Nc1nc(-c2ccc(Cl)cc2)c(-c2ccc(Cl)cc2)s1)C1CCN(Cc2ccc(OC(F)(F)F)cc2)CC1,5.860120913598763,0
O=C(Nc1nc(-c2ccc(Cl)cc2)c(-c2ccc(Cl)cc2)s1)C1CCN(Cc2cccc(F)c2)CC1,6.187086643357144,1
O=C(Nc1nc(-c2ccc(Cl)cc2)c(-c2ccc(Cl)cc2)s1)C1CCN(Cc2ccccc2C(F)(F)F)CC1,5.557520230935552,0
O=C(O)/C=C/c1ccc2oc(C(=O)Nc3ccccc3)cc(=O)c2c1,5.2225731776106885,0
O=C(O)/C=C/c1ccc2occ(C(=O)Nc3ccccc3)c(=O)c2c1,5.0338582672609675,0
O=C(O)C1=Nc2ccccc2CN1,3.4624327428473247,0
O=C(O)CC1(CC(=O)c2cc(O)ccc2O)C=C(CO)CCC1,4.585026652029182,0
O=C(O)CCCC[C@@H]1CCSS1,9.0,1
O=C(O)c1c(O)cccc1CCCCCCCCNc1c2c(nc3cc(Cl)ccc13)CCCC2,7.872895201635192,1
O=C(O)c1c(O)cccc1CCCCCCCCNc1c2c(nc3ccccc13)CCCC2,6.735182176990463,1
O=C(O)c1ccc(-n2cc(COc3ccc(/C=N/Nc4c5c(nc6ccccc46)CCCC5)cc3)nn2)cc1,5.39469495385889,0
O=C(O)c1ccccc1O,3.4609239012072237,0
O=C(O)c1sc(-c2ccnc(NC(=O)C3CC3)c2)nc1OCCNc1c2c(nc3ccccc13)CCCC2,6.236572006437063,1
O=C(OC1Cc2c(O)cc(O)cc2OC1c1ccc(O)c(O)c1)c1cc(O)c(O)c(O)c1,4.552841968657781,0
O=C(OC[C@H]1O[C@@H](OC(=O)c2cc(O)c(O)c(O)c2)[C@H](OC(=O)c2cc(O)c(O)c(O)c2)[C@@H](OC(=O)c2cc(O)c(O)c(O)c2)[C@@H]1O)c1cc(O)c(O)c(O)c1,4.925915310971757,0
O=C(O[C@@H]1C=C[C@]23CCN(Cc4cc5c(cc42)OCO5)[C@H]3C1)c1ccccc1[N+](=O)[O-],4.221848749616356,0
O=C(O[C@H]1CN2Cc3cc4c(cc3[C@]13C=C[C@@H](O)C[C@H]23)OCO4)c1cccc([N+](=O)[O-])c1,5.3979400086720375,0
O=C(O[C@H]1CN2Cc3cc4c(cc3[C@]13C=C[C@@H](O)C[C@H]23)OCO4)c1ccccc1Cl,4.886056647693163,0
O=C(Oc1cc(O)c2c(=O)cc(-c3ccc(O)cc3)oc2c1)N1CCCCC1,4.204119982655925,0
O=C(c1c(F)ccc(F)c1F)n1nc(OCCN2CCCCC2)c2ccccc21,5.026872146400301,0
O=C(c1ccc(CN2CCC(CCO)CC2)cc1)c1ccc(O)c(F)c1,5.634512015109101,0
O=C(c1ccc(F)cc1)N(CCC1CCN(Cc2ccccc2)CC1)c1ccccc1,7.7447274948966935,1
O=C(c1ccc(OCCCc2c[nH]cn2)cc1)C1CC1,4.064996848546345,0
O=C(c1ccc(OCCN2CCCCC2)cc1)c1c(-c2ccc(O)cc2)sc2cc(O)ccc12,6.3979400086720375,1
O=C(c1ccc([N+](=O)[O-])cc1)N(CCC1CCN(Cc2ccccc2)CC1)c1ccccc1,8.267606240177031,1
O=C(c1cccc(Cl)c1Cl)n1nc(OCCCN2CCCCC2)c2ccccc21,4.769551078621726,0
O=C(c1cccc(Cl)c1Cl)n1nc(OCCN2CCCCC2)c2ccccc21,4.978810700930062,0
O=C(c1cccc(F)c1F)n1nc(OCCN2CCCC2)c2ccccc21,4.958607314841775,0
O=C(c1ccccc1)N(CCC1CCN(Cc2ccccc2)CC1)c1ccccc1,7.455931955649724,1
O=C(c1ccccc1)N1c2ccccc2Sc2ccc(Cl)cc21,5.004364805402449,0
O=C(c1ccccc1)N1c2ccccc2Sc2ccccc21,5.096910013008056,0
O=C(c1ccccc1)N1c2ccccc2[Se]c2ccc(Cl)cc21,5.221848749616356,0
O=C(c1ccccc1)N1c2ccccc2[Se]c2ccccc21,5.267606240177031,0
O=C(c1ccccc1)c1c(C2CCN(Cc3ccccc3)CC2)oc2ccccc12,4.384365531122584,0
O=C(c1ccccc1)c1ccc2c(c1)C(=O)N(CCC1CCN(Cc3ccccc3)CC1)C2=O,8.619788758288394,1
O=C(c1ccccc1Cl)n1nc(OCCCN2CCCCC2)c2ccccc21,5.013228265733755,0
O=C(c1ccccc1Cl)n1nc(OCCN2CCCC2)c2ccccc21,5.013228265733755,0
O=C(c1ccncc1)N(CCC1CCN(Cc2ccccc2)CC1)c1ccccc1,7.1938200260161125,1
O=C(c1cnn(C2CCCC2)c1)C(F)(F)F,8.248977723061323,1
O=C(c1cnn(C2CCCC2)c1)C(F)F,6.647273419349254,1
O=C1/C(=C/C2CCN(Cc3ccccc3)CC2)Cc2cc(O)ccc21,5.665546248849068,0
O=C1/C(=C/C2CCN(Cc3ccccc3)CC2)Cc2cc3c(cc21)OCO3,6.1220530483708115,1
O=C1/C(=C/C2CCN(Cc3ccccc3)CC2)Cc2ccc(O)cc21,5.823908740944319,0
O=C1/C(=C/C2CCN(Cc3ccccc3)CC2)Cc2cccc(O)c21,6.196542884351587,1
O=C1/C(=C/c2cc[nH]c2)CN(Cc2ccccc2)C/C1=C\c1cc[nH]c1,5.221848749616356,0
O=C1/C(=C/c2ccc(Br)cc2)CN(Cc2ccc3ccccc3c2)C/C1=C\c1ccc(Br)cc1,6.080921907623926,1
O=C1/C(=C/c2ccc(Cl)cc2)CN(C(=O)C[C@H]2C[C@H]3CCCN3[C@]23C(=O)Nc2ccccc23)C/C1=C\c1ccc(Cl)cc1,5.4736607226101555,0
O=C1/C(=C/c2ccc(Cl)cc2)CN(C(=O)[C@H]2C[C@H]3CCCN3[C@]23C(=O)Nc2cc(Cl)ccc23)C/C1=C\c1ccc(Cl)cc1,5.4736607226101555,0
O=C1/C(=C/c2ccc(Cl)cc2Cl)CN(C(=O)C[C@H]2C[C@H]3CCCN3[C@]23C(=O)Nc2ccccc23)C/C1=C\c1ccc(Cl)cc1Cl,5.386158178123931,0
O=C1/C(=C/c2ccc(Cl)cc2Cl)CN(C(=O)[C@H]2C[C@H]3CCCN3[C@]23C(=O)Nc2cc(Cl)ccc23)C/C1=C\c1ccc(Cl)cc1Cl,5.47755576649368,0
O=C1/C(=C/c2ccc(F)cc2)CN(C(=O)C[C@H]2C[C@H]3CCCN3[C@]23C(=O)Nc2ccccc23)C/C1=C\c1ccc(F)cc1,4.70245833218184,0
O=C1/C(=C/c2ccc(F)cc2)CN(C(=O)[C@H]2C[C@H]3CCCN3[C@]23C(=O)Nc2cc(Cl)ccc23)C/C1=C\c1ccc(F)cc1,4.651305809734459,0
O=C1/C(=C/c2ccc(F)cc2)COc2cc(OCCCCCCNc3c4c(nc5ccccc35)CCCC4)ccc21,6.9775716288145135,1
O=C1/C(=C/c2ccc(N3CCCC3)cc2)CC/C1=C\c1ccc(N2CCCC2)cc1,4.17763574755845,0
O=C1/C(=C/c2ccc(O)cc2)COc2ccccc21,4.000434511774017,0
O=C1/C(=C/c2ccc(OCCCN3CCN(Cc4ccccc4)CC3)cc2)COc2ccccc21,5.326058001365912,0
O=C1/C(=C/c2ccc(OCCN3CCCC3)cc2)Oc2ccccc21,6.2636034977233574,1
O=C1/C(=C/c2ccc(OCCN3CCCCC3)cc2)Oc2ccccc21,6.458420756053419,1
O=C1/C(=C/c2ccc[nH]2)CN(Cc2ccccc2)C/C1=C\c1ccc[nH]1,4.7447274948966935,0
O=C1/C(=C/c2cccc([N+](=O)[O-])c2)CN(C(=O)C[C@H]2C[C@H]3CCCN3[C@]23C(=O)Nc2ccccc23)C/C1=C\c1cccc([N+](=O)[O-])c1,5.2225731776106885,0
O=C1/C(=C/c2cccc([N+](=O)[O-])c2)CN(C(=O)[C@H]2C[C@H]3CCCN3[C@]23C(=O)Nc2cc(Cl)ccc23)C/C1=C\c1cccc([N+](=O)[O-])c1,5.368556230986828,0
O=C1/C(=C/c2cccc3ccccc23)CN(C(=O)C[C@H]2C[C@H]3CCCN3[C@]23C(=O)Nc2ccccc23)C/C1=C\c1cccc2ccccc12,5.170053304058364,0
O=C1/C(=C/c2cccc3ccccc23)CN(C(=O)[C@H]2C[C@H]3CCCN3[C@]23C(=O)Nc2cc(Cl)ccc23)C/C1=C\c1cccc2ccccc12,5.235823867609669,0
O=C1/C(=C/c2ccccc2)CN(C(=O)C[C@H]2C[C@H]3CCCN3[C@]23C(=O)Nc2ccccc23)C/C1=C\c1ccccc1,4.757210190521324,0
O=C1/C(=C/c2ccccc2)CN(C(=O)[C@H]2C[C@H]3CCCN3[C@]23C(=O)Nc2cc(Cl)ccc23)C/C1=C\c1ccccc1,4.8035474582966105,0
O=C1/C(=C/c2ccccc2)CN(Cc2ccc3ccccc3c2)C/C1=C\c1ccccc1,5.714442690992226,0
O=C1/C(=C/c2ccccc2Cl)CN(C(=O)C[C@H]2C[C@H]3CCCN3[C@]23C(=O)Nc2ccccc23)C/C1=C\c1ccccc1Cl,4.923723744595782,0
O=C1/C(=C/c2ccccc2Cl)CN(C(=O)[C@H]2C[C@H]3CCCN3[C@]23C(=O)Nc2cc(Cl)ccc23)C/C1=C\c1ccccc1Cl,5.29413628771608,0
O=C1/C(=C/c2ccccc2F)CN(C(=O)C[C@H]2C[C@H]3CCCN3[C@]23C(=O)Nc2ccccc23)C/C1=C\c1ccccc1F,4.463820467862774,0
O=C1/C(=C/c2ccccc2F)CN(C(=O)[C@H]2C[C@H]3CCCN3[C@]23C(=O)Nc2cc(Cl)ccc23)C/C1=C\c1ccccc1F,4.5300307905000405,0
O=C1/C(=C\c2ccc(N3CCCC3)cc2)CNC/C1=C\c1ccc(N2CCCC2)cc1,5.021363051615525,0
O=C1C(=O)N(C(=O)c2ccccc2)c2ccc(CN3CCCCC3)cc21,7.100015437450609,1
O=C1C(=O)N(C(=O)c2ccccc2)c2ccc(CNc3ccc(Br)cc3)cc21,6.400007822415902,1
O=C1C(=O)N(Cc2ccc(Br)cc2)c2ccc(Br)cc21,7.0499760934766735,1
O=C1C(=O)N(Cc2ccccc2[N+](=O)[O-])c2ccc(Br)cc21,6.580044251510242,1
O=C1C(=O)N2CCc3cc4c(c5c3c2c1c1ccccc15)OCO4,4.289882634888183,0
O=C1C(Cl)=C(NCCCNc2c3c(nc4cc(Cl)ccc24)CCCC3)C(=O)c2ccccc21,8.048662481204083,1
O=C1C(Cl)=C(NCCCNc2c3c(nc4ccccc24)CCCC3)C(=O)c2ccccc21,7.42021640338319,1
O=C1C(Cl)=C(NCCNc2c3c(nc4cc(Cl)ccc24)CCCC3)C(=O)c2ccccc21,8.493494967595128,1
O=C1C(Cl)=C(NCCNc2c3c(nc4ccccc24)CCCC3)C(=O)c2ccccc21,7.017276612331455,1
O=C1C(NCCCNc2c3c(nc4cc(Cl)ccc24)CCCC3)=CC(=O)c2c(O)cccc21,8.034328028779893,1
O=C1C(NCCCNc2c3c(nc4ccccc24)CCCC3)=CC(=O)c2c(O)cccc21,6.987162775294828,1
O=C1C(NCCNc2c3c(nc4cc(Cl)ccc24)CCCC3)=CC(=O)c2c(O)cccc21,9.142667503568731,1
O=C1C(NCCNc2c3c(nc4ccccc24)CCCC3)=CC(=O)c2c(O)cccc21,7.607303046740334,1
O=C1C2=C(C3=NCCc4c[nH]c1c43)C1(C=CN2)C=C(Br)C(O)C(Br)=C1,3.8181564120552274,0
O=C1C2=C3C4=[N+](CCc5c[nH]c1c54)[C@@H]1C(=O)C=C4S[C@@H](C[C@@]43[C@H]1O)N2,3.801342913045577,0
O=C1C2Cc3c([nH]c4ccccc34)[C@@H](c3ccc4c(c3)OCO4)N2C(=O)CN1CCC1CCN(Cc2ccccc2)CC1,7.443697499232712,1
O=C1C=C(NCCCCCCNCc2ccc(-c3nc4ccccc4s3)cc2)C(=O)C=C1NCCCCCCNCc1ccc(-c2nc3ccccc3s2)cc1,6.515700160653214,1
O=C1C=C(NCCCCCCNCc2nc3ccccc3s2)C(=O)C=C1NCCCCCCNCc1nc2ccccc2s1,4.657577319177793,0
O=C1C=C(NCCCNCc2cc3ccccc3o2)C(=O)C=C1NCCCNCc1cc2ccccc2o1,4.661543506395395,0
O=C1C=C(NCCCNCc2ccc(-c3nc4ccccc4s3)cc2)C(=O)C=C1NCCCNCc1ccc(-c2nc3ccccc3s2)cc1,4.503070351926785,0
O=C1C=C(NCCCNc2c3c(nc4cc(Cl)ccc24)CCCC3)C(=O)c2ccccc21,8.267606240177031,1
O=C1C=C(NCCCNc2c3c(nc4ccccc24)CCCC3)C(=O)c2ccccc21,7.270025714300444,1
O=C1C=C(NCCNc2c3c(nc4cc(Cl)ccc24)CCCC3)C(=O)c2ccccc21,8.714442690992227,1
O=C1C=C(NCCNc2c3c(nc4ccccc24)CCCC3)C(=O)c2ccccc21,7.844663962534938,1
O=C1C=C2S[C@H]3C[C@]2(C=C1Br)C1=C(N3)C(=O)c2[nH]cc3c2C1=NCC3,4.306273051076353,0
O=C1CC(c2ccc(OCCCCN3CCC(Cc4ccccc4)CC3)cc2)Oc2cc(OCCCCN3CCC(Cc4ccccc4)CC3)cc(O)c21,5.119186407719209,0
O=C1CC(c2ccc(OCCCCN3CCN(Cc4ccccc4)CC3)cc2)Oc2cc(OCCCCN3CCN(Cc4ccccc4)CC3)cc(O)c21,4.728158393463501,0
O=C1CC(c2ccc(OCCCCN3CCc4ccccc4C3)cc2)Oc2cc(OCCCCN3CCc4ccccc4C3)cc(O)c21,4.87942606879415,0
O=C1CC2CCCc3ccsc3C2=NN1CCCCN1CCN(Cc2ccccc2)CC1,5.910094888560602,0
O=C1CC2CCc3ccsc3C2=NN1CCCCCCCN1CCN(Cc2cccc3c2ccn3S(=O)(=O)c2ccccc2)CC1,5.341035157335565,0
O=C1CC2CCc3ccsc3C2=NN1CCCCCCN1CCN(Cc2cccc3c2ccn3S(=O)(=O)c2ccccc2)CC1,5.008773924307505,0
O=C1CC2CCc3ccsc3C2=NN1CCCCCN1CCN(Cc2cccc3c2ccn3S(=O)(=O)c2ccccc2)CC1,5.35261702988538,0
O=C1CC2CCc3ccsc3C2=NN1CCCCN1CCCC1,5.935542010773082,0
O=C1CC2CCc3ccsc3C2=NN1CCCCN1CCCCC1,5.679853713888946,0
O=C1CC2CCc3ccsc3C2=NN1CCCCN1CCN(Cc2cccc3c2ccn3S(=O)(=O)c2ccccc2)CC1,5.118615343229427,0
O=C1CC2CCc3ccsc3C2=NN1CCCCN1CCN(Cc2ccccc2)CC1,6.121478204498794,1
O=C1CC2CCc3ccsc3C2=NN1CCN1CCN(Cc2ccccc2)CC1,6.769551078621726,1
O=C1CC2CCc3ccsc3C2=NN1CN1CCN(Cc2ccccc2)CC1,4.866461091629782,0
O=C1CC2CCc3ccsc3C2=NN1Cc1ccc(CN2CCN(Cc3ccccc3)CC2)cc1,5.437707135543525,0
O=C1CC2CCc3sccc3C2=NN1CCCCN1CCN(Cc2ccccc2)CC1,6.065501548756432,1
O=C1CC2Cc3ccsc3C2=NN1CCCCCCCN1CCN(Cc2cccc3c2ccn3S(=O)(=O)c2ccccc2)CC1,5.1438755557577,0
O=C1CC2Cc3ccsc3C2=NN1CCCCCCN1CCN(Cc2cccc3c2ccn3S(=O)(=O)c2ccccc2)CC1,5.037157318798758,0
O=C1CC2Cc3ccsc3C2=NN1CCCCCN1CCN(Cc2cccc3c2ccn3S(=O)(=O)c2ccccc2)CC1,5.161780778092375,0
O=C1CC2Cc3ccsc3C2=NN1CCCCN1CCN(Cc2cccc3c2ccn3S(=O)(=O)c2ccccc2)CC1,5.449771646944906,0
O=C1CC2Cc3ccsc3C2=NN1CCCCN1CCN(Cc2ccccc2)CC1,6.269217724333611,1
O=C1CCCCN1CCC1CCN(Cc2ccccc2)CC1,6.568636235841012,1
O=C1CCN(Cc2ccccc2)C/C1=C\c1c[nH]c2ccc(OCc3ccccc3)cc12,4.6020599913279625,0
O=C1CCN(Cc2ccccc2)C/C1=C\c1c[nH]c2ccccc12,5.096910013008056,0
O=C1CCN(Cc2ccccc2)C/C1=C\c1cc[nH]c1,5.221848749616356,0
O=C1CCN(Cc2ccccc2)C/C1=C\c1ccc[nH]1,4.958607314841775,0
O=C1CCN(Cc2ccccc2)C/C1=C\c1cccn1C(=O)c1ccccc1,4.522878745280337,0
O=C1CCN(Cc2ccccc2)C/C1=C\c1ccn(C(=O)c2ccccc2)c1,4.522878745280337,0
O=C1CCN(Cc2ccccc2)C/C1=C\c1cn(C(=O)c2ccc(Cl)cc2)c2ccccc12,4.301029995663981,0
O=C1CCN(Cc2ccccc2)C/C1=C\c1cn(C(=O)c2ccc(F)cc2)c2ccccc12,4.221848749616356,0
O=C1CCN(Cc2ccccc2)C/C1=C\c1cn(C(=O)c2ccc([N+](=O)[O-])cc2)c2ccccc12,4.301029995663981,0
O=C1CCN(Cc2ccccc2)C/C1=C\c1cn(C(=O)c2ccccc2)c2ccccc12,4.154901959985743,0
O=C1CCOc2cc(OCCCCCSC(=S)N3CCCCC3)ccc21,7.0,1
O=C1CC[C@@]2(C=CNC3=C2C2=NCCc4c[nH]c(c42)C3=O)C=C1Br,3.935542010773082,0
O=C1CCc2cc3c(CCC4CCN(Cc5ccccc5)CC4)noc3cc2N1,9.243101393857055,1
O=C1CN(/N=C/c2ccc(-c3ccc([N+](=O)[O-])cc3)o2)C(=O)N1CCC1CCN(Cc2ccccc2)CC1,7.333482019445119,1
O=C1CN(/N=C/c2ccc(-c3ccc([N+](=O)[O-])cc3)o2)C(=O)N1CCN1CCN(Cc2ccccc2)CC1,6.6968039425795105,1
O=C1CN(/N=C/c2ccc(-c3cccc([N+](=O)[O-])c3)o2)C(=O)N1CCC1CCN(Cc2ccccc2)CC1,6.537602002101044,1
O=C1CN(/N=C/c2ccc(-c3ccccc3[N+](=O)[O-])o2)C(=O)N1CCC1CCN(Cc2ccccc2)CC1,7.465973893943865,1
O=C1CN(CCN2CCCC2)C(=O)CN1CCCn1ccnc1,4.698970004336019,0
O=C1CN(CCN2CCOCC2)C(=O)CN1CCC(c1ccccc1)c1ccccc1,4.698970004336019,0
O=C1CNc2cc3onc(CCC4CCN(Cc5ccccc5)CC4)c3cc2C1,9.318758762624412,1
O=C1COCCN1c1ccc(NCc2cc(Cl)cc(/C=N/O)c2O)cc1,2.3791355247348784,0
O=C1CSC(c2ccc(F)cc2)N1c1ccc2oc(=O)ccc2c1,6.991399828238082,1
O=C1C[C@@H](c2ccc(O)c(O)c2)Oc2cc(O)cc(O)c21,2.7788988800384944,0
O=C1C[C@@H](c2ccc(O)cc2)Oc2cc(O)cc(O)c21,2.6893066876566394,0
O=C1Cc2c(ccc3c(CCC4CCN(Cc5ccccc5)CC4)noc23)N1,8.442766562196311,1
O=C1Cc2cc(N3C(=O)c4ccccc4C3=O)ccc2CN1C(=O)c1ccccc1,7.1830961606243395,1
O=C1Cc2cc(OCc3ccc(F)cc3)ccc2C=C1C(=O)NCCc1c[nH]c2ccccc12,6.795880017344075,1
O=C1Cc2cc3c(CCC4CCN(Cc5ccccc5)CC4)noc3cc2N1,9.481124749903568,1
O=C1Cc2cc3onc(CCC4CCN(Cc5ccccc5)CC4)c3cc2N1,9.021706453137428,1
O=C1Cc2ccccc2C(=O)N1CCC1CCN(Cc2ccccc2)CC1,7.638272163982407,1
O=C1Cc2ccccc2CN1CCC1CCN(Cc2ccccc2)CC1,7.769551078621726,1
O=C1N/C(=N\c2ccc3oc(=O)ccc3c2)S/C1=C/c1ccc(Br)cc1,6.558461961297839,1
O=C1N/C(=N\c2ccc3oc(=O)ccc3c2)S/C1=C/c1ccc(Cl)cc1,6.760700520873107,1
O=C1N/C(=N\c2ccc3oc(=O)ccc3c2)S/C1=C/c1ccc(F)cc1,6.665546248849068,1
O=C1N/C(=N\c2ccc3oc(=O)ccc3c2)S/C1=C/c1ccccc1,7.026410376572743,1
O=C1NC(=O)C(=CNNC(=S)Nc2cccc(C(F)(F)F)c2)C(=O)N1,4.389552778557879,0
O=C1NC(=S)NC(=O)C1=CNNC(=S)Nc1ccc(Br)cc1,4.101219986710174,0
O=C1NC(=S)NC(=O)C1=CNNC(=S)Nc1ccc(C(F)(F)F)cc1,4.002569926202529,0
O=C1NC(=S)NC(=O)C1=CNNC(=S)Nc1ccc(Cl)cc1,3.916819995870023,0
O=C1NC(=S)NC(=O)C1=CNNC(=S)Nc1ccc(F)cc1,4.1056285461437625,0
O=C1NC(=S)NC(=O)C1=CNNC(=S)Nc1ccccc1,3.938886946082021,0
O=C1NCCCc2c1c1ccccc1n2CCc1ccc(F)cc1,5.0,0
O=C1NCCCc2c1c1ccccc1n2CCc1ccccc1,4.899629454882437,0
O=C1N[C@H](COCc2ccccc2)[C@@H](OCc2ccccc2)[C@H](OCc2ccccc2)[C@H]1OCc1ccccc1,4.337242168318426,0
O=C1Nc2ccc([N+](=O)[O-])cc2C12NNC(Nc1ccc(Cl)cc1)=C2[N+](=O)[O-],4.430041181903406,0
O=C1Nc2ccccc2C12NNC(Nc1cccc(Cl)c1)=C2[N+](=O)[O-],5.220403508742176,0
O=C1Nc2ccccc2CN1CCC1CCN(Cc2ccccc2)CC1,7.886056647693163,1
O=C1OCc2cc(-c3ccc(-c4ccc(CO)cc4)s3)ccc21,5.096910013008056,0
O=C1[C@@H]2Cc3c([nH]c4ccccc34)[C@@H](c3ccc4c(c3)OCO4)N2C(=O)CN1CCC1CCN(Cc2ccccc2)CC1,6.641331208638068,1
O=C1[C@H]2Cc3c([nH]c4ccccc34)[C@@H](c3ccc4c(c3)OCO4)N2C(=O)CN1CCC1CCN(Cc2ccccc2)CC1,6.823908740944319,1
O=C1c2c(ccc(O)c2O)CCn2cccc21,4.296794629304514,0
O=C1c2ccc([N+](=O)[O-])cc2C(=O)N1C1CCN(Cc2ccccc2)CC1,4.568636235841012,0
O=C1c2ccc([N+](=O)[O-])cc2C(=O)N1CC1CCN(Cc2ccccc2)CC1,5.522878745280337,0
O=C1c2ccc([N+](=O)[O-])cc2C(=O)N1CCC1CCN(Cc2ccc(Cl)cc2)CC1,6.619788758288394,1
O=C1c2ccc([N+](=O)[O-])cc2C(=O)N1CCC1CCN(Cc2ccccc2)CC1,7.903089986991944,1
O=C1c2cccc([N+](=O)[O-])c2C(=O)N1CCC1CCN(Cc2ccccc2)CC1,8.045757490560675,1
O=C1c2ccccc2-[n+]2ccc3c([nH]c4ccccc43)c21,5.823908740944319,0
O=C1c2ccccc2C(=O)C12N1CSC[C@@H]1[C@@H](c1ccc(Br)cc1)[C@@]21CSc2ccccc2C1=O,4.461426266193144,0
O=C1c2ccccc2C(=O)C12N1CSC[C@@H]1[C@@H](c1ccc(Cl)cc1)[C@@]21CSc2ccccc2C1=O,4.672028376376989,0
O=C1c2ccccc2C(=O)C12N1CSC[C@@H]1[C@@H](c1ccc(Cl)cc1Cl)[C@@]21CSc2ccccc2C1=O,4.710411047457403,0
O=C1c2ccccc2C(=O)C12N1CSC[C@@H]1[C@@H](c1ccc(F)cc1)[C@@]21CSc2ccccc2C1=O,4.703334809738469,0
O=C1c2ccccc2C(=O)C12N1CSC[C@@H]1[C@@H](c1cccc(Br)c1)[C@@]21CSc2ccccc2C1=O,4.416347891457956,0
O=C1c2ccccc2C(=O)C12N1CSC[C@@H]1[C@@H](c1cccc(F)c1)[C@@]21CSc2ccccc2C1=O,4.912218582190458,0
O=C1c2ccccc2C(=O)C12N1CSC[C@@H]1[C@@H](c1cccc3ccccc13)[C@@]21CSc2ccccc2C1=O,4.783042792638903,0
O=C1c2ccccc2C(=O)C12N1CSC[C@@H]1[C@@H](c1ccccc1)[C@@]21CSc2ccccc2C1=O,4.890759031411797,0
O=C1c2ccccc2C(=O)C12N1CSC[C@@H]1[C@@H](c1ccccc1Cl)[C@@]21CSc2ccccc2C1=O,4.479385478121764,0
O=C1c2ccccc2C(=O)C12N1CSC[C@@H]1[C@@H](c1cccs1)[C@@]21CSc2ccccc2C1=O,4.718512112059918,0
O=C1c2ccccc2C(=O)N1CCC1CCN(Cc2ccccc2)CC1,7.096910013008056,1
O=C1c2ccccc2C(=O)N1CCCCCCCCNCc1ccc(F)cc1F,6.2380721615794705,1
O=C1c2ccccc2C(=O)N1CCCCCCCCNCc1cccc(Cl)c1,6.163675884293248,1
O=C1c2ccccc2C(=O)N1CCCCCCCCNCc1ccccc1,6.304518323509802,1
O=C1c2ccccc2C(=O)N1CCCCCCCCNCc1ccccc1F,6.2636034977233574,1
O=C1c2ccccc2C(=O)N1CCCCCCCNCc1ccc(F)cc1,6.359518563029578,1
O=C1c2ccccc2C(=O)N1CCCCCCCNCc1ccc(F)cc1F,6.41907502432438,1
O=C1c2ccccc2C(=O)N1CCCCCCCNCc1cccc(Cl)c1,6.186419011431807,1
O=C1c2ccccc2C(=O)N1CCCCCCCNCc1ccccc1,6.518557371497694,1
O=C1c2ccccc2C(=O)N1CCCCCCCNCc1ccccc1F,6.482804102050025,1
O=C1c2ccccc2C(=O)N1CCCCCCNCc1ccc(F)cc1,5.499351936628088,0
O=C1c2ccccc2C(=O)N1CCCCCCNCc1ccc(F)cc1F,5.796967112985289,0
O=C1c2ccccc2C(=O)N1CCCCCCNCc1cccc(Cl)c1,5.697236291527018,0
O=C1c2ccccc2C(=O)N1CCCCCCNCc1ccccc1,5.676747899828313,0
O=C1c2ccccc2C(=O)N1CCCCCCNCc1ccccc1F,6.026410376572743,1
O=C1c2ccccc2C(=O)N1CCCCCNCc1ccc(F)cc1,6.571865205971211,1
O=C1c2ccccc2C(=O)N1CCCCCNCc1ccc(F)cc1F,6.58838029403677,1
O=C1c2ccccc2C(=O)N1CCCCCNCc1cccc(Cl)c1,6.795880017344075,1
O=C1c2ccccc2C(=O)N1CCCCCNCc1ccccc1,6.694648630553376,1
O=C1c2ccccc2C(=O)N1CCCCCNCc1ccccc1F,6.774690718274137,1
O=C1c2ccccc2C(=O)N1Cc1cn(CC2CCN(Cc3ccccc3)CC2)nn1,5.309803919971486,0
O=C1c2ccccc2C(=O)c2c(O)c(O)cc(O)c21,6.522878745280337,1
O=C1c2ccccc2CC1CC1CCN(c2ccccc2)CC1,6.823908740944319,1
O=C1c2ccccc2CCC1CC1CCN(c2ccccc2)CC1,5.6777807052660805,0
O=C1c2ccccc2CCCC1CC1CCN(c2ccccc2)CC1,4.823908740944319,0
O=C1c2ccccc2CCN1CCC1CCN(Cc2ccccc2)CC1,6.0,1
O=C1c2ccccc2CN1CCC1CCN(Cc2ccccc2)CC1,7.008773924307505,1
O=C1c2ccccc2NCN1CCC1CCN(Cc2ccccc2)CC1,6.096910013008056,1
O=C1c2ccccc2S(=O)(=O)N1CCCCCNCc1ccccc1,7.481486060122112,1
O=C1c2cccnc2C(=O)N1CCC1CCN(Cc2ccccc2)CC1,7.886056647693163,1
O=Cc1ccc2n1CCc1cc(O)c(O)cc1C2,4.23381030668984,0
O=P(NN1CCOCC1)(NN1CCOCC1)Oc1ccccc1,2.019996628416253,0
O=P(O)(NN1CCCCC1)Oc1ccccc1,2.2604276555499077,0
O=S(=O)(/N=C(\NCCCCCCCNc1c2c(nc3ccccc13)CCCC2)N1CC(c2ccccc2)C(c2ccc(Cl)cc2)=N1)c1ccc(Cl)cc1,6.0,1
O=S(=O)(/N=C(\NCCCCNc1c2c(nc3ccccc13)CCCC2)N1CC(c2ccccc2)C(c2ccc(Cl)cc2)=N1)c1ccc(Cl)cc1,5.59999938302362,0
O=S(=O)(CCCN1CCN(Cc2ccccc2)CC1)NCCNc1cccc2ccccc12,6.795880017344075,1
O=S(=O)(Nc1ccc2c(CCC3CCN(Cc4ccccc4)CC3)noc2c1)c1ccccc1,7.853871964321762,1
O=S(=O)(Nc1nccs1)c1ccc(NCc2cc(Cl)cc(/C=N/O)c2O)cc1,2.3690638809358084,0
O=S(=O)(c1ccccc1)n1ccc2c(N3CCN(CCCCCCCCNc4c5c(nc6ccccc46)CCCC5)CC3)cccc21,8.886056647693163,1
O=S(=O)(c1ccccc1)n1ccc2c(N3CCN(CCCCCCCNc4c5c(nc6ccccc46)CCCC5)CC3)cccc21,8.207608310501746,1
O=S(=O)(c1ccccc1)n1ccc2c(N3CCN(CCCCCCNc4c5c(nc6ccccc46)CCCC5)CC3)cccc21,7.889410289700751,1
O=S(=O)(c1ccccc1)n1ccc2c(N3CCN(CCCCCNc4c5c(nc6ccccc46)CCCC5)CC3)cccc21,7.739928612014925,1
O=S(=O)(c1ccccc1)n1ccc2c(N3CCN(CCCNc4c5c(nc6ccccc46)CCCC5)CC3)cccc21,8.013228265733755,1
O=S(=O)(c1ccccc1)n1ccc2c(N3CCN(CCNc4c5c(nc6ccccc46)CCCC5)CC3)cccc21,7.360513510731414,1
O=S1(=O)CCN(c2nccc(NCc3ccccc3)n2)CC1,4.616184634019569,0
O=[N+]([O-])C1C(Cc2c[nH]cn2)NC2(c3ccccc3-c3nc4ccccc4nc32)C1c1ccc(Br)cc1,4.789146634685107,0
O=[N+]([O-])C1C(Cc2c[nH]cn2)NC2(c3ccccc3-c3nc4ccccc4nc32)C1c1ccc(Cl)cc1,4.738975166007602,0
O=[N+]([O-])C1C(Cc2c[nH]cn2)NC2(c3ccccc3-c3nc4ccccc4nc32)C1c1ccccc1,4.928117992693875,0
O=[N+]([O-])C1C(Cc2c[nH]cn2)NC2(c3ccccc3-c3nc4ccccc4nc32)C1c1ccccn1,4.768530409569319,0
O=[N+]([O-])C1C(Cc2c[nH]cn2)NC2(c3ccccc3-c3nc4ccccc4nc32)C1c1ccco1,4.846490010699163,0
O=[N+]([O-])OCCCCCCNCCCCNc1c2c(nc3ccccc13)CCCC2,7.7423214251308154,1
O=[N+]([O-])OCCCCCCNCCCNc1c2c(nc3ccccc13)CCCC2,8.200659450546418,1
O=[N+]([O-])OCCCNCCCCNc1c2c(nc3ccccc13)CCCC2,8.2518119729938,1
O=[N+]([O-])OCCCNCCCNc1c2c(nc3ccccc13)CCCC2,8.193820026016112,1
O=[N+]([O-])OCCNCCCCNc1c2c(nc3ccccc13)CCCC2,7.954677021213342,1
O=[N+]([O-])OCCNCCCNc1c2c(nc3ccccc13)CCCC2,8.0,1
O=[N+]([O-])c1ccc(-c2nnc(N3CCN(c4ccccn4)CC3)o2)cc1,6.6595558851598815,1
O=[N+]([O-])c1ccc(-n2cc(COc3ccc(/C=N/Nc4c5c(nc6ccccc46)CCCC5)cc3)nn2)cc1,5.978810700930062,0
O=[N+]([O-])c1ccc(/C=N/C2CCN(Cc3ccccc3)CC2)cc1,6.045757490560675,1
O=[N+]([O-])c1ccc(/C=N\C2CCN(Cc3ccccc3)C2)cc1,5.608888386297197,0
O=[N+]([O-])c1ccc(CNC2CCN(Cc3ccccc3)C2)cc1,6.130181792020672,1
O=[N+]([O-])c1ccc(CNC2CCN(Cc3ccccc3)CC2)cc1,6.142667503568731,1
O=[N+]([O-])c1ccc(N2CCN(Cc3cc(Br)cc(/C=N/O)c3O)CC2)cc1,3.734946211495985,0
O=[N+]([O-])c1ccc(N2CCN(Cc3cc(Cl)cc(/C=N/O)c3O)CC2)c(Cl)c1,3.6428277422769666,0
O=[N+]([O-])c1ccc(N2CCN(Cc3cc(Cl)cc(/C=N/O)c3O)CC2)cc1,3.676129393459491,0
O=[N+]([O-])c1ccc2c(NCc3ccccc3)c3c(nc2c1)CCCC3,5.319379423197596,0
O=[N+]([O-])c1ccc2c(Nc3ccccc3)c3c(nc2c1)CCCC3,5.318758762624412,0
O=[N+]([O-])c1ccc2c(c1)c(OCc1ccc3ccccc3c1)nn2Cc1ccccc1,5.200659450546418,0
O=[N+]([O-])c1ccc2c(c1)c(OCc1cccc3ccccc13)nn2Cc1cccc2ccccc12,5.173925197299173,0
O=[N+]([O-])c1ccc2c(c1)c(OCc1ccccc1)nn2Cc1ccccc1,5.136677139879544,0
O=[N+]([O-])c1ccc2nc(NCCc3cc[n+](Cc4ccc(F)cc4)cc3)sc2c1,7.017728766960431,1
O=[N+]([O-])c1ccc2nc3c(c(N4CCCCC4)c2c1)CCCC3,5.724688645458189,0
O=[N+]([O-])c1ccc2nc3c(c(N4CCOCC4)c2c1)CCCC3,5.914709421769935,0
O=[N+]([O-])c1ccc2nc3c(c(NCc4ccccc4)c2c1)CCCC3,5.797940446073639,0
O=[N+]([O-])c1ccc2nc3c(c(Nc4[nH]nc5ncccc45)c2c1)CCCC3,6.52432881167557,1
O=[N+]([O-])c1ccc2nc3c(c(Nc4ccccc4)c2c1)CCCC3,5.795880017344075,0
O=[N+]([O-])c1cccc(-c2cnc3cccnc3n2)c1,6.33161408331,1
O=[N+]([O-])c1cccc(-n2cc(COc3ccc(/C=N/Nc4c5c(nc6ccccc46)CCCC5)cc3)nn2)c1,5.835647144215563,0
O=[N+]([O-])c1ccccc1-c1nnc(Nc2ncccn2)o1,5.470000200122707,0
O=c1[nH]c(=O)c2nc[nH]c2[nH]1,5.045757490560675,0
O=c1[nH]c(CCCO)nc2ccccc12,3.809388202186395,0
O=c1[nH]c(COCCC2CCN(Cc3ccccc3)CC2)nc2c1cnn2C1CCCC1,6.651695136951839,1
O=c1[nH]c2cc(Cl)ccc2c(=O)n1CCC1CCN(Cc2ccccc2)CC1,8.346787486224656,1
O=c1[nH]c2cc(Cl)ccc2n1C1CCN(Cc2cc(Cl)cc(/C=N/O)c2O)CC1,2.3821612522829962,0
O=c1[nH]c2ccc(OCc3ccc(F)cc3)cc2c(=O)o1,4.1180450286604,0
O=c1[nH]c2ccccc2c(=O)n1CCC1CCN(Cc2ccccc2)CC1,8.3767507096021,1
O=c1c(-c2ccc(OCCCCN3CCC(Cc4ccccc4)CC3)cc2)coc2cc(OCCCCN3CCC(Cc4ccccc4)CC3)cc(O)c12,5.136677139879544,0
O=c1c(-c2ccc(OCCCCN3CCCCC3)cc2)coc2cc(OCCCCN3CCCCC3)cc(O)c12,6.09151498112135,1
O=c1c(-c2ccc(OCCCCN3CCN(Cc4ccccc4)CC3)cc2)coc2cc(OCCCCN3CCN(Cc4ccccc4)CC3)cc(O)c12,4.600326278518962,0
O=c1c(-c2ccc(OCCCCN3CCc4ccccc4C3)cc2)coc2cc(OCCCCN3CCc4ccccc4C3)cc(O)c12,5.09151498112135,0
O=c1c(/C=N/Nc2ccc(C(F)(F)F)cc2)coc2c1ccc1oc(-c3ccc(Cl)cc3)cc12,5.284318117920506,0
O=c1c(/C=N/Nc2ccc(C(F)(F)F)cc2)coc2c1ccc1oc(-c3cccc(F)c3)cc12,4.982966660701219,0
O=c1c(/C=N/Nc2ccc(C(F)(F)F)cc2)coc2cc3oc(-c4cccc(Cl)c4)cc3cc12,4.73754891026957,0
O=c1c(/C=N/Nc2ccc(C(F)(F)F)cc2)coc2cc3oc(-c4cccc(F)c4)cc3cc12,5.119186407719209,0
O=c1c(NCCCCCCCc2c3c(nc4ccccc24)CCCC3)c(NCCCCCCCc2c3c(nc4ccccc24)CCCC3)c1=O,7.886056647693163,1
O=c1c(NCCCCc2c3c(nc4cc(Cl)ccc24)CCCC3)c(NCCCCc2c3c(nc4ccc(Cl)cc24)CCCC3)c1=O,8.698970004336019,1
O=c1c(O)c(-c2cc(O)c(O)c(O)c2)oc2cc(O)cc(O)c12,7.920818753952375,1
O=c1c(O)c(-c2ccc(Cl)cc2)oc2cc(F)c(I)cc12,8.462180904926726,1
O=c1c(O)c(-c2ccc(F)cc2)oc2cc(F)c(I)cc12,8.490797477668897,1
O=c1c(O)c(-c2ccc(O)c(O)c2)oc2cc(O)cc(O)c12,4.493637768919969,0
O=c1c(O)c(-c2ccc(O)c(O)c2)oc2cc(O)ccc12,7.920818753952375,1
O=c1c(O)c(-c2ccccc2)oc2cc(Br)c(I)cc12,5.0,0
O=c1c(O)c(-c2ccccc2)oc2cc(O)cc(O)c12,7.920818753952375,1
O=c1c(OC2O[C@H](CO)[C@H](O)[C@H](O)[C@H]2O)c(-c2ccc(O)cc2)oc2cc(O)cc(O)c12,7.920818753952375,1
O=c1c2cc(Cl)ccc2oc2ccc(OCCCCCN3CCCCCC3)cc12,6.920818753952375,1
O=c1c2cc(OCCCN3CCCCC3)ccc2nc2n1CCC2,6.1233112843731545,1
O=c1c2cc(OCCCN3CCCCC3)ccc2nc2n1CCCC2,6.647904358161432,1
O=c1c2cc(OCCCN3CCCCC3)ccc2nc2n1CCCCC2,6.0860934825929816,1
O=c1c2cc(OCCCN3CCCCC3)ccc2nc2n1CCCc1ccccc1-2,6.271824879842358,1
O=c1c2cc(OCCCN3CCCCC3)ccc2nc2n1CCc1ccccc1-2,6.664773535620469,1
O=c1c2cc(OCCCN3CCCCC3)ccc2nc2n1Cc1ccccc1-2,6.846354909692845,1
O=c1c2cc(OCCCn3ccnc3)ccc2nc2n1CCCc1ccccc1-2,4.2479757664087785,0
O=c1c2ccc(OCCCCCCCNc3c4c(nc5ccccc35)CCCC4)cc2oc2ncccc12,6.548213564475709,1
O=c1c2ccccc2[se]n1-c1ccc(CN2CCCCC2)cc1,4.964570261815451,0
O=c1c2ccccc2[se]n1-c1ccc(OCCN2CCCCC2)cc1,4.961379838050298,0
O=c1c2ccccc2[se]n1-c1ccccc1,5.207608310501746,0
O=c1c2ccccc2[se]n1CCCCCCNc1c2c(nc3ccccc13)CCCC2,7.709520186669327,1
O=c1c2ccccc2ccn1CCC1CCN(Cc2ccccc2)CC1,5.958607314841775,0
O=c1c2ccccc2nc2n1C(C1CN=Cc3[nH]c4ccccc4c31)CC2O,4.3929741215652145,0
O=c1c2ccccc2nc2n1C(c1cncc3[nH]c4ccccc4c13)CC2O,4.151810883008602,0
O=c1c2ccccc2nc2n1CCC2,4.298892075325632,0
O=c1c2ccccc2nc2n1CCC2O,4.115771230367396,0
O=c1c2ccccc2nc2n1CC[C@@H]2[C@@H]1CCCN1,5.243363891754152,0
O=c1c2ccccc2ncn1CCC1CCN(Cc2ccccc2)CC1,5.920818753952375,0
O=c1c2ccccc2oc2ccc(OCCCCCN3CCCCCC3)cc12,6.406713932979542,1
O=c1cc(-c2ccc(CN3CCCCC3)cc2)oc2ccccc12,7.259637310505756,1
O=c1cc(-c2ccc(O)cc2)oc2cc(O)cc(O)c12,6.69339632394812,1
O=c1cc(-c2ccc(O)cc2)oc2cccc(OCc3ccccc3)c12,6.148130399270234,1
O=c1cc(-c2ccc(O)cc2)oc2ccccc12,5.823908740944319,0
O=c1cc(-c2ccc(OCCCCN3CCC(Cc4ccccc4)CC3)cc2)oc2cc(OCCCCN3CCC(Cc4ccccc4)CC3)cc(O)c12,6.173925197299173,1
O=c1cc(-c2ccc(OCCCCN3CCN(Cc4ccccc4)CC3)cc2)oc2cc(OCCCCN3CCN(Cc4ccccc4)CC3)cc(O)c12,6.0,1
O=c1cc(-c2ccc(OCCCCN3CCc4ccccc4C3)cc2)oc2cc(OCCCCN3CCc4ccccc4C3)cc(O)c12,6.229147988357855,1
O=c1cc(/N=N/N=P(CCP(=N/N=N/c2cc(=O)oc3ccccc23)(c2ccccc2)c2ccccc2)(c2ccccc2)c2ccccc2)c2ccccc2o1,7.456428576037634,1
O=c1cc(Cl)c2ccc(OCCNC3CCN(Cc4ccccc4)CC3)cc2o1,5.690369832574101,0
O=c1ccc2cc(/N=C/c3ccc(Br)cc3)ccc2o1,7.244887733604929,1
O=c1ccc2cc(/N=C/c3ccc(Cl)cc3)ccc2o1,7.102922996790579,1
O=c1ccc2cc(/N=C/c3ccc(F)cc3)ccc2o1,6.645891560852599,1
O=c1ccc2cc(/N=C/c3ccccc3)ccc2o1,6.941573975542994,1
O=c1ccc2cc3ccoc3cc2o1,5.188424994129407,0
O=c1ccc2ccc(O)cc2o1,1.5376020021010435,0
O=c1ccoc2ccc(OCCCCCN3CCCC3)cc12,5.142667503568731,0
O=c1ccoc2ccc(OCCCCCN3CCOCC3)cc12,4.016824927962187,0
O=c1ccoc2ccc(OCCCCN3CCCC3)cc12,5.427128397799519,0
O=c1ccoc2ccc(OCCCCN3CCCCC3)cc12,5.253365801062421,0
O=c1ccoc2ccc(OCCCN3CCCCC3)cc12,4.798602875679548,0
O=c1ccoc2ccc(OCCCN3CCCCCC3)cc12,4.97469413473523,0
O=c1ccoc2ccc(Oc3ccccc3)cc12,5.522878745280337,0
O=c1nc2sc3ccccc3n2c2ncccc12,5.555955204081924,0
O=c1oc2cc(OCCCCN3CCC(Cc4ccccc4)CC3)ccc2c2c1CCCC2,5.036212172654444,0
O=c1oc2cc(OCCCCN3CCC(Cc4ccccc4)CC3)ccc2c2ccccc12,4.847711655616943,0
O=c1oc2cc(OCCCCN3CCN(Cc4ccccc4)CC3)ccc2c2c1CCCC2,5.1938200260161125,0
O=c1oc2cc(OCCCCN3CCN(Cc4ccccc4)CC3)ccc2c2ccccc12,5.086186147616283,0
O=c1oc2cc(OCCCN3CCC(Cc4ccccc4)CC3)ccc2c2c1CCCC2,5.366531544420413,0
O=c1oc2cc(OCCCN3CCC(Cc4ccccc4)CC3)ccc2c2ccccc12,5.3872161432802645,0
O=c1oc2cc(OCCCN3CCN(Cc4ccccc4)CC3)ccc2c2c1CCCC2,6.045757490560675,1
O=c1oc2cc(OCCCN3CCN(Cc4ccccc4)CC3)ccc2c2ccccc12,6.096910013008056,1
O=c1oc2cc(OCCN3CCC(Cc4ccccc4)CC3)ccc2c2c1CCCC2,5.09151498112135,0
O=c1oc2cc(OCCN3CCC(Cc4ccccc4)CC3)ccc2c2ccccc12,4.698970004336019,0
O=c1oc2cc(OCCN3CCN(Cc4ccccc4)CC3)ccc2c2c1CCCC2,5.886056647693163,0
O=c1oc2cc(OCCN3CCN(Cc4ccccc4)CC3)ccc2c2ccccc12,6.045757490560675,1
O=c1oc2cc(OCCNC3CCN(Cc4ccccc4)CC3)ccc2c2c1CCCC2,5.863279432843593,0
OC(CNCc1cccc(OCc2ccccc2)c1)Cn1cc(Br)c2cc(Br)ccc21,5.040958607678906,0
OC1CCN(Cc2ccc(OCCCN3CCCCC3)cc2)CC1,5.638272163982407,0
OC1CCN2Cc3ccccc3N=C12,4.863913902615902,0
OCC1CCN(Cc2ccc(OCCCN3CCCCC3)cc2)CC1,5.958607314841775,0
OCCC1CCN(Cc2ccc(OCCCN3CCCCC3)cc2)CC1,6.455931955649724,1
OCCCCCCCCc1ccc(CN2CCCC2)c(O)c1,4.3223930472795065,0
OCCCCCCCCc1ccc(CN2CCCCC2)c(O)c1,4.522878745280337,0
OCCCCCCCCc1ccc(CN2CCCCCC2)c(O)c1,3.1051303432547472,0
OCCN1CCN(c2nccc(NC(c3ccccc3)c3ccccc3)n2)CC1,4.665546248849069,0
OCCN1CCN(c2nccc(NCc3cccc4ccccc34)n2)CC1,5.008773924307505,0
OCCN1CCN(c2nccc(NCc3ccccc3)n2)CC1,4.578396073130169,0
OC[C@H]1O[C@@H](OCCCCc2cn(CCCCc3ccc(O)c(/C=N/O)n3)nn2)[C@H](O)[C@@H](O)[C@@H]1O,3.236572006437063,0
OC[C@H]1O[C@@H](OCCCCc2cn(CCCc3ccc(O)c(/C=N/O)n3)nn2)[C@H](O)[C@@H](O)[C@@H]1O,2.795880017344075,0
OC[C@H]1O[C@@H](OCCCc2ccc(O)c(/C=N/O)n2)[C@H](O)[C@@H](O)[C@@H]1O,3.853871964321762,0
OCc1cc(-c2ccccc2)nnc1NCCN1CCOCC1,3.356547323513812,0
OCc1cc2cc(OCCCC3CCN(Cc4ccccc4)CC3)ccc2[nH]1,4.866461091629782,0
O[C@H]1[C@H]2c3cc4c(cc3CN3CCC(=C[C@@H]1O)[C@H]23)OCO4,3.809668301829708,0
Oc1c(CNCCCCCCCCCNc2c3c(nc4ccccc24)CCCC3)cc(Cl)c2cccnc12,9.0,1
Oc1c(CNCCCCCCCCCNc2c3c(nc4ccccc24)CCCC3)ccc2cccnc12,8.259637310505756,1
Oc1c(Cl)cc(Cl)c(Cl)c1Cc1c(O)c(Cl)cc(Cl)c1Cl,5.520727088223143,0
Oc1cc(/C=N/c2c3c(nc4ccccc24)CCCC3)cc(O)c1O,5.982966660701219,0
Oc1cc(O)cc(/C=C/c2ccc(Nc3c4c(nc5cc(Cl)ccc35)CCCC4)cc2)c1,5.055517327849831,0
Oc1cc(O)cc(CCc2ccc(Nc3c4c(nc5cc(Cl)ccc35)CCCC4)cc2)c1,5.886056647693163,0
Oc1cc(O)cc(Oc2c(O)cc(O)c3c2Oc2c(O)cc(O)cc2O3)c1,4.67226126255081,0
Oc1cc(O)cc(Oc2c(O)cc(O)c3c2Oc2c(O)cc(Oc4c(O)cc(Oc5c(O)cc(O)c6c5Oc5c(O)cc(O)cc5O6)cc4O)cc2O3)c1,4.6307841425898575,0
Oc1cc(O)cc(Oc2c(O)cc(O)c3c2Oc2c(O)cc4oc5c(Oc6cc(O)cc(O)c6)c(O)cc(O)c5c4c2O3)c1,4.026410376572743,0
Oc1cc(O)cc(Oc2c(O)cc(O)c3c2Oc2c(OCc4ccccc4)cc(O)cc2O3)c1,4.396855627379818,0
Oc1cc(O)cc(Oc2c(O)cc(O)c3c2Oc2c(OCc4ccccc4)cc(Oc4c(O)cc(Oc5c(O)cc(O)c6c5Oc5c(O)cc(O)cc5O6)cc4O)cc2O3)c1,4.377785977033705,0
Oc1cc(O)cc(Oc2c(O)cc(O)c3c2Oc2c(OCc4ccccc4)cc4oc5c(Oc6cc(O)cc(O)c6)c(O)cc(O)c5c4c2O3)c1,4.634512015109101,0
Oc1cc(O)cc(Oc2c(O)cc(O)c3c2Oc2c(cc(O)c(-c4c(O)cc5c(c4O)Oc4c(Oc6cc(O)cc(O)c6)c(O)cc(O)c4O5)c2O)O3)c1,5.338187314462738,0
Oc1cc(O)cc(Oc2cc(O)c(O)c3c2Oc2c(O)cc(Oc4c(O)cc(Oc5c(O)cc(O)c6c5Oc5c(O)cc(O)cc5O6)cc4O)cc2O3)c1,5.244887733604928,0
Oc1cc2c(cc1O)-c1cc3ccc(O)c(O)c3c[n+]1CC2,5.638272163982407,0
Oc1ccc(-c2nnc(N3CCN(c4ccccn4)CC3)o2)c(O)c1,5.872895201635192,0
Oc1ccc(-c2nnc(N3CCN(c4ccccn4)CC3)o2)cc1,5.928117992693874,0
Oc1ccc(-c2nnc(Nc3ncccn3)o2)cc1,5.760000207113128,0
Oc1ccc(-c2oc3cc(O)c4c5c3c2-c2cc(O)cc(O)c2[C@H](c2ccc(O)cc2)[C@@H]5[C@H](c2ccc(O)cc2)[C@@H]4c2cc(O)cc(O)c2)cc1,5.075720713938118,0
Oc1ccc(/C=N/C2CCN(Cc3ccccc3)CC2)c(O)c1,5.585026652029182,0
Oc1ccc(/C=N/C2CCN(Cc3ccccc3)CC2)cc1,5.318758762624412,0
Oc1ccc(/C=N/c2c3c(nc4ccccc24)CCCC3)cc1,5.831207979685818,0
Oc1ccc(/C=N/c2c3c(nc4ccccc24)CCCC3)cc1O,6.215382707367125,1
Oc1ccc(/C=N\C2CCN(Cc3ccccc3)C2)c(O)c1,5.434270212168872,0
Oc1ccc(/C=N\C2CCN(Cc3ccccc3)C2)cc1,5.249645911237292,0
Oc1ccc(C2CC(c3ccccc3O)=Nc3ccccc3S2)cc1,5.3872161432802645,0
Oc1ccc(CCOCCCCCNc2c3c(nc4ccccc24)CCCC3)cc1,6.847711655616943,1
Oc1ccc(CCOCCCCCNc2c3c(nc4ccccc24)CCCC3)cc1O,6.266000713461613,1
Oc1ccc(CN2CCC(c3cc4ccccc4o3)CC2)cc1,4.457299030551889,0
Oc1ccc(CNC2CCN(Cc3ccccc3)C2)c(O)c1,5.817585347565446,0
Oc1ccc(CNC2CCN(Cc3ccccc3)C2)cc1,5.757458571701616,0
Oc1ccc(CNC2CCN(Cc3ccccc3)CC2)c(O)c1,5.638272163982407,0
Oc1ccc(CNC2CCN(Cc3ccccc3)CC2)cc1,5.3979400086720375,0
Oc1ccc(CNCCCCCCNc2c3c(nc4ccccc24)CCCC3)cc1O,7.537602002101044,1
Oc1ccc(CNc2c3c(nc4ccccc24)CCCC3)cc1O,7.0,1
Oc1ccc2[nH]c3c(c2c1)C[PH](Cc1cccc2ccccc12)(c1ccccc1)CC3,5.584359020103846,0
Oc1ccc2c(CCC3CCN(Cc4ccccc4)CC3)noc2c1,7.586034696957087,1
Oc1ccc2c3c1O[C@H]1C[C@@H](O)C=C[C@@]31CCNC2,5.844663962534938,0
Oc1cccc(C2=Nc3ccccc3SC(c3ccc(Cl)cc3)C2)c1,4.72584215073632,0
Oc1cccc(C2=Nc3ccccc3SC(c3cccc(O)c3)C2)c1,4.148130399270234,0
Oc1cccc(C2=Nc3ccccc3SC(c3ccccc3)C2)c1,4.3979400086720375,0
Oc1cccc(C2=Nc3ccccc3SC(c3ccccc3F)C2)c1,4.151195298948196,0
Oc1cccc(C2=Nc3ccccc3SC(c3cccs3)C2)c1,5.229147988357855,0
Oc1cccc(CCCCCCCCNc2c3c(nc4cc(Cl)ccc24)CCCC3)c1,8.377785977033705,1
Oc1cccc(CCCCCCCCNc2c3c(nc4ccccc24)CCCC3)c1,7.71669877129645,1
Oc1cccc2ccc(/C=C/C3=CCN(Cc4ccccc4C(F)(F)F)CC3)nc12,3.79317412396815,0
Oc1cccc2nc3c(O)cccc3nc12,5.3448615651886175,0
Oc1ccccc1-c1nnc(N2CCN(c3ccccn3)CC2)o1,5.910094888560602,0
Oc1ccccc1/C=N/C1CCN(Cc2ccccc2)CC1,5.552841968657781,0
Oc1ccccc1CNC1CCN(Cc2ccccc2)C1,5.646276062411051,0
Oc1ccccc1CNC1CCN(Cc2ccccc2)CC1,5.619788758288394,0
Oc1nc2ccccc2n1CCNCc1ccc(CN2CCCCC2)o1,5.920818753952375,0
S=C(CCCCCCCNc1c2c(nc3ccccc13)CCCC2)NCCc1c[nH]c2ccccc12,14.301029995663981,1
S=C(CCCCCNc1c2c(nc3ccccc13)CCCC2)NCCc1c[nH]c2ccccc12,14.301029995663981,1
S=C(NCCCCNC(=S)Nc1c2c(nc3c1CCC3)CCCC2)Nc1c2c(nc3c1CCC3)CCCC2,5.123205023799299,0
S=C(NCCCCNc1c2c(nc3ccccc13)CCCC2)Nc1c[nH]c2ccccc12,7.6020599913279625,1
S=C(NCCN1CCCCC1)Nc1cccc(Cl)c1,3.721246399047171,0
S=C(NCc1ccccc1)NNc1c2c(nc3ccccc13)CCCC2,6.661543506395395,1
S=C(NNc1c2c(nc3ccccc13)CCCC2)Nc1ccc(Br)cc1,6.243363891754152,1
S=C(NNc1c2c(nc3ccccc13)CCCC2)Nc1ccc(Cl)cc1,6.104577453960593,1
S=C(NNc1c2c(nc3ccccc13)CCCC2)Nc1ccccc1,6.214670164989233,1
S=C1/C(=C/c2ccccc2)Oc2ccccc21,5.1944991418416,0
[O-]/[N+](=C\c1ccc2cccc(O)c2n1)Cc1ccccc1,7.537602002101044,1
[O-][S+]1CCN(c2nccc(NCc3ccccc3)n2)CC1,4.899629454882437,0
[O-]c1cc2c3c(c1)c1cc4c(cc1c[n+]3CC2)OCO4,5.414539270491499,0
c1cc(-c2cc3c(cn2)[nH]c2ncc(-c4ccc(CN5CCCCC5)cc4)cc23)ccn1,6.1095789811990855,1
c1cc(-c2cc3c(cn2)[nH]c2ncc(-c4ccc(CN5CCCCC5)cc4)cc23)cnn1,5.984221243610959,0
c1cc(-c2cnc3[nH]c4cnc(-c5cnoc5)cc4c3c2)ccc1CN1CCCCC1,6.1811145854059895,1
c1cc(C[N+]23CCC(CC2)CC3)cc(-c2cccc(C[N+]34CCC(CC3)CC4)c2)c1,6.207608310501746,1
c1cc(C[n+]2ccc(N3CCCCC3)cc2)cc(-c2cccc(C[n+]3ccc(N4CCCCC4)cc3)c2)c1,7.221848749616356,1
c1cc(C[n+]2ccc(N3CCCCC3)cc2)ccc1C[n+]1ccc(N2CCCCC2)cc1,7.1249387366083,1
c1cc(C[n+]2ccc3ccccc3c2)cc(C[n+]2ccc3ccccc3c2)c1,5.096910013008056,0
c1cc(C[n+]2cccc3ccccc32)cc(C[n+]2cccc3ccccc32)c1,4.3979400086720375,0
c1cc(OCCCN2CCCCC2)ccc1CN1CCCCC1,5.494850021680094,0
c1cc2[nH]c3nc(NCCCCCCN4CCCC4)nnc3c2cc1N1CCCCC1,6.494850021680094,1
c1cc2c(cc1OCCCN1CCCCC1)CN1CCCC1=N2,7.091682250348338,1
c1cc2c(cc1OCCCN1CCCCC1)CN1CCCCC1=N2,6.647817481888637,1
c1cc2c(cc1OCCCN1CCCCC1)CN1CCCCCC1=N2,6.086186147616283,1
c1cc2cc3c(cc2c([C@H]2Oc4ccc5c(c4O2)OCO5)n1)OCO3,4.1073489661227,0
c1cc[n+](CCCCCCCCCCCC[n+]2cccc3ccccc32)cc1,8.327902142064282,1
c1cc[n+](CCCCCCCCCCC[n+]2ccc3ccccc3c2)cc1,7.522878745280337,1
c1cc[n+](CCCCCCCCCCC[n+]2cccc3ccccc32)cc1,7.769551078621726,1
c1cc[n+](CCCCCCCCCCC[n+]2ccccc2)cc1,6.154901959985743,1
c1cc[n+](CCCCCCCCCC[n+]2ccc3ccccc3c2)cc1,7.698970004336019,1
c1cc[n+](CCCCCCCCCC[n+]2cccc3ccccc32)cc1,8.301029995663981,1
c1cc[n+](CCCCCCCCCC[n+]2ccccc2)cc1,6.3979400086720375,1
c1cc[n+](CCCCCCCCC[n+]2ccc3ccccc3c2)cc1,7.3979400086720375,1
c1cc[n+](CCCCCCCCC[n+]2cccc3ccccc32)cc1,6.920818753952375,1
c1cc[n+](CCCCCCCCC[n+]2ccccc2)cc1,5.698970004336019,0
c1cc[n+](CCCCCCCC[n+]2ccc3ccccc3c2)cc1,6.853871964321762,1
c1cc[n+](CCCCCCCC[n+]2cccc3ccccc32)cc1,6.568636235841012,1
c1cc[n+](CCCCCCCC[n+]2ccccc2)cc1,4.508638306165727,0
c1cc[n+](CCCCCCC[n+]2ccc3ccccc3c2)cc1,6.096910013008056,1
c1cc[n+](CCCCCCC[n+]2cccc3ccccc32)cc1,6.267606240177031,1
c1cc[n+](CCCCCCC[n+]2ccccc2)cc1,3.6179829574251317,0
c1cc[n+](CCCCCC[n+]2ccccc2)cc1,4.200659450546418,0
c1cc[n+](CCCCC[n+]2ccccc2)cc1,2.8961962790440428,0
c1cc[n+](CCCC[n+]2ccccc2)cc1,3.296708621881338,0
c1cc[n+](CCOCC[n+]2ccccc2)cc1,2.6968039425795114,0
c1cc[n+](COC[n+]2ccccc2)cc1,2.7520267336381936,0
c1cc[n+](Cc2ccc(C[n+]3ccccc3)cc2)cc1,2.8124792791635365,0
c1cc[n+](Cc2ccc3ccc(C[n+]4ccccc4)cc3c2)cc1,6.698970004336019,1
c1cc[n+](Cc2cccc(C[n+]3ccccc3)c2)cc1,2.6270879970298937,0
c1cc[n+](Cc2ccccc2C[n+]2ccccc2)cc1,3.1965428843515857,0
c1ccc(-c2cc(-c3ccccc3)c(NCCN3CCOCC3)nn2)cc1,3.585026652029182,0
c1ccc(-c2ccc(NCCCCCN3CCc4ccccc4C3)nn2)cc1,4.327902142064283,0
c1ccc(-c2ccc(NCCCCCN3Cc4ccccc4CN3)nn2)cc1,5.0,0
c1ccc(-c2ccc(NCCCCN3CCc4ccccc4C3)nn2)cc1,4.823908740944319,0
c1ccc(-c2ccc(NCCCN3CCOCC3)nn2)cc1,3.3872161432802645,0
c1ccc(-c2ccc(NCCCN3CCc4ccccc4C3)nn2)cc1,4.455931955649724,0
c1ccc(-c2ccc(NCCN3CCCCC3)nn2)cc1,4.886056647693163,0
c1ccc(-c2ccc(NCCN3CCOCC3)nn2)cc1,3.0,0
c1ccc(-c2ccc(NCCN3CCc4ccccc4C3)nn2)cc1,4.080921907623926,0
c1ccc(-c2ccc(NCN3CCCCC3)nc2)cc1,4.886056647693163,0
c1ccc(-c2cnc(NCN3CCCCC3)nc2)cc1,4.0,0
c1ccc(-c2cnc(NCN3CCCCC3)nn2)cc1,4.221848749616356,0
c1ccc(-c2ncc(NCN3CCCCC3)nn2)cc1,4.2441251443275085,0
c1ccc(-c2nn(-c3ccccc3)cc2-c2nc(-c3ccccc3)c(-c3ccccc3)n2-c2ccccc2)cc1,4.3851027839668655,0
c1ccc(-c2nnc(N3CCN(c4ccccn4)CC3)o2)cc1,6.467245621007502,1
c1ccc(-c2nnc(NCN3CCCCC3)s2)cc1,4.267606240177032,0
c1ccc(-c2nnc(Nc3ncccn3)o2)cc1,5.689999562814496,0
c1ccc(C(Nc2ccnc(N3CCN(C4CCCCC4)CC3)n2)c2ccccc2)cc1,5.0,0
c1ccc(C(Nc2ccnc(N3CCNCC3)n2)c2ccccc2)cc1,4.504455662453552,0
c1ccc(C2=NNC(NCN3CCCCC3)=NC2)cc1,4.327902142064283,0
c1ccc(CCCCCNc2c3c(nc4ccccc24)CCCC3)nc1,6.823908740944319,1
c1ccc(CCCCCSc2c3c(nc4ccccc24)CCCC3)nc1,3.886056647693163,0
c1ccc(CCCCN2CCCc3[nH]c4ccccc4c3C2)cc1,4.698970004336019,0
c1ccc(CCNc2ccnc(N3CCCC3)n2)cc1,5.008773924307505,0
c1ccc(CCNc2ccnc(N3CCOCC3)n2)cc1,4.705533773838407,0
c1ccc(CCNc2ccnc(N3CCSCC3)n2)cc1,4.578396073130169,0
c1ccc(CCNc2nc(NC3CC3)nc3ccccc23)cc1,5.065501548756432,0
c1ccc(CN2CCC(CCCc3noc4ccccc34)CC2)cc1,6.546818232205526,1
c1ccc(CN2CCC(CCN3CCc4ccccc4C3)CC2)cc1,5.795880017344075,0
c1ccc(CN2CCC(CCN=c3[nH]nc(-c4ccccc4)c4ccccc34)CC2)cc1,6.356547323513812,1
c1ccc(CN2CCC(CCN=c3cc4c(n[nH]3)-c3ccccc3C4)CC2)cc1,7.130768280269024,1
c1ccc(CN2CCC(CCNc3cc4c(nn3)-c3ccccc3CC4)CC2)cc1,6.721246399047171,1
c1ccc(CN2CCC(CCNc3cc4c(nn3)-c3ccccc3CCC4)CC2)cc1,6.920818753952375,1
c1ccc(CN2CCC(CCNc3cc4ccc5ccccc5c4nn3)CC2)cc1,6.721246399047171,1
c1ccc(CN2CCC(CCNc3ccc(-c4ccccc4)nn3)CC2)cc1,6.8761875608653,1
c1ccc(CN2CCC(CCNc3noc4ccccc34)CC2)cc1,6.091136304787517,1
c1ccc(CN2CCC(CCOc3ccc(-c4ccccc4)nn3)CC2)cc1,6.1487416512809245,1
c1ccc(CN2CCC(CCSc3ccc(-c4ccccc4)nn3)CC2)cc1,6.327902142064282,1
c1ccc(CN2CCC(CCc3n[nH]c4ccccc34)CC2)cc1,6.920656102123243,1
c1ccc(CN2CCC(CCc3nccc4ccccc34)CC2)cc1,6.6581432821038735,1
c1ccc(CN2CCC(CCc3ncnc4ccccc34)CC2)cc1,6.468761295815979,1
c1ccc(CN2CCC(CCc3noc4cc(C5CCCCC5)ccc34)CC2)cc1,9.100015437450608,1
c1ccc(CN2CCC(CCc3noc4cc(N5CCOCC5)ccc34)CC2)cc1,9.096937159806666,1
c1ccc(CN2CCC(CCc3noc4ccccc34)CC2)cc1,7.162792873877389,1
c1ccc(CN2CCC(CCc3nsc4ccccc34)CC2)cc1,7.004686538125876,1
c1ccc(CN2CCC(CNc3ccc(-c4ccccc4)nn3)CC2)cc1,4.251811972993799,0
c1ccc(CN2CCC(CNc3n[nH]c4ccccc34)CC2)cc1,6.920818753952375,1
c1ccc(CN2CCC(CNc3noc4ccccc34)CC2)cc1,6.4939108618200025,1
c1ccc(CN2CCC(CNc3nsc4ccccc34)CC2)cc1,7.00436480540245,1
c1ccc(CN2CCC(COc3noc4ccccc34)CC2)cc1,5.587013155894141,0
c1ccc(CN2CCC(Cn3cc(CNc4ncnc5ccccc45)nn3)CC2)cc1,5.374687549038326,0
c1ccc(CN2CCC(Cn3cc(CSc4nc5ccccc5[nH]4)nn3)CC2)cc1,5.134896025358872,0
c1ccc(CN2CCC(Nc3ccc(-c4ccccc4)nn3)CC2)cc1,4.187086643357144,0
c1ccc(CN2CCC(Nc3nccc(NCc4ccc5c(c4)OCO5)n3)CC2)cc1,4.899629454882437,0
c1ccc(CN2CCC(c3cc4ccccc4o3)CC2)cc1,5.2949920406666635,0
c1ccc(CN2CCN(c3nc(-c4ccccc4)nc4ccccc34)CC2)cc1,6.718966632752272,1
c1ccc(CN2CCc3[nH]c4ccccc4c3C2)cc1,4.690369832574101,0
c1ccc(CNC2CCN(Cc3ccccc3)C2)cc1,5.9484616094846725,0
c1ccc(CNC2CCN(Cc3ccccc3)CC2)cc1,5.769551078621726,0
c1ccc(CNc2c3c(nc4ccccc24)CCCC3)nc1,5.173925197299173,0
c1ccc(CNc2ccnc(N3CCCC3)n2)cc1,5.060480747381382,0
c1ccc(CNc2ccnc(N3CCN(C4CCCCC4)CC3)n2)cc1,4.640164517660112,0
c1ccc(CNc2ccnc(N3CCNCC3)n2)cc1,4.809668301829708,0
c1ccc(CNc2ccnc(N3CCOCC3)n2)cc1,4.853871964321762,0
c1ccc(CNc2ccnc(N3CCSCC3)n2)cc1,4.634512015109101,0
c1ccc(CNc2ccnc(NC3CCN(Cc4ccccc4)CC3)n2)cc1,4.906578314837765,0
c1ccc(CNc2nc(NC3CC3)nc3ccccc23)cc1,5.180456064458131,0
c1ccc(COC[C@H]2NC[C@H](OCc3ccccc3)[C@@H](OCc3ccccc3)[C@@H]2OCc2ccccc2)cc1,4.221848749616356,0
c1ccc(COc2ccc(CCOCCCCCNc3c4c(nc5ccccc35)CCCC4)cc2)cc1,6.342944147142896,1
c1ccc(COc2ccc(CCOCCCCCNc3c4c(nc5ccccc35)CCCC4)cc2OCc2ccccc2)cc1,6.2958494831602,1
c1ccc(COc2nn(Cc3ccccc3)c3ccccc23)cc1,5.537602002101044,0
c1ccc(C[n+]2ccc3[nH]c4ccccc4c3c2)cc1,5.065501548756432,0
c1ccc(C[n+]2ccc3ccccc3c2)c(C[n+]2ccc3ccccc3c2)c1,3.6020599913279625,0
c1ccc(C[n+]2cccc3ccccc32)c(C[n+]2cccc3ccccc32)c1,4.455931955649724,0
c1ccc(NCCCCCCCCCCCCNc2c3c(nc4ccccc24)CCCC3)cc1,6.583359492661719,1
c1ccc2[nH]c(-c3ccc(OCCN4CCCC4)cc3)nc2c1,5.671620396561263,0
c1ccc2[nH]c(-c3ccc(OCCN4CCCCC4)cc3)nc2c1,5.987162775294828,0
c1ccc2[nH]c(N3CCCCC3)nc2c1,4.22767829327708,0
c1ccc2c(CNc3ccnc(N4CCCC4)n3)cccc2c1,5.259637310505756,0
c1ccc2c(CNc3ccnc(N4CCN(C5CCCCC5)CC4)n3)cccc2c1,5.096910013008056,0
c1ccc2c(CNc3ccnc(N4CCNCC4)n3)cccc2c1,4.756961951313706,0
c1ccc2c(CNc3ccnc(N4CCOCC4)n3)cccc2c1,4.8326826652518236,0
c1ccc2c(CNc3ccnc(N4CCSCC4)n3)cccc2c1,4.892790030352131,0
c1ccc2c(NCCCCCCCCCCN3CCOCC3)c3c(nc2c1)CCCC3,7.546681659952962,1
c1ccc2c(NCCCCCCCCCCNc3ccncc3)c3c(nc2c1)CCCC3,6.75448733218585,1
c1ccc2c(NCCCCCCCCCN3CCOCC3)c3c(nc2c1)CCCC3,7.468521082957745,1
c1ccc2c(NCCCCCCCCCNc3c4c(nc5ccccc35)CCCC4)ccnc2c1,7.42021640338319,1
c1ccc2c(NCCCCCCCCCNc3ccncc3)c3c(nc2c1)CCCC3,7.080921907623926,1
c1ccc2c(NCCCCCCCCN3CCOCC3)c3c(nc2c1)CCCC3,7.782516055786093,1
c1ccc2c(NCCCCCCCCNc3c4c(nc5ccccc35)CCC4)c3c(nc2c1)CCC3,7.657577319177793,1
c1ccc2c(NCCCCCCCCNc3c4c(nc5ccccc35)CCCC4)c3c(nc2c1)CCCC3,8.795880017344075,1
c1ccc2c(NCCCCCCCCNc3c4c(nc5ccccc35)CCCC4)ccnc2c1,8.05551732784983,1
c1ccc2c(NCCCCCCCCNc3c4c(nc5ccccc35)CCCCC4)c3c(nc2c1)CCCCC3,8.795880017344075,1
c1ccc2c(NCCCCCCCCNc3ccncc3)c3c(nc2c1)CCCC3,7.866461091629782,1
c1ccc2c(NCCCCCCCN3CCOCC3)c3c(nc2c1)CCCC3,7.351639989019068,1
c1ccc2c(NCCCCCCCNc3c4c(nc5ccccc35)CCC4)c3c(nc2c1)CCC3,7.1249387366083,1
c1ccc2c(NCCCCCCCNc3c4c(nc5ccccc35)CCCC4)c3c(nc2c1)CCCC3,9.131285879516078,1
c1ccc2c(NCCCCCCCNc3c4c(nc5ccccc35)CCCC4)ccnc2c1,7.995678626217357,1
c1ccc2c(NCCCCCCCNc3c4c(nc5ccccc35)CCCCC4)c3c(nc2c1)CCCCC3,8.568636235841012,1
c1ccc2c(NCCCCCCCNc3ccncc3)c3c(nc2c1)CCCC3,7.892790030352131,1
c1ccc2c(NCCCCCCN3CCOCC3)c3c(nc2c1)CCCC3,7.161780778092374,1
c1ccc2c(NCCCCCCNc3c4c(nc5ccccc35)CCC4)c3c(nc2c1)CCC3,6.939302159646388,1
c1ccc2c(NCCCCCCNc3c4c(nc5ccccc35)CCCC4)c3c(nc2c1)CCCC3,8.853871964321762,1
c1ccc2c(NCCCCCCNc3c4c(nc5ncccc35)CCCCC4)c3c(nc2c1)CCCCC3,8.602059991327963,1
c1ccc2c(NCCCCCSSCCCCCNc3c4c(nc5ccccc35)CCCC4)c3c(nc2c1)CCCC3,8.790484985457368,1
c1ccc2c(NCCCCC[Se]CCCCCNc3c4c(nc5ccccc35)CCCC4)c3c(nc2c1)CCCC3,8.647817481888637,1
c1ccc2c(NCCCCC[Se][Se]CCCCCNc3c4c(nc5ccccc35)CCCC4)c3c(nc2c1)CCCC3,8.578396073130168,1
c1ccc2c(NCCN3CCOCC3)c3c(nc2c1)CCCC3,7.031517051446064,1
c1ccc2c(NCCOCCOCCNc3c4c(nc5ccccc35)CCCC4)c3c(nc2c1)CCCC3,7.7055337738384075,1
c1ccc2c(NCCSSCCNc3c4c(nc5ccccc35)CCCC4)c3c(nc2c1)CCCC3,8.297569463554474,1
c1ccc2c(NCCc3ccc(OCCCN4CCCCC4)cc3)c3c(nc2c1)CCCC3,8.585026652029182,1
c1ccc2c(NCc3ccc(-c4ccc(CNc5c6c(nc7ccccc57)CCCC6)cc4)cc3)c3c(nc2c1)CCCC3,8.442492798094342,1
c1ccc2c(c1)-c1ccccc1C2NC1CCCCC1,4.854492828590337,0
c1ccc2c(c1)CCCN1Cc3cc(OCCCN4CCCCC4)ccc3N=C21,6.2716462179787715,1
c1ccc2c(c1)CCN1Cc3cc(OCCCN4CCCCC4)ccc3N=C21,6.665546248849068,1
c1ccc2c(c1)CN1CCCC1=N2,5.559986789365965,0
c1ccc2c(c1)CN1CCCCC1=N2,5.436518914605589,0
c1ccc2c(c1)CN1CCCCCC1=N2,5.424812155072338,0
c1ccc2c(c1)CN1CCCCCCC1=N2,5.036212172654444,0
c1ccc2c(c1)CN1CCCCCCCC1=N2,4.869344650977969,0
c1ccc2c(c1)CN1CCc3c([nH]c4ccccc34)C1=N2,5.468521082957745,0
c1ccc2c(c1)CN1Cc3cc(OCCCN4CCCCC4)ccc3N=C21,6.847711655616943,1
c1ccc2c(c1)CN[C@@H](CN(CC[C@H]1CCCNC1)[C@H]1CCCc3cccnc31)C2,4.97061622231479,0
c1ccc2c(c1)Cc1c-2nc2ccccc2c1NCCCCCCCNc1c2c(nc3ccccc13)-c1ccccc1C2,6.341988603342887,1
c1ccc2c(c1)Cc1c-2nc2ccccc2c1NCCCCCCCNc1c2c(nc3ccccc13)CCCC2,7.856985199745905,1
c1ccc2c(c1)Nc1ccccc1S2,5.136677139879544,0
c1ccc2c(c1)Nc1ccccc1[Se]2,5.251811972993799,0
c1ccc2c(c1)[nH]c1c[n+](CCCCCCCCCCCC[n+]3ccc4c(c3)[nH]c3ccccc34)ccc12,4.0655015487564325,0
c1ccc2c(c1)[nH]c1ccncc12,4.669586226650809,0
c1ccc2c(c1)c(OCC1CCCCC1)nn2CC1CCCCC1,5.1487416512809245,0
c1ccc2c(c1)c1cnccc1n2CCCCCCCCCn1c2ccccc2c2cnccc21,7.096910013008056,1
c1ccc2c(c1)cc1ccc3cccc4ccc2c1c34,4.552841968657781,0
c1ccc2c(c1)ccc[n+]2CCCCCCCCCCCC[n+]1cccc2ccccc21,7.698970004336019,1
c1ccc2c(c1)ccc[n+]2CCCCCCCCCCC[n+]1cccc2ccccc21,8.0,1
c1ccc2c(c1)ccc[n+]2CCCCCCCCCC[n+]1cccc2ccccc21,9.0,1
c1ccc2c(c1)ccc[n+]2CCCCCCCCC[n+]1cccc2ccccc21,7.096910013008056,1
c1ccc2c(c1)ccc[n+]2CCCCCCCC[n+]1cccc2ccccc21,7.096910013008056,1
c1ccc2c(c1)ccc[n+]2CCCCCCC[n+]1cccc2ccccc21,7.045757490560675,1
c1ccc2c(c1)ccc[n+]2CCCCCC[n+]1cccc2ccccc21,4.6020599913279625,0
c1ccc2c(c1)ccc[n+]2CCCCC[n+]1cccc2ccccc21,5.3979400086720375,0
c1ccc2c(c1)ccc[n+]2CCCC[n+]1cccc2ccccc21,4.42021640338319,0
c1ccc2c(c1)ccc[n+]2CCC[n+]1cccc2ccccc21,5.045757490560675,0
c1ccc2c(c1)ccc[n+]2CCOCC[n+]1cccc2ccccc21,4.455931955649724,0
c1ccc2c(c1)ccc[n+]2COC[n+]1cccc2ccccc21,3.3788237182249645,0
c1ccc2c(c1)ccc[n+]2Cc1ccc2ccc(C[n+]3cccc4ccccc43)cc2c1,6.096910013008056,1
c1ccc2c[n+](CCCCCCCCCCCC[n+]3ccc4ccccc4c3)ccc2c1,3.8632794328435933,0
c1ccc2c[n+](CCCCCCCCCCC[n+]3ccc4ccccc4c3)ccc2c1,7.0,1
c1ccc2c[n+](CCCCCCCCCC[n+]3ccc4ccccc4c3)ccc2c1,7.301029995663981,1
c1ccc2c[n+](CCCCCCCCC[n+]3ccc4ccccc4c3)ccc2c1,7.3979400086720375,1
c1ccc2c[n+](CCCCCCCC[n+]3ccc4ccccc4c3)ccc2c1,8.301029995663981,1
c1ccc2c[n+](CCCCCCC[n+]3ccc4ccccc4c3)ccc2c1,6.301029995663981,1
c1ccc2c[n+](CCCCCC[n+]3ccc4ccccc4c3)ccc2c1,6.522878745280337,1
c1ccc2c[n+](CCCCC[n+]3ccc4ccccc4c3)ccc2c1,4.886056647693163,0
c1ccc2c[n+](CCCC[n+]3ccc4ccccc4c3)ccc2c1,4.443697499232712,0
c1ccc2c[n+](CCC[n+]3ccc4ccccc4c3)ccc2c1,3.350665141287858,0
c1ccc2c[n+](CCOCC[n+]3ccc4ccccc4c3)ccc2c1,2.8827287043442356,0
c1ccc2c[n+](COC[n+]3ccc4ccccc4c3)ccc2c1,5.698970004336019,0
c1ccc2c[n+](C[n+]3ccc4ccccc4c3)ccc2c1,3.1844222516757323,0
c1ccc2c[n+](Cc3ccc(C[n+]4ccc5ccccc5c4)cc3)ccc2c1,4.920818753952375,0
c1ccc2c[n+](Cc3ccc4ccc(C[n+]5ccc6ccccc6c5)cc4c3)ccc2c1,6.522878745280337,1
c1ccc2nc3ccccc3cc2c1,5.164943898279883,0
c1ccc2oc(C3CCNCC3)cc2c1,4.21339052735134,0
c1ccc2oc(CN(CCCCCCCNc3c4c(nc5ccccc35)CCC4)Cc3cc4ccccc4o3)cc2c1,6.653647025549361,1
c1ccc2oc(CN(CCCCCCCNc3c4c(nc5ccccc35)CCCC4)Cc3cc4ccccc4o3)cc2c1,6.931814138253838,1
c1ccc2oc(CN(CCCCCCCNc3c4c(nc5ccccc35)CCCCC4)Cc3cc4ccccc4o3)cc2c1,6.698970004336019,1
c1ccc2oc(CN(CCCCCCNc3c4c(nc5ccccc35)CCC4)Cc3cc4ccccc4o3)cc2c1,5.684029654543082,0
c1ccc2oc(CNCCCCCCCNc3c4c(nc5ccccc35)CCC4)cc2c1,7.966576244513051,1
c1ccc2oc(CNCCCCCCCNc3c4c(nc5ccccc35)CCCC4)cc2c1,9.065501548756432,1
c1ccc2oc(CNCCCCCCNc3c4c(nc5ccccc35)CCC4)cc2c1,7.327902142064282,1
c1cnc(-c2cc3c(cn2)[nH]c2ncc(-c4ccc(CN5CCCCC5)cc4)cc23)cn1,5.916139199133427,0
c1cnc(Nc2nnc(-c3cccc4ccccc34)o2)nc1,6.51999305704285,1
c1cnc2nc3c(c(NCCCCCCCCNc4c5c(nc6ncccc46)CCCC5)c2c1)CCCC3,8.721246399047171,1
c1cnc2nc3c(c(NCCCCCCCNc4c5c(nc6ncccc46)CCCC5)c2c1)CCCC3,8.886056647693163,1
c1cnc2nc3c(c(NCCCCCCNc4c5c(nc6ncccc46)CCCC5)c2c1)CCCC3,8.318758762624412,1
c1cncc(-c2cc3c(cn2)[nH]c2ncc(-c4ccc(CN5CCCCC5)cc4)cc23)c1,6.30715308072277,1
c1ncc(-c2cc3c(cn2)[nH]c2ncc(-c4ccc(CN5CCCCC5)cc4)cc23)cn1,6.575118363368933,1
c1ncc(-c2cc3c(cn2)[nH]c2ncc(-c4ccc(CN5CCCCC5)cc4)cc23)o1,6.490797477668897,1
c1ncc(-c2cc3c(cn2)[nH]c2ncc(-c4ccc(CN5CCCCC5)cc4)cc23)s1,6.304518323509802,1
c1nnc(-c2cc3c(cn2)[nH]c2ncc(-c4ccc(CN5CCCCC5)cc4)cc23)o1,6.346787486224656,1
